<?xml version="1.0" encoding="utf-8"?>
<COLLADA xmlns="http://www.collada.org/2005/11/COLLADASchema" version="1.4.1" xmlns:xsi="http://www.w3.org/2001/XMLSchema-instance">
  <asset>
    <contributor>
      <author>Blender User</author>
      <authoring_tool>Blender 3.3.21 commit date:2024-07-15, commit time:08:57, hash:e016c21db151</authoring_tool>
    </contributor>
    <created>2025-04-02T13:13:33</created>
    <modified>2025-04-02T13:13:33</modified>
    <unit name="meter" meter="1"/>
    <up_axis>Z_UP</up_axis>
  </asset>
  <library_effects>
    <effect id="chasis-effect">
      <profile_COMMON>
        <technique sid="common">
          <lambert>
            <emission>
              <color sid="emission">0 0 0 1</color>
            </emission>
            <diffuse>
              <color sid="diffuse">0.1728739 0.1792828 0.184466 1</color>
            </diffuse>
            <index_of_refraction>
              <float sid="ior">1.45</float>
            </index_of_refraction>
          </lambert>
        </technique>
      </profile_COMMON>
    </effect>
  </library_effects>
  <library_images/>
  <library_materials>
    <material id="chasis-material" name="chasis">
      <instance_effect url="#chasis-effect"/>
    </material>
  </library_materials>
  <library_geometries>
    <geometry id="Cube_001-mesh" name="Cube.001">
      <mesh>
        <source id="Cube_001-mesh-positions">
          <float_array id="Cube_001-mesh-positions-array" count="3837">-1.132855 -2.571429 -17.30662 -1.132855 -2.571429 2.693365 -1.132855 -2 -14.30662 -1.132855 2.571429 -17.30662 -1.132855 2 -14.30662 -1.132855 2.571429 2.693365 -1.032855 -2.571429 -17.30662 -1.032855 -2 -14.30662 -1.032855 -2.571429 2.693365 -1.032855 2.571429 -17.30662 -1.032855 2.571429 2.693365 -1.032855 2 -14.30662 -1.132855 2 2.693365 -1.132855 -2 2.693365 -1.132855 -2 -16.30662 -1.132855 2 -16.30662 -1.032855 -2 2.693365 -1.032855 2 2.693365 -1.032855 -2 -16.30662 -1.032855 2 -16.30662 -1.043381 2 -14.30662 -1.042379 2 -14.49709 1.067145 -0.5714285 -9.306626 1.067145 -0.5714285 -5.306627 1.067145 0.5714287 -9.306626 1.067145 0.5714287 -5.306627 1.167145 -0.5714285 -9.306626 1.167145 -0.5714285 -5.306627 1.167145 0.5714287 -9.306626 1.167145 0.5714287 -5.306627 0.9671451 -2.571429 -17.30662 0.9671451 -2.571429 2.693365 0.9671451 2.571429 -17.30662 0.9671451 2.571429 2.693365 1.067145 -2.571429 -17.30662 1.067145 -2.571429 2.693365 1.067145 2.571429 -17.30662 1.067145 2.571429 2.693365 1.166121 1.525144 -7.306627 1.166121 1.495839 -8.348017 1.166121 1.40905 -9.34939 1.166121 1.268111 -10.27226 1.166121 1.07844 -11.08116 1.166121 0.8473247 -11.74501 1.166121 0.5836475 -12.23829 1.166121 0.297541 -12.54206 1.166121 0 -12.64462 1.166121 -0.2975409 -12.54206 1.166121 -0.5836474 -12.23829 1.166121 -0.8473246 -11.74501 1.166121 -1.07844 -11.08116 1.166121 -1.268111 -10.27226 1.166121 -1.409049 -9.34939 1.166121 -1.495839 -8.348017 1.166121 -1.525144 -7.306627 1.166121 -1.495839 -6.265234 1.166121 -1.409049 -5.263861 1.166121 -1.268111 -4.340992 1.166121 -1.07844 -3.532091 1.166121 -0.8473246 -2.868242 1.166121 -0.5836474 -2.374958 1.166121 -0.2975409 -2.071196 1.166121 0 -1.968626 1.166121 0.297541 -2.071196 1.166121 0.5836475 -2.374958 1.166121 0.8473247 -2.868242 1.166121 1.07844 -3.532091 1.166121 1.268111 -4.340992 1.166121 1.40905 -5.263861 1.166121 1.495839 -6.265234 1.699921 0 -7.306627 1.182296 1.344249 -7.317829 1.198472 1.432711 -7.306627 1.214648 1.386495 -7.306627 1.230824 1.340278 -7.306627 1.247 1.294062 -7.306627 1.263175 1.247845 -7.306627 1.279351 1.201629 -7.306627 1.295527 1.155412 -7.306627 1.311703 1.109196 -7.306627 1.327878 1.062979 -7.306627 1.344054 1.016763 -7.306627 1.36023 0.9705463 -7.306627 1.376406 0.9243298 -7.306627 1.392582 0.8781133 -7.306627 1.408757 0.8318967 -7.306627 1.424933 0.7856802 -7.306627 1.441109 0.7394638 -7.306627 1.457285 0.6932473 -7.306627 1.47346 0.6470308 -7.306627 1.489636 0.6008143 -7.306627 1.505812 0.5545979 -7.306627 1.521988 0.5083814 -7.306627 1.538164 0.4621649 -7.306627 1.554339 0.4159484 -7.306627 1.570515 0.369732 -7.306627 1.586691 0.3235155 -7.306627 1.602867 0.277299 -7.306627 1.619042 0.2310824 -7.306627 1.635218 0.184866 -7.306627 1.651394 0.1386495 -7.306627 1.66757 0.09243303 -7.306627 1.683745 0.04621654 -7.306627 1.683745 0.04532849 -7.338184 1.66757 0.09065693 -7.369741 1.651394 0.1359854 -7.401298 1.635218 0.1813138 -7.432856 1.619042 0.2266423 -7.464415 1.602867 0.2719708 -7.49597 1.586691 0.3172993 -7.527529 1.570515 0.3626277 -7.559086 1.554339 0.4079561 -7.590643 1.538163 0.4532846 -7.6222 1.521988 0.498613 -7.653757 1.505812 0.5439414 -7.685316 1.489636 0.5892699 -7.716871 1.47346 0.6345983 -7.748428 1.457285 0.6799268 -7.779987 1.441109 0.7252552 -7.811544 1.424933 0.7705836 -7.843101 1.408757 0.8159121 -7.874659 1.392581 0.8612406 -7.906216 1.376406 0.9065691 -7.937773 1.36023 0.9518976 -7.96933 1.344054 0.9972261 -8.000889 1.327878 1.042555 -8.032446 1.311703 1.087883 -8.064002 1.295527 1.133211 -8.095561 1.279351 1.17854 -8.12712 1.263175 1.223868 -8.158675 1.247 1.269197 -8.190234 1.230824 1.314525 -8.221789 1.214648 1.359854 -8.253348 1.198472 1.405182 -8.284903 1.182296 1.31847 -8.233912 1.683745 0.0426985 -7.368528 1.66757 0.085397 -7.430431 1.651394 0.1280954 -7.492332 1.635218 0.1707939 -7.554235 1.619042 0.2134923 -7.616137 1.602867 0.2561908 -7.678038 1.586691 0.2988893 -7.739941 1.570515 0.3415878 -7.801842 1.554339 0.3842862 -7.863745 1.538163 0.4269847 -7.925646 1.521988 0.4696832 -7.987549 1.505812 0.5123817 -8.049452 1.489636 0.5550801 -8.111353 1.47346 0.5977786 -8.173254 1.457285 0.6404771 -8.235156 1.441109 0.6831755 -8.29706 1.424933 0.725874 -8.358962 1.408757 0.7685725 -8.420863 1.392581 0.811271 -8.482764 1.376406 0.8539694 -8.544665 1.36023 0.8966678 -8.606568 1.344054 0.9393663 -8.668469 1.327878 0.9820648 -8.730372 1.311703 1.024763 -8.792273 1.295527 1.067462 -8.854176 1.279351 1.11016 -8.916077 1.263175 1.152859 -8.977978 1.247 1.195557 -9.039881 1.230824 1.238256 -9.101782 1.214648 1.280954 -9.163685 1.198472 1.323653 -9.225586 1.182296 1.242124 -9.114787 1.683745 0.03842765 -7.396494 1.66757 0.07685524 -7.486362 1.651394 0.1152828 -7.576231 1.635218 0.1537104 -7.666098 1.619042 0.192138 -7.755964 1.602867 0.2305656 -7.845833 1.586691 0.2689933 -7.935701 1.570515 0.3074209 -8.025568 1.554339 0.3458485 -8.115435 1.538163 0.3842761 -8.205306 1.521988 0.4227037 -8.295172 1.505812 0.4611313 -8.385039 1.489636 0.4995589 -8.474909 1.47346 0.5379866 -8.564776 1.457285 0.5764142 -8.654643 1.441109 0.6148418 -8.744509 1.424933 0.6532694 -8.834378 1.408757 0.691697 -8.924244 1.392581 0.7301247 -9.014113 1.376406 0.7685523 -9.103981 1.36023 0.8069799 -9.193848 1.344054 0.8454075 -9.283717 1.327878 0.8838351 -9.373583 1.311703 0.9222628 -9.463452 1.295527 0.9606904 -9.55332 1.279351 0.999118 -9.643187 1.263175 1.037546 -9.733054 1.247 1.075973 -9.82292 1.230824 1.114401 -9.912791 1.214648 1.152828 -10.00266 1.198472 1.191256 -10.09252 1.182296 1.118144 -9.926604 1.683745 0.03268003 -7.421007 1.66757 0.06536006 -7.535387 1.651394 0.09804004 -7.649767 1.635218 0.13072 -7.764147 1.619042 0.1634 -7.878527 1.602867 0.19608 -7.992907 1.586691 0.22876 -8.107287 1.570515 0.26144 -8.221667 1.554339 0.29412 -8.336047 1.538163 0.3268001 -8.450427 1.521988 0.35948 -8.564806 1.505812 0.39216 -8.679184 1.489636 0.42484 -8.793566 1.47346 0.45752 -8.907946 1.457285 0.4902 -9.022326 1.441109 0.52288 -9.136706 1.424933 0.5555599 -9.251086 1.408757 0.58824 -9.365466 1.392581 0.62092 -9.479846 1.376406 0.6536 -9.594225 1.36023 0.68628 -9.708605 1.344054 0.7189599 -9.822985 1.327878 0.7516399 -9.937365 1.311703 0.7843199 -10.05174 1.295527 0.8169999 -10.16612 1.279351 0.8496798 -10.2805 1.263175 0.8823599 -10.39488 1.247 0.9150398 -10.50926 1.230824 0.9477198 -10.62364 1.214648 0.9803998 -10.73802 1.198472 1.01308 -10.8524 1.182296 0.9512967 -10.63817 1.683745 0.02567654 -7.441124 1.66757 0.05135309 -7.575621 1.651394 0.07702958 -7.710115 1.635218 0.102706 -7.844612 1.619042 0.1283826 -7.979109 1.602867 0.1540591 -8.113608 1.586691 0.1797356 -8.248103 1.570515 0.205412 -8.382601 1.554339 0.2310886 -8.517096 1.538163 0.2567651 -8.651593 1.521988 0.2824417 -8.786089 1.505812 0.3081182 -8.920586 1.489636 0.3337947 -9.055081 1.47346 0.3594712 -9.189578 1.457285 0.3851476 -9.324074 1.441109 0.4108242 -9.458571 1.424933 0.4365006 -9.593068 1.408757 0.4621772 -9.727564 1.392581 0.4878536 -9.862059 1.376406 0.5135301 -9.996558 1.36023 0.5392066 -10.13105 1.344054 0.5648831 -10.26555 1.327878 0.5905597 -10.40005 1.311703 0.6162362 -10.53454 1.295527 0.6419127 -10.66904 1.279351 0.6675891 -10.80354 1.263175 0.6932657 -10.93803 1.247 0.7189422 -11.07253 1.230824 0.7446187 -11.20703 1.214648 0.7702952 -11.34152 1.198472 0.7959717 -11.47602 1.182296 0.747992 -11.22214 1.683745 0.01768636 -7.456072 1.66757 0.03537261 -7.605516 1.651394 0.05305892 -7.754961 1.635218 0.07074517 -7.904406 1.619042 0.08843147 -8.053851 1.602867 0.1061177 -8.203295 1.586691 0.123804 -8.35274 1.570515 0.1414903 -8.502184 1.554339 0.1591766 -8.651627 1.538163 0.1768628 -8.801072 1.521988 0.1945492 -8.950516 1.505812 0.2122355 -9.099961 1.489636 0.2299217 -9.249405 1.47346 0.247608 -9.39885 1.457285 0.2652944 -9.548295 1.441109 0.2829806 -9.697739 1.424933 0.300667 -9.847182 1.408757 0.3183532 -9.996626 1.392581 0.3360395 -10.14607 1.376406 0.3537258 -10.29551 1.36023 0.3714121 -10.44496 1.344054 0.3890984 -10.5944 1.327878 0.4067846 -10.74385 1.311703 0.4244709 -10.89329 1.295527 0.4421572 -11.04274 1.279351 0.4598435 -11.19218 1.263175 0.4775297 -11.34163 1.247 0.495216 -11.49107 1.230824 0.5129023 -11.64052 1.214648 0.5305886 -11.78996 1.198472 0.5482749 -11.93941 1.182296 0.5160433 -11.65606 1.683745 0.009016454 -7.465277 1.66757 0.01803284 -7.623926 1.651394 0.02704924 -7.782576 1.635218 0.03606563 -7.941225 1.619042 0.04508203 -8.099875 1.602867 0.05409842 -8.258524 1.586691 0.06311476 -8.417174 1.570515 0.07213115 -8.575823 1.554339 0.08114755 -8.734473 1.538163 0.09016394 -8.893122 1.521988 0.09918034 -9.051772 1.505812 0.1081967 -9.210421 1.489636 0.1172131 -9.369071 1.47346 0.1262295 -9.52772 1.457285 0.1352459 -9.686369 1.441109 0.1442623 -9.845019 1.424933 0.1532787 -10.00367 1.408757 0.1622951 -10.16232 1.392581 0.1713114 -10.32097 1.376406 0.1803278 -10.47962 1.36023 0.1893442 -10.63827 1.344054 0.1983606 -10.79691 1.327878 0.207377 -10.95556 1.311703 0.2163934 -11.11421 1.295527 0.2254098 -11.27286 1.279351 0.2344262 -11.43151 1.263175 0.2434425 -11.59016 1.247 0.252459 -11.74881 1.230824 0.2614754 -11.90746 1.214648 0.2704918 -12.06611 1.198472 0.2795082 -12.22476 1.182296 0.2643643 -11.92327 1.683745 0 -7.468386 1.66757 0 -7.630142 1.651394 0 -7.791899 1.635218 0 -7.953657 1.619042 0 -8.115416 1.602867 0 -8.277174 1.586691 0 -8.438929 1.570515 0 -8.600687 1.554339 0 -8.762446 1.538163 0 -8.924202 1.521988 0 -9.085961 1.505812 0 -9.247719 1.489636 0 -9.409476 1.47346 0 -9.571234 1.457285 0 -9.732989 1.441109 0 -9.894747 1.424933 0 -10.0565 1.408757 0 -10.21826 1.392581 0 -10.38002 1.376406 0 -10.54178 1.36023 0 -10.70353 1.344054 0 -10.86529 1.327878 0 -11.02705 1.311703 0 -11.18881 1.295527 0 -11.35057 1.279351 0 -11.51232 1.263175 0 -11.67408 1.247 0 -11.83584 1.230824 0 -11.9976 1.214648 0 -12.15935 1.198472 0 -12.32111 1.182296 0.002626895 -12.0135 1.683745 -0.009016275 -7.465277 1.66757 -0.01803272 -7.623926 1.651394 -0.02704912 -7.782576 1.635218 -0.03606551 -7.941225 1.619042 -0.04508191 -8.099875 1.602867 -0.0540983 -8.258524 1.586691 -0.0631147 -8.417174 1.570515 -0.07213109 -8.575823 1.554339 -0.08114749 -8.734473 1.538163 -0.09016388 -8.893122 1.521988 -0.09918028 -9.051772 1.505812 -0.1081966 -9.210421 1.489636 -0.117213 -9.369071 1.47346 -0.1262294 -9.52772 1.457285 -0.1352457 -9.686369 1.441109 -0.1442622 -9.845019 1.424933 -0.1532785 -10.00367 1.408757 -0.1622949 -10.16232 1.392581 -0.1713113 -10.32097 1.376406 -0.1803277 -10.47962 1.36023 -0.1893441 -10.63827 1.344054 -0.1983605 -10.79691 1.327878 -0.2073768 -10.95556 1.311703 -0.2163932 -11.11421 1.295527 -0.2254096 -11.27286 1.279351 -0.234426 -11.43151 1.263175 -0.2434424 -11.59016 1.247 -0.2524589 -11.74881 1.230824 -0.2614753 -11.90746 1.214648 -0.2704917 -12.06611 1.198472 -0.2795081 -12.22476 1.182296 -0.2591104 -11.92327 1.683745 -0.01768618 -7.456072 1.66757 -0.03537255 -7.605516 1.651394 -0.0530588 -7.754961 1.635218 -0.07074505 -7.904406 1.619042 -0.08843141 -8.053851 1.602867 -0.1061176 -8.203295 1.586691 -0.1238039 -8.35274 1.570515 -0.1414901 -8.502184 1.554339 -0.1591765 -8.651627 1.538163 -0.1768627 -8.801072 1.521988 -0.194549 -8.950516 1.505812 -0.2122353 -9.099961 1.489636 -0.2299216 -9.249405 1.47346 -0.2476078 -9.39885 1.457285 -0.2652943 -9.548295 1.441109 -0.2829805 -9.697739 1.424933 -0.3006669 -9.847182 1.408757 -0.3183531 -9.996626 1.392581 -0.3360394 -10.14607 1.376406 -0.3537256 -10.29551 1.36023 -0.371412 -10.44496 1.344054 -0.3890982 -10.5944 1.327878 -0.4067845 -10.74385 1.311703 -0.4244709 -10.89329 1.295527 -0.4421571 -11.04274 1.279351 -0.4598433 -11.19218 1.263175 -0.4775296 -11.34163 1.247 -0.4952158 -11.49107 1.230824 -0.5129022 -11.64052 1.214648 -0.5305886 -11.78996 1.198472 -0.5482748 -11.93941 1.182296 -0.5107895 -11.65606 1.683745 -0.02567642 -7.441124 1.66757 -0.05135291 -7.575621 1.651394 -0.0770294 -7.710115 1.635218 -0.102706 -7.844612 1.619042 -0.1283825 -7.979109 1.602867 -0.1540589 -8.113608 1.586691 -0.1797354 -8.248103 1.570515 -0.2054119 -8.382601 1.554339 -0.2310884 -8.517096 1.538163 -0.2567651 -8.651593 1.521988 -0.2824416 -8.786089 1.505812 -0.3081181 -8.920586 1.489636 -0.3337945 -9.055081 1.47346 -0.359471 -9.189578 1.457285 -0.3851475 -9.324074 1.441109 -0.410824 -9.458571 1.424933 -0.4365005 -9.593068 1.408757 -0.462177 -9.727564 1.392581 -0.4878535 -9.862059 1.376406 -0.51353 -9.996558 1.36023 -0.5392065 -10.13105 1.344054 -0.5648829 -10.26555 1.327878 -0.5905596 -10.40005 1.311703 -0.616236 -10.53454 1.295527 -0.6419126 -10.66904 1.279351 -0.667589 -10.80354 1.263175 -0.6932656 -10.93803 1.247 -0.7189421 -11.07253 1.230824 -0.7446186 -11.20703 1.214648 -0.7702951 -11.34152 1.198472 -0.7959716 -11.47602 1.182296 -0.7427382 -11.22214 1.683745 -0.03267997 -7.421007 1.66757 -0.06535989 -7.535387 1.651394 -0.09803992 -7.649767 1.635218 -0.1307199 -7.764147 1.619042 -0.1633998 -7.878527 1.602867 -0.1960799 -7.992907 1.586691 -0.2287599 -8.107287 1.570515 -0.2614399 -8.221667 1.554339 -0.2941199 -8.336047 1.538163 -0.3267999 -8.450427 1.521988 -0.3594799 -8.564806 1.505812 -0.3921599 -8.679184 1.489636 -0.4248399 -8.793566 1.47346 -0.4575198 -8.907946 1.457285 -0.4901999 -9.022326 1.441109 -0.5228798 -9.136706 1.424933 -0.5555598 -9.251086 1.408757 -0.5882399 -9.365466 1.392581 -0.6209199 -9.479846 1.376406 -0.6535999 -9.594225 1.36023 -0.6862798 -9.708605 1.344054 -0.7189598 -9.822985 1.327878 -0.7516398 -9.937365 1.311703 -0.7843198 -10.05174 1.295527 -0.8169997 -10.16612 1.279351 -0.8496797 -10.2805 1.263175 -0.8823597 -10.39488 1.247 -0.9150397 -10.50926 1.230824 -0.9477198 -10.62364 1.214648 -0.9803997 -10.73802 1.198472 -1.01308 -10.8524 1.182296 -0.9460428 -10.63817 1.683745 -0.03842753 -7.396494 1.66757 -0.07685512 -7.486362 1.651394 -0.1152827 -7.576231 1.635218 -0.1537103 -7.666098 1.619042 -0.192138 -7.755964 1.602867 -0.2305656 -7.845833 1.586691 -0.2689932 -7.935701 1.570515 -0.3074208 -8.025568 1.554339 -0.3458484 -8.115435 1.538163 -0.384276 -8.205306 1.521988 -0.4227036 -8.295172 1.505812 -0.4611312 -8.385039 1.489636 -0.4995589 -8.474909 1.47346 -0.5379865 -8.564776 1.457285 -0.5764141 -8.654643 1.441109 -0.6148416 -8.744509 1.424933 -0.6532692 -8.834378 1.408757 -0.6916968 -8.924244 1.392581 -0.7301245 -9.014113 1.376406 -0.7685521 -9.103981 1.36023 -0.8069798 -9.193848 1.344054 -0.8454074 -9.283717 1.327878 -0.883835 -9.373583 1.311703 -0.9222626 -9.463452 1.295527 -0.9606902 -9.55332 1.279351 -0.9991179 -9.643187 1.263175 -1.037546 -9.733054 1.247 -1.075973 -9.82292 1.230824 -1.1144 -9.912791 1.214648 -1.152828 -10.00266 1.198472 -1.191256 -10.09252 1.182296 -1.112891 -9.926604 1.683745 -0.04269844 -7.368528 1.66757 -0.08539682 -7.430431 1.651394 -0.1280953 -7.492332 1.635218 -0.1707938 -7.554235 1.619042 -0.2134923 -7.616137 1.602867 -0.2561907 -7.678038 1.586691 -0.2988892 -7.739941 1.570515 -0.3415877 -7.801842 1.554339 -0.3842861 -7.863745 1.538163 -0.4269846 -7.925646 1.521988 -0.4696831 -7.987549 1.505812 -0.5123816 -8.049452 1.489636 -0.5550801 -8.111353 1.47346 -0.5977785 -8.173254 1.457285 -0.640477 -8.235156 1.441109 -0.6831755 -8.29706 1.424933 -0.7258739 -8.358962 1.408757 -0.7685724 -8.420863 1.392581 -0.8112709 -8.482764 1.376406 -0.8539693 -8.544665 1.36023 -0.8966678 -8.606568 1.344054 -0.9393663 -8.668469 1.327878 -0.9820648 -8.730372 1.311703 -1.024763 -8.792273 1.295527 -1.067462 -8.854176 1.279351 -1.11016 -8.916077 1.263175 -1.152859 -8.977978 1.247 -1.195557 -9.039881 1.230824 -1.238256 -9.101782 1.214648 -1.280954 -9.163685 1.198472 -1.323653 -9.225586 1.182296 -1.23687 -9.114787 1.683745 -0.04532843 -7.338184 1.66757 -0.09065681 -7.369741 1.651394 -0.1359853 -7.401298 1.635218 -0.1813136 -7.432856 1.619042 -0.2266421 -7.464415 1.602867 -0.2719707 -7.49597 1.586691 -0.3172991 -7.527529 1.570515 -0.3626276 -7.559086 1.554339 -0.407956 -7.590643 1.538163 -0.4532845 -7.6222 1.521988 -0.4986128 -7.653757 1.505812 -0.5439413 -7.685316 1.489636 -0.5892698 -7.716871 1.47346 -0.6345982 -7.748428 1.457285 -0.6799266 -7.779987 1.441109 -0.7252551 -7.811544 1.424933 -0.7705836 -7.843101 1.408757 -0.815912 -7.874659 1.392581 -0.8612406 -7.906216 1.376406 -0.906569 -7.937773 1.36023 -0.9518975 -7.96933 1.344054 -0.9972259 -8.000889 1.327878 -1.042554 -8.032446 1.311703 -1.087883 -8.064002 1.295527 -1.133211 -8.095561 1.279351 -1.17854 -8.12712 1.263175 -1.223868 -8.158675 1.247 -1.269197 -8.190234 1.230824 -1.314525 -8.221789 1.214648 -1.359854 -8.253348 1.198472 -1.405182 -8.284903 1.182296 -1.313216 -8.233912 1.683745 -0.04621642 -7.306627 1.66757 -0.09243291 -7.306627 1.651394 -0.1386494 -7.306627 1.635218 -0.1848658 -7.306627 1.619042 -0.2310823 -7.306627 1.602867 -0.2772989 -7.306627 1.586691 -0.3235154 -7.306627 1.570515 -0.3697319 -7.306627 1.554339 -0.4159483 -7.306627 1.538163 -0.4621648 -7.306627 1.521988 -0.5083813 -7.306627 1.505812 -0.5545978 -7.306627 1.489636 -0.6008144 -7.306627 1.47346 -0.6470309 -7.306627 1.457285 -0.6932474 -7.306627 1.441109 -0.739464 -7.306627 1.424933 -0.7856805 -7.306627 1.408757 -0.831897 -7.306627 1.392581 -0.8781135 -7.306627 1.376406 -0.9243299 -7.306627 1.36023 -0.9705464 -7.306627 1.344054 -1.016763 -7.306627 1.327878 -1.062979 -7.306627 1.311703 -1.109196 -7.306627 1.295527 -1.155412 -7.306627 1.279351 -1.201629 -7.306627 1.263175 -1.247845 -7.306627 1.247 -1.294062 -7.306627 1.230824 -1.340278 -7.306627 1.214648 -1.386494 -7.306627 1.198472 -1.432711 -7.306627 1.182296 -1.338995 -7.317829 1.683745 -0.04532843 -7.275068 1.66757 -0.09065681 -7.243513 1.651394 -0.1359853 -7.211954 1.635218 -0.1813136 -7.180397 1.619042 -0.2266421 -7.14884 1.602867 -0.2719707 -7.117283 1.586691 -0.3172991 -7.085726 1.570515 -0.3626276 -7.054169 1.554339 -0.407956 -7.022612 1.538163 -0.4532845 -6.991053 1.521988 -0.4986128 -6.959496 1.505812 -0.5439413 -6.927938 1.489636 -0.5892698 -6.896381 1.47346 -0.6345982 -6.864824 1.457285 -0.6799266 -6.833267 1.441109 -0.7252551 -6.80171 1.424933 -0.7705836 -6.770151 1.408757 -0.815912 -6.738594 1.392581 -0.8612406 -6.707037 1.376406 -0.906569 -6.67548 1.36023 -0.9518975 -6.643923 1.344054 -0.9972259 -6.612366 1.327878 -1.042554 -6.580809 1.311703 -1.087883 -6.54925 1.295527 -1.133211 -6.517693 1.279351 -1.17854 -6.486135 1.263175 -1.223868 -6.454578 1.247 -1.269197 -6.423021 1.230824 -1.314525 -6.391462 1.214648 -1.359854 -6.359907 1.198472 -1.405182 -6.328348 1.182296 -1.313216 -6.401751 1.683745 -0.04269844 -7.244726 1.66757 -0.08539682 -7.182823 1.651394 -0.1280953 -7.120922 1.635218 -0.1707938 -7.059019 1.619042 -0.2134923 -6.997118 1.602867 -0.2561907 -6.935215 1.586691 -0.2988892 -6.873314 1.570515 -0.3415877 -6.811411 1.554339 -0.3842861 -6.74951 1.538163 -0.4269846 -6.687607 1.521988 -0.4696831 -6.625706 1.505812 -0.5123816 -6.563803 1.489636 -0.5550801 -6.501902 1.47346 -0.5977785 -6.440001 1.457285 -0.640477 -6.378098 1.441109 -0.6831755 -6.316195 1.424933 -0.7258739 -6.254293 1.408757 -0.7685724 -6.192392 1.392581 -0.8112709 -6.130489 1.376406 -0.8539693 -6.068586 1.36023 -0.8966678 -6.006685 1.344054 -0.9393663 -5.944784 1.327878 -0.9820648 -5.882881 1.311703 -1.024763 -5.82098 1.295527 -1.067462 -5.759077 1.279351 -1.11016 -5.697176 1.263175 -1.152859 -5.635273 1.247 -1.195557 -5.573372 1.230824 -1.238256 -5.511469 1.214648 -1.280954 -5.449568 1.198472 -1.323653 -5.387667 1.182296 -1.23687 -5.520874 1.683745 -0.03842753 -7.216759 1.66757 -0.07685512 -7.126892 1.651394 -0.1152827 -7.037024 1.635218 -0.1537103 -6.947157 1.619042 -0.192138 -6.857288 1.602867 -0.2305656 -6.76742 1.586691 -0.2689932 -6.677553 1.570515 -0.3074208 -6.587685 1.554339 -0.3458484 -6.497818 1.538163 -0.384276 -6.407949 1.521988 -0.4227036 -6.318083 1.505812 -0.4611312 -6.228214 1.489636 -0.4995589 -6.138346 1.47346 -0.5379865 -6.048479 1.457285 -0.5764141 -5.958611 1.441109 -0.6148416 -5.868744 1.424933 -0.6532692 -5.778875 1.408757 -0.6916968 -5.689009 1.392581 -0.7301245 -5.59914 1.376406 -0.7685521 -5.509272 1.36023 -0.8069798 -5.419405 1.344054 -0.8454074 -5.329538 1.327878 -0.883835 -5.23967 1.311703 -0.9222626 -5.149801 1.295527 -0.9606902 -5.059935 1.279351 -0.9991179 -4.970066 1.263175 -1.037546 -4.880198 1.247 -1.075973 -4.790331 1.230824 -1.1144 -4.700464 1.214648 -1.152828 -4.610596 1.198472 -1.191256 -4.520727 1.182296 -1.112891 -4.709055 1.683745 -0.03267997 -7.192247 1.66757 -0.06535989 -7.077867 1.651394 -0.09803992 -6.963488 1.635218 -0.1307199 -6.849108 1.619042 -0.1633998 -6.734728 1.602867 -0.1960799 -6.620348 1.586691 -0.2287599 -6.505968 1.570515 -0.2614399 -6.391588 1.554339 -0.2941199 -6.277208 1.538163 -0.3267999 -6.162828 1.521988 -0.3594799 -6.048449 1.505812 -0.3921599 -5.934069 1.489636 -0.4248399 -5.819689 1.47346 -0.4575198 -5.705309 1.457285 -0.4901999 -5.590929 1.441109 -0.5228798 -5.476549 1.424933 -0.5555598 -5.362169 1.408757 -0.5882399 -5.247789 1.392581 -0.6209199 -5.133409 1.376406 -0.6535999 -5.01903 1.36023 -0.6862798 -4.90465 1.344054 -0.7189598 -4.79027 1.327878 -0.7516398 -4.67589 1.311703 -0.7843198 -4.56151 1.295527 -0.8169997 -4.44713 1.279351 -0.8496797 -4.33275 1.263175 -0.8823597 -4.21837 1.247 -0.9150397 -4.103991 1.230824 -0.9477198 -3.989611 1.214648 -0.9803997 -3.875231 1.198472 -1.01308 -3.760851 1.182296 -0.9460428 -3.997488 1.683745 -0.02567642 -7.172131 1.66757 -0.05135291 -7.037634 1.651394 -0.0770294 -6.903137 1.635218 -0.102706 -6.76864 1.619042 -0.1283825 -6.634144 1.602867 -0.1540589 -6.499647 1.586691 -0.1797354 -6.365152 1.570515 -0.2054119 -6.230654 1.554339 -0.2310884 -6.096159 1.538163 -0.2567651 -5.961662 1.521988 -0.2824416 -5.827166 1.505812 -0.3081181 -5.692669 1.489636 -0.3337945 -5.558172 1.47346 -0.359471 -5.423676 1.457285 -0.3851475 -5.289179 1.441109 -0.410824 -5.154684 1.424933 -0.4365005 -5.020185 1.408757 -0.462177 -4.885691 1.392581 -0.4878535 -4.751194 1.376406 -0.51353 -4.616697 1.36023 -0.5392065 -4.482201 1.344054 -0.5648829 -4.347702 1.327878 -0.5905596 -4.213205 1.311703 -0.616236 -4.078711 1.295527 -0.6419126 -3.944212 1.279351 -0.667589 -3.809717 1.263175 -0.6932656 -3.67522 1.247 -0.7189421 -3.540724 1.230824 -0.7446186 -3.406227 1.214648 -0.7702951 -3.27173 1.198472 -0.7959716 -3.137234 1.182296 -0.7427382 -3.413521 1.683745 -0.01768618 -7.157183 1.66757 -0.03537255 -7.007738 1.651394 -0.0530588 -6.858294 1.635218 -0.07074505 -6.708849 1.619042 -0.08843141 -6.559404 1.602867 -0.1061176 -6.40996 1.586691 -0.1238039 -6.260515 1.570515 -0.1414901 -6.111071 1.554339 -0.1591765 -5.961626 1.538163 -0.1768627 -5.812181 1.521988 -0.194549 -5.662737 1.505812 -0.2122353 -5.513292 1.489636 -0.2299216 -5.363848 1.47346 -0.2476078 -5.214403 1.457285 -0.2652943 -5.064959 1.441109 -0.2829805 -4.915514 1.424933 -0.3006669 -4.766069 1.408757 -0.3183531 -4.616625 1.392581 -0.3360394 -4.46718 1.376406 -0.3537256 -4.317736 1.36023 -0.371412 -4.168291 1.344054 -0.3890982 -4.018846 1.327878 -0.4067845 -3.869404 1.311703 -0.4244709 -3.719957 1.295527 -0.4421571 -3.570513 1.279351 -0.4598433 -3.421068 1.263175 -0.4775296 -3.271624 1.247 -0.4952158 -3.122179 1.230824 -0.5129022 -2.972734 1.214648 -0.5305886 -2.82329 1.198472 -0.5482748 -2.673847 1.182296 -0.5107895 -2.979595 1.683745 -0.009016275 -7.147978 1.66757 -0.01803272 -6.989328 1.651394 -0.02704912 -6.830679 1.635218 -0.03606551 -6.672029 1.619042 -0.04508191 -6.51338 1.602867 -0.0540983 -6.354731 1.586691 -0.0631147 -6.196081 1.570515 -0.07213109 -6.037432 1.554339 -0.08114749 -5.878782 1.538163 -0.09016388 -5.720133 1.521988 -0.09918028 -5.561483 1.505812 -0.1081966 -5.402834 1.489636 -0.117213 -5.244184 1.47346 -0.1262294 -5.085535 1.457285 -0.1352457 -4.926886 1.441109 -0.1442622 -4.768236 1.424933 -0.1532785 -4.609587 1.408757 -0.1622949 -4.450937 1.392581 -0.1713113 -4.292288 1.376406 -0.1803277 -4.133638 1.36023 -0.1893441 -3.974989 1.344054 -0.1983605 -3.816339 1.327878 -0.2073768 -3.657688 1.311703 -0.2163932 -3.499041 1.295527 -0.2254096 -3.340391 1.279351 -0.234426 -3.18174 1.263175 -0.2434424 -3.02309 1.247 -0.2524589 -2.864443 1.230824 -0.2614753 -2.705793 1.214648 -0.2704917 -2.547142 1.198472 -0.2795081 -2.388494 1.182296 -0.2591104 -2.712385 1.683745 0 -7.144869 1.66757 0 -6.983112 1.651394 0 -6.821354 1.635218 0 -6.659597 1.619042 0 -6.497839 1.602867 0 -6.336081 1.586691 0 -6.174324 1.570515 0 -6.012566 1.554339 0 -5.850809 1.538163 0 -5.689051 1.521988 0 -5.527294 1.505812 0 -5.365536 1.489636 0 -5.203779 1.47346 0 -5.042021 1.457285 0 -4.880262 1.441109 0 -4.718506 1.424933 0 -4.556747 1.408757 0 -4.394989 1.392581 0 -4.233232 1.376406 0 -4.071474 1.36023 0 -3.909718 1.344054 0 -3.747959 1.327878 0 -3.586201 1.311703 0 -3.424444 1.295527 0 -3.262686 1.279351 0 -3.100929 1.263175 0 -2.939171 1.247 0 -2.777414 1.230824 0 -2.615656 1.214648 0 -2.453899 1.198472 0 -2.292141 1.182296 0.002626895 -2.622158 1.683745 0.009016454 -7.147978 1.66757 0.01803284 -6.989328 1.651394 0.02704924 -6.830679 1.635218 0.03606563 -6.672029 1.619042 0.04508203 -6.51338 1.602867 0.05409842 -6.354731 1.586691 0.06311476 -6.196081 1.570515 0.07213115 -6.037432 1.554339 0.08114755 -5.878782 1.538163 0.09016394 -5.720133 1.521988 0.09918034 -5.561483 1.505812 0.1081967 -5.402834 1.489636 0.1172131 -5.244184 1.47346 0.1262295 -5.085535 1.457285 0.1352459 -4.926886 1.441109 0.1442623 -4.768236 1.424933 0.1532787 -4.609587 1.408757 0.1622951 -4.450937 1.392581 0.1713114 -4.292288 1.376406 0.1803278 -4.133638 1.36023 0.1893442 -3.974989 1.344054 0.1983606 -3.816339 1.327878 0.207377 -3.657688 1.311703 0.2163934 -3.499041 1.295527 0.2254098 -3.340391 1.279351 0.2344262 -3.18174 1.263175 0.2434425 -3.02309 1.247 0.252459 -2.864443 1.230824 0.2614754 -2.705793 1.214648 0.2704918 -2.547142 1.198472 0.2795082 -2.388494 1.182296 0.2643643 -2.712385 1.683745 0.01768636 -7.157183 1.66757 0.03537261 -7.007738 1.651394 0.05305892 -6.858294 1.635218 0.07074517 -6.708849 1.619042 0.08843147 -6.559404 1.602867 0.1061177 -6.40996 1.586691 0.123804 -6.260515 1.570515 0.1414903 -6.111071 1.554339 0.1591766 -5.961626 1.538163 0.1768628 -5.812181 1.521988 0.1945492 -5.662737 1.505812 0.2122355 -5.513292 1.489636 0.2299217 -5.363848 1.47346 0.247608 -5.214403 1.457285 0.2652944 -5.064959 1.441109 0.2829806 -4.915514 1.424933 0.300667 -4.766069 1.408757 0.3183532 -4.616625 1.392581 0.3360395 -4.46718 1.376406 0.3537258 -4.317736 1.36023 0.3714121 -4.168291 1.344054 0.3890984 -4.018846 1.327878 0.4067846 -3.869404 1.311703 0.4244709 -3.719957 1.295527 0.4421572 -3.570513 1.279351 0.4598435 -3.421068 1.263175 0.4775297 -3.271624 1.247 0.495216 -3.122179 1.230824 0.5129023 -2.972734 1.214648 0.5305886 -2.82329 1.198472 0.5482749 -2.673847 1.182296 0.5160433 -2.979595 1.683745 0.02567654 -7.172131 1.66757 0.05135309 -7.037634 1.651394 0.07702958 -6.903137 1.635218 0.102706 -6.76864 1.619042 0.1283826 -6.634144 1.602867 0.1540591 -6.499647 1.586691 0.1797356 -6.365152 1.570515 0.205412 -6.230654 1.554339 0.2310886 -6.096159 1.538163 0.2567651 -5.961662 1.521988 0.2824417 -5.827166 1.505812 0.3081182 -5.692669 1.489636 0.3337947 -5.558172 1.47346 0.3594712 -5.423676 1.457285 0.3851476 -5.289179 1.441109 0.4108242 -5.154684 1.424933 0.4365006 -5.020185 1.408757 0.4621772 -4.885691 1.392581 0.4878536 -4.751194 1.376406 0.5135301 -4.616697 1.36023 0.5392066 -4.482201 1.344054 0.5648831 -4.347702 1.327878 0.5905597 -4.213205 1.311703 0.6162362 -4.078711 1.295527 0.6419127 -3.944212 1.279351 0.6675891 -3.809717 1.263175 0.6932657 -3.67522 1.247 0.7189422 -3.540724 1.230824 0.7446187 -3.406227 1.214648 0.7702952 -3.27173 1.198472 0.7959717 -3.137234 1.182296 0.747992 -3.413521 1.683745 0.03268003 -7.192247 1.66757 0.06536006 -7.077867 1.651394 0.09804004 -6.963488 1.635218 0.13072 -6.849108 1.619042 0.1634 -6.734728 1.602867 0.19608 -6.620348 1.586691 0.22876 -6.505968 1.570515 0.26144 -6.391588 1.554339 0.29412 -6.277208 1.538163 0.3268001 -6.162828 1.521988 0.35948 -6.048449 1.505812 0.39216 -5.934069 1.489636 0.42484 -5.819689 1.47346 0.45752 -5.705309 1.457285 0.4902 -5.590929 1.441109 0.52288 -5.476549 1.424933 0.5555599 -5.362169 1.408757 0.58824 -5.247789 1.392581 0.62092 -5.133409 1.376406 0.6536 -5.01903 1.36023 0.68628 -4.90465 1.344054 0.7189599 -4.79027 1.327878 0.7516399 -4.67589 1.311703 0.7843199 -4.56151 1.295527 0.8169999 -4.44713 1.279351 0.8496798 -4.33275 1.263175 0.8823599 -4.21837 1.247 0.9150398 -4.103991 1.230824 0.9477198 -3.989611 1.214648 0.9803998 -3.875231 1.198472 1.01308 -3.760851 1.182296 0.9512967 -3.997488 1.683745 0.03842765 -7.216759 1.66757 0.07685524 -7.126892 1.651394 0.1152828 -7.037024 1.635218 0.1537104 -6.947157 1.619042 0.192138 -6.857288 1.602867 0.2305656 -6.76742 1.586691 0.2689933 -6.677553 1.570515 0.3074209 -6.587685 1.554339 0.3458485 -6.497818 1.538163 0.3842761 -6.407949 1.521988 0.4227037 -6.318083 1.505812 0.4611313 -6.228214 1.489636 0.4995589 -6.138346 1.47346 0.5379866 -6.048479 1.457285 0.5764142 -5.958611 1.441109 0.6148418 -5.868744 1.424933 0.6532694 -5.778875 1.408757 0.691697 -5.689009 1.392581 0.7301247 -5.59914 1.376406 0.7685523 -5.509272 1.36023 0.8069799 -5.419405 1.344054 0.8454075 -5.329538 1.327878 0.8838351 -5.23967 1.311703 0.9222628 -5.149801 1.295527 0.9606904 -5.059935 1.279351 0.999118 -4.970066 1.263175 1.037546 -4.880198 1.247 1.075973 -4.790331 1.230824 1.114401 -4.700464 1.214648 1.152828 -4.610596 1.198472 1.191256 -4.520727 1.182296 1.118144 -4.709055 1.683745 0.0426985 -7.244726 1.66757 0.085397 -7.182823 1.651394 0.1280954 -7.120922 1.635218 0.1707939 -7.059019 1.619042 0.2134923 -6.997118 1.602867 0.2561908 -6.935215 1.586691 0.2988893 -6.873314 1.570515 0.3415878 -6.811411 1.554339 0.3842862 -6.74951 1.538163 0.4269847 -6.687607 1.521988 0.4696832 -6.625706 1.505812 0.5123817 -6.563803 1.489636 0.5550801 -6.501902 1.47346 0.5977786 -6.440001 1.457285 0.6404771 -6.378098 1.441109 0.6831755 -6.316195 1.424933 0.725874 -6.254293 1.408757 0.7685725 -6.192392 1.392581 0.811271 -6.130489 1.376406 0.8539694 -6.068586 1.36023 0.8966678 -6.006685 1.344054 0.9393663 -5.944784 1.327878 0.9820648 -5.882881 1.311703 1.024763 -5.82098 1.295527 1.067462 -5.759077 1.279351 1.11016 -5.697176 1.263175 1.152859 -5.635273 1.247 1.195557 -5.573372 1.230824 1.238256 -5.511469 1.214648 1.280954 -5.449568 1.198472 1.323653 -5.387667 1.182296 1.242124 -5.520874 1.683745 0.04532849 -7.275068 1.66757 0.09065693 -7.243513 1.651394 0.1359854 -7.211954 1.635218 0.1813138 -7.180397 1.619042 0.2266423 -7.14884 1.602867 0.2719708 -7.117283 1.586691 0.3172993 -7.085726 1.570515 0.3626277 -7.054169 1.554339 0.4079561 -7.022612 1.538163 0.4532846 -6.991053 1.521988 0.498613 -6.959496 1.505812 0.5439414 -6.927938 1.489636 0.5892699 -6.896381 1.47346 0.6345983 -6.864824 1.457285 0.6799268 -6.833267 1.441109 0.7252552 -6.80171 1.424933 0.7705836 -6.770151 1.408757 0.8159121 -6.738594 1.392581 0.8612406 -6.707037 1.376406 0.9065691 -6.67548 1.36023 0.9518976 -6.643923 1.344054 0.9972261 -6.612366 1.327878 1.042555 -6.580809 1.311703 1.087883 -6.54925 1.295527 1.133211 -6.517693 1.279351 1.17854 -6.486135 1.263175 1.223868 -6.454578 1.247 1.269197 -6.423021 1.230824 1.314525 -6.391462 1.214648 1.359854 -6.359907 1.198472 1.405182 -6.328348 1.182296 1.31847 -6.401751 1.183073 1.47671 -7.306627 1.183073 1.448336 -8.314948 1.183073 1.364302 -9.28452 1.183073 1.22784 -10.17808 1.183073 1.044192 -10.96129 1.183073 0.8204163 -11.60406 1.183073 0.5651126 -12.08168 1.183073 0.288092 -12.3758 1.183073 0 -12.47511 1.183073 -0.2880918 -12.3758 1.183073 -0.5651125 -12.08168 1.183073 -0.8204162 -11.60406 1.183073 -1.044192 -10.96129 1.183073 -1.22784 -10.17808 1.183073 -1.364302 -9.28452 1.183073 -1.448336 -8.314948 1.183073 -1.47671 -7.306627 1.183073 -1.448336 -6.298305 1.183073 -1.364302 -5.328733 1.183073 -1.22784 -4.435171 1.183073 -1.044192 -3.651958 1.183073 -0.8204162 -3.009191 1.183073 -0.5651125 -2.531572 1.183073 -0.2880918 -2.237455 1.183073 0 -2.138145 1.183073 0.288092 -2.237455 1.183073 0.5651126 -2.531572 1.183073 0.8204163 -3.009191 1.183073 1.044192 -3.651958 1.183073 1.22784 -4.435171 1.183073 1.364302 -5.328733 1.183073 1.448336 -6.298305 1.166121 0.9628823 -11.41309 1.182296 0.8496443 -10.93015 1.198472 0.9045258 -11.16421 1.214648 0.8753474 -11.03977 1.230824 0.8461693 -10.91533 1.247 0.8169911 -10.7909 1.263175 0.7878127 -10.66646 1.279351 0.7586345 -10.54202 1.295527 0.7294562 -10.41758 1.311703 0.7002781 -10.29314 1.327878 0.6710998 -10.1687 1.344054 0.6419215 -10.04427 1.36023 0.6127433 -9.919829 1.376406 0.5835651 -9.79539 1.392581 0.5543868 -9.670952 1.408757 0.5252085 -9.546515 1.424933 0.4960303 -9.422076 1.441109 0.4668521 -9.297638 1.457285 0.4376739 -9.173199 1.47346 0.4084956 -9.048762 1.489636 0.3793173 -8.924324 1.505812 0.3501391 -8.799885 1.521988 0.3209608 -8.675448 1.538163 0.2917826 -8.551009 1.554339 0.2626043 -8.426573 1.570515 0.233426 -8.302134 1.586691 0.2042478 -8.177695 1.602867 0.1750695 -8.053256 1.619042 0.1458913 -7.928818 1.635218 0.116713 -7.80438 1.651394 0.08753478 -7.679941 1.66757 0.05835658 -7.555504 1.683745 0.02917832 -7.431066 1.183073 0.9323041 -11.28268 1.166684 1.49426 -8.346919 1.166684 1.407562 -9.347235 1.166684 1.266773 -10.26913 1.166684 1.077302 -11.07718 1.166684 0.8464304 -11.74033 1.166684 0.5830315 -12.23309 1.166684 0.2972269 -12.53653 1.166684 0 -12.63899 1.166684 -0.2972267 -12.53653 1.166684 -0.5830314 -12.23309 1.166684 -0.8464303 -11.74033 1.166684 -1.077301 -11.07718 1.166684 -1.266772 -10.26913 1.166684 -1.407562 -9.347235 1.166684 -1.49426 -8.346919 1.166684 -1.523534 -7.306627 1.166684 -1.49426 -6.266333 1.166684 -1.407562 -5.266018 1.166684 -1.266772 -4.344122 1.166684 -1.077301 -3.536074 1.166684 -0.8464303 -2.872927 1.166684 -0.5830314 -2.380163 1.166684 -0.2972267 -2.076721 1.166684 0 -1.97426 1.166684 0.2972269 -2.076721 1.166684 0.5830315 -2.380163 1.166684 0.8464304 -2.872927 1.166684 1.077302 -3.536074 1.166684 1.266773 -4.344122 1.166684 1.407562 -5.266018 1.166684 1.49426 -6.266333 1.166684 1.523534 -7.306627 1.166684 0.961866 -11.40875 1.166684 1.523534 -7.306627 1.166684 1.49426 -8.346919 1.166684 1.407562 -9.347235 1.166684 1.266773 -10.26913 1.166684 1.077302 -11.07718 1.166684 0.8464304 -11.74033 1.166684 0.5830315 -12.23309 1.166684 0.2972269 -12.53653 1.166684 0 -12.63899 1.166684 -0.2972267 -12.53653 1.166684 -0.5830314 -12.23309 1.166684 -0.8464303 -11.74033 1.166684 -1.077301 -11.07718 1.166684 -1.266772 -10.26913 1.166684 -1.407562 -9.347235 1.166684 -1.49426 -8.346919 1.166684 -1.523534 -7.306627 1.166684 -1.49426 -6.266333 1.166684 -1.407562 -5.266018 1.166684 -1.266772 -4.344122 1.166684 -1.077301 -3.536074 1.166684 -0.8464303 -2.872927 1.166684 -0.5830314 -2.380163 1.166684 -0.2972267 -2.076721 1.166684 0 -1.97426 1.166684 0.2972269 -2.076721 1.166684 0.5830315 -2.380163 1.166684 0.8464304 -2.872927 1.166684 1.077302 -3.536074 1.166684 1.266773 -4.344122 1.166684 1.407562 -5.266018 1.166684 1.49426 -6.266333 1.166684 0.961866 -11.40875 0.9671451 -1.966387 -5.41572 0.9671451 -1.966387 -17.41571 0.9671451 -2.571429 -5.41572 0.9671451 -2.571429 -17.41571 -1.032855 -1.966387 -5.41572 -1.032855 -1.966387 -17.41571 -1.032855 -2.571429 -5.41572 -1.032855 -2.571429 -17.41571 0.9671451 2.571426 -5.41572 0.9671451 2.571426 -17.41571 0.9671451 1.966385 -5.41572 0.9671451 1.966385 -17.41571 -1.032855 2.571426 -5.41572 -1.032855 2.571426 -17.41571 -1.032855 1.966385 -5.41572 -1.032855 1.966385 -17.41571 -1.032855 -1.966387 -17.41571 -1.032855 -1.966387 -15.01571 -1.032855 1.966385 -17.41571 -1.032855 1.966385 -15.01571 0.9671451 -1.966387 -17.41571 0.9671451 -1.966387 -15.01571 0.9671451 1.966385 -17.41571 0.9671451 1.966385 -15.01571 -1.032855 -10.28571 -5.306627 -1.032855 -10.28571 2.693365 -1.032855 10.28571 -5.306627 -1.032855 10.28571 2.693365 0.9671451 -10.28571 -5.306627 0.9671451 -10.28571 2.693365 0.9671451 10.28571 -5.306627 0.9671451 10.28571 2.693365 -1.032855 1.999999 2.693365 -1.032855 -2.000001 2.693365 -1.032855 -2.000001 -5.306627 -1.032855 1.999999 -5.306627 0.9671451 -2.000001 2.693365 0.9671451 1.999999 2.693365 0.9671451 1.999999 -5.306627 0.9671451 -2.000001 -5.306627 -1.032855 2.148571 7.693366 -1.032855 2.148571 17.69336 -1.032855 3.291429 7.693366 -1.032855 3.291429 17.69336 -0.9328551 2.148571 7.693366 -0.9328551 2.148571 17.69336 -0.9328551 3.291429 7.693366 -0.9328551 3.291429 17.69336 -0.9328551 -3.291429 7.693366 -0.9328551 -3.291429 17.69336 -0.9328551 -2.148571 7.693366 -0.9328551 -2.148571 17.69336</float_array>
          <technique_common>
            <accessor source="#Cube_001-mesh-positions-array" count="1279" stride="3">
              <param name="X" type="float"/>
              <param name="Y" type="float"/>
              <param name="Z" type="float"/>
            </accessor>
          </technique_common>
        </source>
        <source id="Cube_001-mesh-normals">
          <float_array id="Cube_001-mesh-normals-array" count="3786">-0.9045341 0.3015113 0.3015114 -0.9045341 -0.3015114 0.3015112 -0.5773494 0.5773506 -0.5773508 0.5773499 0.5773512 0.5773499 0.5773503 0.5773503 -0.5773503 0.5773495 -0.5773506 -0.5773508 0.9045336 -0.3015127 0.3015112 -0.5773499 -0.5773512 0.5773499 -0.5773503 -0.5773503 -0.5773503 -0.5773506 0.5773497 0.5773505 0.5773503 -0.5773504 0.5773502 0.5773503 0.5773503 0.5773503 0.577353 -0.5773451 0.5773528 -0.5773503 0.5773504 0.5773502 -0.5773509 -0.5773492 0.5773509 -0.7071067 -0.7071068 0 0 -1 0 0.7071068 -0.7071067 0 0.7071071 0.7071065 0 -0.7071068 0.7071068 0 0.9045341 0.3015114 0.3015112 -0.5773503 0.5773503 0.5773503 -0.5773505 0.5773501 -0.5773503 0.5773505 0.5773501 0.5773503 0.5773503 0.5773503 -0.5773503 0.5773503 -0.5773503 0.5773503 0.5773505 -0.5773501 -0.5773503 -0.5773505 -0.5773501 0.5773503 -0.5773503 -0.5773503 -0.5773503 -0.5773503 0.5773503 0.5773503 -0.5773494 0.5773506 -0.5773508 0.5773494 0.5773506 0.5773508 0.5773503 0.5773503 -0.5773503 0.5773503 -0.5773503 0.5773503 0.5773494 -0.5773506 -0.5773508 -0.5773494 -0.5773506 0.5773508 0.9438591 0.3303485 -1.42005e-7 1 9.86466e-7 -2.79693e-7 0.9456663 0.3246143 -0.01846688 0.9508743 0.3074277 -0.03641891 0.9588249 0.2789507 -0.05330479 0.9684618 0.2395582 -0.06851035 0.9783899 0.1900833 -0.08137285 0.993278 0.10932 -0.03805387 0.9870337 0.1320847 -0.0912041 0.9929392 0.06772875 -0.09739005 0.9950372 0 -0.09950363 0.9929382 -0.06774264 -0.09738957 0.9870322 -0.132097 -0.09120357 0.9783867 -0.1900982 -0.08137714 0.9684607 -0.2395609 -0.06851506 0.9588262 -0.278946 -0.05330628 0.9508759 -0.3074225 -0.03641933 0.945667 -0.3246123 -0.01846623 0.9438579 -0.3303517 -4.83307e-7 0.9456675 -0.3246107 0.0184673 0.9508747 -0.3074265 0.03641825 0.9588263 -0.2789457 0.05330628 0.9684605 -0.239562 0.06851607 0.9783869 -0.1900978 0.08137452 0.9870341 -0.1320828 0.09120315 0.9929391 -0.06772893 0.09738987 0.9950372 0 0.09950363 0.9929381 0.0677427 0.09738999 0.9870318 0.1320983 0.09120452 0.9783869 0.1900975 0.08137613 0.9684605 0.2395621 0.06851691 0.9588252 0.2789493 0.0533064 0.9508728 0.3074324 0.03641891 -0.1507422 0.979496 0.1336587 -0.1610483 0.9847446 0.06589001 -0.1610251 -0.9847472 0.06590831 0.9456684 0.3246082 0.01846688 0.6959897 0.0587266 0.7156463 -0.04123932 0.9991486 -0.001168131 0.6980381 0.06078165 0.7134764 -0.1582567 0.9851924 0.06596082 0.9438593 0.3303479 0 -0.1618553 0.9868146 2.53285e-5 0.9456669 0.3246125 0.01846641 0.9438584 0.3303503 0 0.945667 0.324612 0.01846629 0.9438582 0.330351 0 0.9456664 0.3246138 0.01846653 0.9438582 0.3303508 0 0.9456668 0.3246129 0.01846629 0.9438578 0.330352 0 0.9456676 0.3246104 0.01846635 0.9438579 0.3303518 0 0.9456677 0.32461 0.01846641 0.9438582 0.3303509 0 0.9456675 0.324611 0.01846647 0.9438582 0.3303511 0 0.9456673 0.324611 0.01846641 0.9438583 0.3303505 0 0.9456672 0.3246114 0.01846617 0.9438588 0.3303492 0 0.9456673 0.3246116 0.01846641 0.9438589 0.3303489 0 0.9456673 0.3246113 0.01846641 0.9438586 0.3303499 0 0.9456677 0.3246101 0.01846641 0.9438587 0.3303498 0 0.9456676 0.3246104 0.01846647 0.9438589 0.330349 0 0.9456675 0.3246108 0.01846635 0.9438576 0.3303526 0 0.9456675 0.3246107 0.01846641 0.9438575 0.3303531 0 0.9456677 0.32461 0.01846629 0.9438583 0.3303507 0 0.9456669 0.3246126 0.01846641 0.9438586 0.3303499 0 0.9456672 0.3246117 0.01846635 0.9438591 0.3303486 0 0.9456672 0.3246116 0.01846635 0.9438589 0.330349 0 0.9456669 0.3246124 0.01846623 0.943859 0.3303489 -1.26293e-7 0.945667 0.324612 0.01846641 0.9438586 0.3303496 -1.42302e-7 0.9456673 0.324611 0.01846653 0.9438585 0.3303502 0 0.9456678 0.3246099 0.01846641 0.9438582 0.3303511 0 0.9456667 0.3246129 0.01846653 0.9438582 0.3303512 0 0.9456658 0.3246155 0.01846635 0.9438577 0.3303525 -1.6928e-7 0.9456682 0.3246088 0.01846641 0.9438579 0.330352 -2.10488e-7 0.9456674 0.3246109 0.01846677 0.943859 0.3303486 0 0.9456669 0.3246123 0.01846671 0.9438582 0.330351 0 0.945667 0.324612 0.01846659 0.9438582 0.330351 0 0.9456681 0.3246087 0.01846617 0.6938443 0.05403417 0.718095 -0.04068791 0.9981201 0.045834 -0.1482802 0.9798636 0.1337179 0.950875 0.3074257 0.03641885 0.9508743 0.3074275 0.03641927 0.950874 0.3074286 0.03641915 0.9508742 0.3074284 0.03641897 0.9508734 0.3074305 0.03641891 0.950873 0.3074318 0.03641891 0.9508736 0.3074299 0.03641909 0.9508742 0.3074284 0.03641897 0.9508746 0.3074268 0.03641897 0.9508742 0.307428 0.03641891 0.9508739 0.3074291 0.03641909 0.9508746 0.3074269 0.03641897 0.9508742 0.3074279 0.03641897 0.9508733 0.3074311 0.03641903 0.9508739 0.3074288 0.03641903 0.9508743 0.307428 0.03641891 0.9508734 0.3074305 0.03641891 0.950874 0.3074285 0.03641891 0.9508745 0.307427 0.03641897 0.950875 0.3074255 0.03641903 0.9508748 0.3074263 0.03641897 0.9508746 0.3074271 0.03641897 0.9508744 0.3074275 0.03641891 0.9508746 0.3074268 0.03641915 0.9508741 0.3074285 0.03641903 0.9508743 0.3074277 0.03641897 0.9508743 0.3074276 0.03641885 0.9508739 0.3074291 0.03641921 0.9508733 0.3074307 0.03641903 0.9508752 0.3074251 0.03641897 0.6912629 0.04726636 0.7210559 -0.03900361 0.9942111 0.1001158 -0.1330232 0.9684646 0.2106682 0.9588267 0.2789443 0.05330616 0.9588261 0.2789461 0.05330651 0.9588255 0.2789481 0.05330663 0.9588259 0.2789468 0.05330675 0.958827 0.2789434 0.05330651 0.9588267 0.2789441 0.05330628 0.9588265 0.2789448 0.05330663 0.9588261 0.2789463 0.05330663 0.9588268 0.278944 0.05330628 0.9588264 0.278945 0.05330646 0.9588263 0.2789454 0.05330657 0.9588266 0.2789445 0.0533064 0.9588267 0.2789443 0.05330651 0.9588258 0.2789475 0.05330657 0.9588267 0.2789442 0.05330651 0.9588266 0.2789444 0.05330651 0.9588269 0.2789433 0.05330669 0.9588264 0.2789453 0.05330657 0.9588266 0.2789446 0.05330646 0.9588264 0.2789454 0.05330634 0.958827 0.2789431 0.05330646 0.9588266 0.2789446 0.05330646 0.9588263 0.2789459 0.05330646 0.9588258 0.2789469 0.05330657 0.9588255 0.2789483 0.05330651 0.9588257 0.2789477 0.0533064 0.9588261 0.2789461 0.05330622 0.9588258 0.2789473 0.05330669 0.9588264 0.2789452 0.05330651 0.9588269 0.2789434 0.05330651 0.6875346 0.03882098 0.7251132 -0.0360676 0.9857382 0.1643756 -0.1133887 0.9448131 0.3073617 0.9684615 0.2395584 0.06851524 0.9684612 0.2395589 0.06851571 0.9684611 0.2395597 0.06851571 0.9684611 0.2395594 0.06851553 0.9684611 0.2395594 0.06851553 0.9684612 0.2395591 0.06851541 0.9684606 0.2395616 0.06851571 0.9684609 0.2395606 0.06851571 0.9684613 0.2395589 0.06851553 0.9684613 0.2395586 0.06851547 0.9684613 0.2395584 0.06851553 0.9684613 0.2395584 0.06851553 0.968461 0.23956 0.06851583 0.9684606 0.2395613 0.06851577 0.9684612 0.2395594 0.06851553 0.9684609 0.23956 0.06851553 0.9684609 0.2395606 0.06851583 0.968461 0.2395602 0.06851577 0.9684613 0.2395588 0.06851547 0.9684615 0.2395585 0.06851541 0.9684611 0.2395598 0.06851553 0.9684616 0.2395575 0.06851547 0.9684612 0.2395593 0.06851559 0.9684613 0.2395588 0.06851559 0.9684618 0.2395566 0.06851583 0.968461 0.2395597 0.06851559 0.9684613 0.2395585 0.06851541 0.9684616 0.2395577 0.06851547 0.968461 0.2395601 0.06851577 0.9684613 0.2395589 0.06851506 0.6810055 0.02911055 0.7316994 -0.03198969 0.9691151 0.2445256 -0.09066164 0.8933897 0.4400405 0.9783847 0.1901087 0.08137571 0.9783846 0.1901093 0.08137607 0.9783843 0.1901107 0.08137601 0.9783849 0.1901079 0.08137571 0.9783847 0.1901089 0.08137571 0.9783847 0.1901088 0.08137601 0.9783844 0.1901104 0.08137601 0.9783847 0.1901085 0.08137595 0.9783847 0.190109 0.08137613 0.978385 0.190108 0.08137547 0.9783849 0.1901084 0.0813753 0.9783841 0.1901115 0.08137577 0.9783847 0.1901088 0.08137601 0.9783844 0.1901102 0.08137637 0.9783847 0.190109 0.08137571 0.9783849 0.1901079 0.08137565 0.9783843 0.1901109 0.08137625 0.9783845 0.19011 0.08137613 0.9783847 0.1901089 0.08137571 0.9783846 0.1901099 0.08137577 0.9783847 0.1901094 0.08137571 0.9783846 0.1901097 0.08137571 0.9783843 0.1901106 0.08137601 0.9783849 0.190108 0.08137589 0.9783843 0.1901115 0.08137607 0.9783845 0.1901097 0.08137595 0.9783849 0.1901084 0.08137553 0.9783847 0.190109 0.08137595 0.9783838 0.1901136 0.08137601 0.9783842 0.1901114 0.08137601 0.66732 0.0186733 0.7445371 -0.0270273 0.9351238 0.3532891 -0.06731373 0.7724262 0.6315274 0.9870342 0.1320812 0.09120422 0.9870339 0.1320827 0.09120506 0.9870338 0.1320841 0.09120434 0.9870339 0.1320826 0.0912041 0.9870339 0.1320831 0.09120422 0.9870339 0.1320832 0.09120422 0.9870339 0.1320831 0.09120434 0.987034 0.1320824 0.09120416 0.987034 0.1320825 0.0912041 0.987034 0.1320829 0.09120452 0.9870339 0.1320832 0.09120416 0.987034 0.1320819 0.09120428 0.9870341 0.1320818 0.0912044 0.9870337 0.1320841 0.0912047 0.9870339 0.132083 0.09120416 0.9870339 0.1320835 0.09120416 0.9870336 0.1320846 0.09120476 0.987034 0.1320822 0.0912044 0.9870339 0.1320829 0.09120404 0.9870341 0.1320816 0.09120416 0.9870342 0.1320816 0.09120416 0.987034 0.1320822 0.09120422 0.987034 0.1320823 0.09120422 0.9870341 0.1320813 0.09120452 0.9870336 0.132085 0.09120464 0.9870342 0.1320815 0.09120434 0.9870341 0.1320819 0.09120434 0.9870339 0.1320828 0.09120464 0.9870343 0.13208 0.09120482 0.9870341 0.1320811 0.09120434 0.6382473 0.008487999 0.7697847 -0.02162259 0.8553601 0.5175825 -0.04841721 0.4868611 0.8721366 0.9929392 0.06772875 0.09738969 0.9929391 0.06772971 0.09739029 0.9929391 0.06772875 0.09738981 0.9929391 0.06772923 0.09739035 0.992939 0.06772929 0.09739053 0.9929392 0.06772845 0.09738934 0.9929392 0.06772857 0.09738963 0.992939 0.06772935 0.09739059 0.9929391 0.06773024 0.09739011 0.9929392 0.06772857 0.09738928 0.9929391 0.06772887 0.09738975 0.9929391 0.06773024 0.09738993 0.9929391 0.06772929 0.09739017 0.9929391 0.06772977 0.09739029 0.9929392 0.06772875 0.09738993 0.9929392 0.06772869 0.09738993 0.992939 0.06773024 0.09739035 0.9929392 0.06772881 0.09739011 0.9929392 0.06772857 0.09738981 0.9929392 0.06772869 0.09738987 0.9929392 0.06772857 0.09738975 0.9929391 0.06772911 0.09738993 0.9929392 0.06772917 0.09738975 0.9929389 0.06773138 0.09739035 0.9929389 0.06773078 0.09739047 0.992939 0.06772989 0.09738999 0.9929391 0.06772911 0.09738999 0.9929389 0.06773191 0.09738999 0.992939 0.06772941 0.09739029 0.9929391 0.06773096 0.09738963 0.6119639 -9.50784e-6 0.7908858 -0.01676213 0.6248457 0.7805684 -0.04121309 -1.39762e-5 0.9991504 0.9950372 2.17425e-7 0.09950357 0.9950372 0 0.09950393 0.9950372 3.08488e-7 0.09950405 0.9950372 0 0.09950363 0.9950372 0 0.09950399 0.9950373 1.3882e-7 0.09950351 0.9950372 1.59583e-7 0.09950399 0.9950372 0 0.09950417 0.9950372 0 0.09950375 0.9950373 0 0.09950309 0.9950373 0 0.09950357 0.9950372 3.76119e-7 0.09950375 0.9950372 -5.4905e-7 0.09950375 0.9950371 2.90691e-7 0.09950423 0.9950373 -2.00518e-7 0.09950327 0.9950373 0 0.09950351 0.9950372 0 0.09950399 0.9950372 -4.62733e-7 0.09950369 0.9950372 0 0.09950381 0.9950372 0 0.09950381 0.9950373 0 0.09950369 0.9950372 -8.94617e-7 0.09950387 0.9950373 5.53499e-7 0.09950351 0.9950372 7.55797e-7 0.09950405 0.9950372 -8.10376e-7 0.09950405 0.9950372 -1.16573e-6 0.09950369 0.9950373 5.96807e-7 0.09950345 0.9950372 8.98769e-7 0.09950363 0.9950371 3.86797e-6 0.09950453 0.9950373 0 0.09950363 0.6382246 -0.008469879 0.7698037 -0.01461941 0.001242041 0.9998924 -0.04842621 -0.4868886 0.8721207 0.9929392 -0.06772911 0.0973894 0.9929391 -0.06772947 0.09739047 0.9929391 -0.06772905 0.09738963 0.9929391 -0.06772947 0.09739029 0.992939 -0.06772941 0.09739041 0.9929391 -0.06772905 0.09738969 0.9929391 -0.06772935 0.09738963 0.9929389 -0.06773006 0.09739077 0.9929391 -0.06772977 0.09738999 0.9929391 -0.06772941 0.09738945 0.992939 -0.06772941 0.09739005 0.9929391 -0.06772953 0.09738987 0.9929391 -0.06772917 0.09739029 0.9929391 -0.06772953 0.09739029 0.9929392 -0.06772893 0.09738975 0.9929391 -0.06772923 0.09738993 0.9929391 -0.06772959 0.09739011 0.992939 -0.06772941 0.09739041 0.9929391 -0.06772893 0.09739011 0.9929392 -0.06772899 0.09738981 0.9929391 -0.06772905 0.09739011 0.9929391 -0.06773042 0.09738987 0.9929391 -0.06772947 0.09738999 0.9929391 -0.06772965 0.09739011 0.992939 -0.06773024 0.09739035 0.9929391 -0.06773054 0.09738981 0.992939 -0.06772994 0.09738993 0.9929389 -0.06773132 0.09739029 0.9929392 -0.06772774 0.09739041 0.9929391 -0.06772977 0.09738987 0.6674542 -0.01852405 0.7444205 -0.01664668 -0.6236224 0.7815485 -0.06732308 -0.7724314 0.63152 0.9870339 -0.1320829 0.09120428 0.9870339 -0.1320829 0.09120488 0.987034 -0.1320828 0.0912044 0.987034 -0.1320823 0.09120404 0.9870339 -0.1320831 0.09120404 0.9870339 -0.1320827 0.09120398 0.9870339 -0.1320828 0.09120446 0.9870339 -0.1320836 0.0912041 0.9870341 -0.1320821 0.09120398 0.987034 -0.1320824 0.09120476 0.987034 -0.1320824 0.09120398 0.987034 -0.1320827 0.09120386 0.9870339 -0.1320831 0.0912044 0.987034 -0.1320828 0.09120452 0.9870339 -0.1320828 0.0912041 0.9870341 -0.1320819 0.09120386 0.9870339 -0.1320827 0.09120446 0.9870339 -0.1320827 0.0912044 0.987034 -0.1320822 0.09120422 0.9870341 -0.1320819 0.09120416 0.987034 -0.1320824 0.09120416 0.987034 -0.1320825 0.09120404 0.987034 -0.1320824 0.09120404 0.987034 -0.1320819 0.09120476 0.9870341 -0.1320816 0.09120422 0.987034 -0.1320818 0.0912044 0.987034 -0.1320831 0.09120422 0.9870341 -0.132081 0.09120464 0.9870343 -0.1320803 0.0912047 0.9870333 -0.1320878 0.09120398 0.681088 -0.02872389 0.7316379 -0.02135044 -0.8549569 0.5182595 -0.09068924 -0.8933871 0.4400398 0.9783848 -0.1901088 0.08137595 0.9783846 -0.1901097 0.08137613 0.9783847 -0.1901088 0.08137607 0.9783849 -0.1901081 0.08137577 0.9783847 -0.1901087 0.08137571 0.9783846 -0.190109 0.08137625 0.9783846 -0.1901092 0.08137595 0.9783844 -0.19011 0.08137595 0.9783845 -0.19011 0.08137625 0.9783849 -0.1901086 0.0813753 0.978385 -0.1901078 0.0813753 0.9783848 -0.1901088 0.08137571 0.9783847 -0.190109 0.08137589 0.9783844 -0.1901104 0.08137643 0.9783844 -0.1901105 0.08137589 0.9783846 -0.1901097 0.08137583 0.9783845 -0.1901098 0.08137637 0.9783845 -0.1901097 0.08137607 0.9783849 -0.1901081 0.08137571 0.9783847 -0.1901086 0.08137571 0.9783849 -0.1901085 0.08137565 0.9783846 -0.1901095 0.08137565 0.9783846 -0.1901092 0.08137607 0.9783846 -0.1901096 0.08137625 0.9783846 -0.1901097 0.08137577 0.9783849 -0.1901081 0.08137595 0.9783847 -0.1901088 0.08137559 0.9783843 -0.1901108 0.08137607 0.9783845 -0.1901098 0.08137607 0.9783837 -0.1901142 0.08137583 0.6876959 -0.03812998 0.724997 -0.02655887 -0.9349595 0.3537589 -0.1134321 -0.9448108 0.307353 0.9684615 -0.2395581 0.06851524 0.9684608 -0.2395606 0.06851583 0.9684612 -0.2395594 0.06851571 0.9684615 -0.2395585 0.06851541 0.9684615 -0.2395582 0.06851547 0.9684612 -0.2395592 0.06851553 0.9684609 -0.2395601 0.06851577 0.9684612 -0.2395592 0.06851571 0.9684613 -0.2395587 0.06851541 0.9684613 -0.2395589 0.06851553 0.9684607 -0.2395613 0.06851565 0.9684615 -0.2395578 0.06851553 0.968461 -0.2395596 0.06851571 0.9684615 -0.2395583 0.06851565 0.968461 -0.2395598 0.06851553 0.9684615 -0.2395578 0.06851547 0.9684612 -0.2395594 0.06851565 0.9684611 -0.2395594 0.06851589 0.9684608 -0.2395606 0.06851553 0.968461 -0.2395603 0.06851553 0.9684608 -0.2395609 0.06851559 0.9684613 -0.2395588 0.06851541 0.9684611 -0.2395596 0.06851536 0.968461 -0.2395601 0.06851565 0.9684612 -0.2395594 0.06851583 0.9684612 -0.2395596 0.0685153 0.9684613 -0.2395589 0.06851553 0.9684607 -0.2395612 0.06851541 0.9684609 -0.2395601 0.06851601 0.968462 -0.2395562 0.06851565 0.6913862 -0.04623436 0.7210046 -0.03131049 -0.9690468 0.2448837 -0.1330945 -0.9684568 0.2106597 0.9588263 -0.2789453 0.05330622 0.9588263 -0.2789453 0.0533064 0.9588259 -0.2789469 0.05330669 0.958826 -0.2789463 0.05330687 0.958826 -0.2789464 0.05330657 0.9588263 -0.2789455 0.05330616 0.9588265 -0.2789448 0.05330669 0.9588259 -0.2789471 0.05330663 0.9588265 -0.2789452 0.05330622 0.9588266 -0.2789446 0.05330651 0.9588261 -0.2789463 0.05330663 0.9588263 -0.2789457 0.05330646 0.9588261 -0.2789463 0.05330634 0.9588262 -0.2789462 0.05330657 0.9588261 -0.2789464 0.0533064 0.9588263 -0.2789459 0.05330646 0.9588259 -0.2789469 0.05330675 0.9588259 -0.2789471 0.05330657 0.9588264 -0.2789453 0.05330634 0.9588266 -0.2789447 0.05330622 0.9588267 -0.2789442 0.05330651 0.9588261 -0.2789463 0.05330651 0.9588268 -0.2789441 0.05330657 0.9588263 -0.2789458 0.05330663 0.9588262 -0.2789461 0.05330657 0.9588266 -0.2789446 0.05330657 0.9588268 -0.2789438 0.0533061 0.9588258 -0.2789472 0.05330651 0.9588261 -0.2789463 0.05330663 0.9588271 -0.278943 0.05330622 0.69401 -0.05268537 0.7180352 -0.03519058 -0.9857167 0.1646946 -0.1483644 -0.979852 0.1337098 0.9508747 -0.3074267 0.03641885 0.9508742 -0.3074281 0.03641921 0.9508744 -0.3074274 0.03641909 0.9508742 -0.307428 0.03641891 0.9508743 -0.307428 0.03641897 0.9508742 -0.3074281 0.03641885 0.9508743 -0.3074276 0.03641909 0.9508739 -0.3074288 0.03641909 0.9508744 -0.3074273 0.03641897 0.9508741 -0.3074285 0.03641879 0.950874 -0.3074288 0.03641897 0.9508749 -0.3074259 0.03641897 0.950874 -0.3074286 0.03641903 0.9508741 -0.3074284 0.03641909 0.9508748 -0.3074264 0.03641909 0.9508745 -0.3074273 0.03641897 0.9508736 -0.3074299 0.03641903 0.9508738 -0.3074294 0.03641909 0.9508745 -0.3074275 0.03641897 0.9508747 -0.3074265 0.03641891 0.9508744 -0.3074275 0.03641897 0.9508738 -0.3074293 0.03641903 0.9508738 -0.3074292 0.03641909 0.950874 -0.3074288 0.03641891 0.9508742 -0.3074284 0.03641897 0.9508744 -0.3074272 0.03641909 0.9508741 -0.3074284 0.03641915 0.9508737 -0.3074294 0.03641891 0.9508742 -0.3074281 0.03641897 0.6961837 -0.05713188 0.7155867 -0.03797578 -0.9942195 0.1004264 -0.1583572 -0.9851767 0.0659542 0.9456675 -0.3246108 0.01846641 0.945667 -0.3246124 0.01846617 0.9456676 -0.3246103 0.01846647 0.9456676 -0.3246104 0.01846623 0.9456673 -0.324611 0.01846629 0.9456672 -0.3246117 0.01846635 0.9456663 -0.3246141 0.01846653 0.9456673 -0.3246116 0.01846641 0.9456676 -0.3246106 0.01846629 0.945667 -0.3246123 0.01846641 0.9456673 -0.3246112 0.01846635 0.9456675 -0.3246109 0.01846635 0.9456669 -0.3246127 0.01846641 0.945667 -0.3246122 0.01846647 0.9456672 -0.3246118 0.01846641 0.9456679 -0.3246094 0.01846623 0.9456674 -0.324611 0.01846647 0.9456669 -0.3246126 0.01846647 0.9456679 -0.3246098 0.01846635 0.9456679 -0.3246098 0.01846635 0.9456673 -0.3246115 0.01846635 0.945667 -0.3246123 0.01846641 0.9456675 -0.3246107 0.01846623 0.9456671 -0.3246117 0.01846635 0.9456671 -0.3246119 0.01846641 0.9456678 -0.3246099 0.01846635 0.9456674 -0.3246111 0.01846629 0.9456663 -0.3246139 0.01846653 0.9456666 -0.3246134 0.01846665 0.9456675 -0.3246105 0.01846623 0.6981307 -0.0590586 0.7135304 -0.03957754 -0.9981521 0.04610902 -0.1619648 -0.9867966 2.34083e-5 0.9438591 -0.3303487 0 0.9438577 -0.3303524 0 0.9438569 -0.3303546 0 0.9438583 -0.3303508 0 0.9438588 -0.3303494 0 0.9438584 -0.3303503 0 0.9438579 -0.3303519 0 0.9438579 -0.3303518 0 0.9438585 -0.3303499 0 0.9438585 -0.3303502 0 0.9438584 -0.3303505 0 0.9438584 -0.3303506 0 0.9438579 -0.3303519 0 0.9438581 -0.3303512 0 0.9438588 -0.3303495 0 0.9438586 -0.3303499 0 0.943858 -0.3303513 0 0.9438579 -0.3303518 0 0.9438586 -0.3303499 0 0.9438585 -0.3303501 0 0.9438582 -0.330351 0 0.9438583 -0.3303506 0 0.9438583 -0.3303506 0 0.9438577 -0.3303523 0 0.9438577 -0.3303523 0 0.9438589 -0.330349 0 0.9438586 -0.3303499 0 0.9438579 -0.330352 0 0.9438586 -0.3303499 0 0.943858 -0.3303514 -1.43636e-7 0.6999266 -0.05795538 0.7118596 -0.04009342 -0.9991953 -0.001133859 -0.1583232 -0.9851844 -0.06592041 0.9456673 -0.3246111 -0.01846611 0.9456674 -0.3246109 -0.01846647 0.945667 -0.324612 -0.01846623 0.9456667 -0.3246131 -0.01846653 0.9456675 -0.3246105 -0.01846617 0.9456681 -0.324609 -0.01846653 0.9456669 -0.3246123 -0.01846641 0.9456677 -0.3246102 -0.01846629 0.9456673 -0.3246111 -0.01846647 0.9456672 -0.3246116 -0.01846641 0.9456677 -0.3246101 -0.01846629 0.9456673 -0.3246111 -0.01846647 0.9456674 -0.3246108 -0.01846647 0.945667 -0.3246119 -0.01846647 0.945667 -0.324612 -0.01846641 0.945667 -0.324612 -0.01846635 0.9456672 -0.3246116 -0.01846653 0.945667 -0.3246124 -0.01846635 0.9456676 -0.3246104 -0.01846623 0.9456674 -0.3246108 -0.01846641 0.9456672 -0.3246117 -0.01846623 0.9456669 -0.3246122 -0.01846635 0.9456674 -0.3246111 -0.01846635 0.9456669 -0.3246123 -0.01846641 0.9456662 -0.3246145 -0.01846641 0.9456679 -0.3246097 -0.01846617 0.9456676 -0.3246104 -0.01846647 0.9456664 -0.3246136 -0.01846629 0.9456666 -0.3246131 -0.01846629 0.9456671 -0.3246118 -0.01846629 0.7012616 -0.05409884 0.7108485 -0.03975439 -0.9980685 -0.04773962 -0.1483126 -0.9798623 -0.1336913 0.9508748 -0.3074262 -0.03641885 0.9508739 -0.3074289 -0.03641915 0.9508745 -0.307427 -0.03641903 0.9508743 -0.3074278 -0.03641903 0.9508739 -0.3074288 -0.03641897 0.9508744 -0.3074274 -0.03641891 0.9508736 -0.3074301 -0.03641903 0.9508738 -0.3074295 -0.03641903 0.9508738 -0.3074294 -0.03641903 0.9508743 -0.3074277 -0.03641885 0.9508746 -0.3074268 -0.03641891 0.9508747 -0.3074265 -0.03641885 0.9508744 -0.3074273 -0.03641915 0.9508732 -0.307431 -0.03641915 0.9508744 -0.3074275 -0.03641909 0.9508744 -0.3074277 -0.03641903 0.9508733 -0.307431 -0.03641897 0.950874 -0.3074287 -0.03641909 0.9508748 -0.3074265 -0.03641891 0.950874 -0.3074287 -0.03641903 0.950874 -0.3074284 -0.03641885 0.9508744 -0.3074274 -0.03641879 0.950875 -0.3074254 -0.03641909 0.9508744 -0.3074273 -0.03641909 0.9508738 -0.3074294 -0.03641909 0.950874 -0.3074286 -0.03641891 0.9508741 -0.3074284 -0.03641915 0.9508733 -0.3074309 -0.03641897 0.9508732 -0.3074311 -0.03641885 0.9508751 -0.3074256 -0.03641891 0.701613 -0.0479635 0.7109422 -0.03837144 -0.9941097 -0.1013593 -0.1330274 -0.9684686 -0.2106475 0.9588266 -0.2789446 -0.05330628 0.9588258 -0.2789475 -0.05330675 0.9588261 -0.2789464 -0.05330646 0.9588264 -0.2789454 -0.0533064 0.9588263 -0.278946 -0.05330669 0.9588258 -0.2789476 -0.05330669 0.9588263 -0.2789454 -0.05330669 0.9588263 -0.2789455 -0.0533064 0.9588263 -0.2789455 -0.0533064 0.9588267 -0.2789443 -0.05330634 0.9588263 -0.2789458 -0.05330634 0.9588262 -0.2789462 -0.05330634 0.9588264 -0.2789453 -0.0533064 0.9588257 -0.2789476 -0.05330651 0.9588263 -0.2789456 -0.0533064 0.9588266 -0.2789446 -0.05330651 0.9588264 -0.2789455 -0.05330675 0.958826 -0.2789466 -0.05330675 0.958827 -0.2789433 -0.05330628 0.9588268 -0.2789439 -0.0533064 0.9588268 -0.2789436 -0.05330663 0.9588267 -0.2789446 -0.05330628 0.9588264 -0.2789454 -0.05330628 0.9588254 -0.2789485 -0.05330669 0.9588261 -0.2789462 -0.05330651 0.9588265 -0.2789452 -0.0533061 0.9588262 -0.2789459 -0.0533064 0.9588258 -0.278947 -0.05330657 0.9588263 -0.2789454 -0.05330651 0.9588254 -0.278949 -0.05330622 0.7003049 -0.03989279 0.7127283 -0.0357666 -0.9855955 -0.1652947 -0.1133685 -0.9448209 -0.3073453 0.9684614 -0.2395583 -0.06851553 0.9684608 -0.2395605 -0.06851589 0.968461 -0.2395598 -0.06851571 0.968461 -0.2395603 -0.06851536 0.9684616 -0.2395576 -0.0685153 0.9684613 -0.2395586 -0.06851541 0.9684608 -0.2395607 -0.06851583 0.9684609 -0.2395603 -0.06851571 0.9684615 -0.2395582 -0.06851536 0.9684613 -0.2395586 -0.06851559 0.9684615 -0.2395581 -0.06851589 0.9684613 -0.2395583 -0.06851565 0.9684615 -0.2395581 -0.06851577 0.968461 -0.2395599 -0.06851553 0.9684611 -0.2395595 -0.06851559 0.968461 -0.2395598 -0.06851553 0.9684607 -0.2395612 -0.06851571 0.9684609 -0.2395604 -0.06851583 0.9684615 -0.2395581 -0.06851565 0.9684613 -0.2395589 -0.06851536 0.9684613 -0.2395591 -0.06851565 0.9684615 -0.2395581 -0.06851565 0.9684618 -0.239557 -0.06851541 0.9684609 -0.2395607 -0.06851565 0.9684618 -0.2395569 -0.06851589 0.9684612 -0.2395594 -0.06851506 0.9684609 -0.2395603 -0.06851565 0.9684616 -0.2395572 -0.06851607 0.9684616 -0.2395573 -0.06851595 0.9684607 -0.2395608 -0.06851565 0.6955234 -0.03025549 0.7178662 -0.03200256 -0.9689087 -0.2453399 -0.09062922 -0.8933979 -0.4400302 0.9783847 -0.190109 -0.08137583 0.9783846 -0.190109 -0.08137595 0.9783847 -0.1901089 -0.08137577 0.9783847 -0.1901086 -0.08137583 0.9783846 -0.1901092 -0.08137607 0.9783849 -0.190108 -0.08137583 0.9783847 -0.190109 -0.08137601 0.9783849 -0.190108 -0.08137601 0.9783849 -0.190108 -0.08137631 0.9783848 -0.1901087 -0.08137577 0.9783846 -0.1901096 -0.08137583 0.9783847 -0.1901088 -0.08137571 0.9783849 -0.1901077 -0.08137637 0.9783844 -0.1901102 -0.08137673 0.9783851 -0.1901071 -0.08137589 0.978385 -0.1901077 -0.08137553 0.9783846 -0.1901093 -0.08137613 0.978385 -0.1901075 -0.08137613 0.9783848 -0.1901084 -0.08137613 0.9783846 -0.1901091 -0.08137601 0.9783847 -0.1901089 -0.08137583 0.9783847 -0.1901087 -0.08137571 0.9783846 -0.1901097 -0.08137619 0.9783849 -0.1901082 -0.08137607 0.9783842 -0.1901112 -0.08137607 0.9783847 -0.190109 -0.08137571 0.9783847 -0.1901085 -0.08137553 0.978385 -0.1901077 -0.08137625 0.9783838 -0.1901136 -0.08137661 0.9783851 -0.1901074 -0.08137553 0.6828906 -0.01960307 0.7302576 -0.02727413 -0.9347912 -0.3541492 -0.06727343 -0.7724372 -0.6315181 0.9870339 -0.1320825 -0.09120464 0.9870339 -0.1320832 -0.0912047 0.9870338 -0.1320835 -0.09120434 0.987034 -0.1320825 -0.09120386 0.9870341 -0.1320819 -0.09120362 0.9870341 -0.1320821 -0.0912041 0.9870337 -0.132084 -0.09120464 0.987034 -0.1320821 -0.09120464 0.9870339 -0.1320833 -0.09120434 0.9870341 -0.1320821 -0.09120416 0.9870341 -0.1320821 -0.09120392 0.9870341 -0.1320815 -0.09120404 0.9870339 -0.1320837 -0.09120434 0.9870336 -0.1320848 -0.0912047 0.9870339 -0.1320827 -0.09120464 0.9870338 -0.1320841 -0.09120452 0.9870336 -0.1320848 -0.0912044 0.9870339 -0.1320831 -0.09120482 0.9870338 -0.1320844 -0.0912041 0.9870341 -0.1320821 -0.09120398 0.9870342 -0.1320807 -0.09120398 0.9870341 -0.1320817 -0.09120386 0.9870339 -0.1320827 -0.09120434 0.9870339 -0.1320823 -0.09120512 0.9870337 -0.1320846 -0.0912044 0.9870342 -0.132081 -0.09120392 0.9870339 -0.1320834 -0.0912041 0.9870338 -0.1320841 -0.0912041 0.9870338 -0.1320839 -0.09120446 0.9870341 -0.1320812 -0.09120422 0.6536749 -0.00898689 0.7567222 -0.02200269 -0.8547117 -0.5186366 -0.04838609 -0.4868925 -0.8721207 0.9929391 -0.06772971 -0.09739059 0.9929391 -0.06772863 -0.09739035 0.9929391 -0.06772977 -0.09739041 0.9929391 -0.06772947 -0.09738987 0.9929391 -0.06772905 -0.09739011 0.992939 -0.06773 -0.09739005 0.9929389 -0.06773012 -0.09739071 0.9929391 -0.06772935 -0.09738993 0.9929391 -0.06772935 -0.09738951 0.9929392 -0.06772863 -0.09739005 0.9929392 -0.06772923 -0.09738969 0.9929391 -0.06773018 -0.09738969 0.9929391 -0.06772959 -0.09738999 0.9929391 -0.0677306 -0.09739011 0.9929391 -0.06772923 -0.09738981 0.9929391 -0.06772923 -0.09738999 0.9929391 -0.06772869 -0.09739011 0.9929391 -0.06772887 -0.09739047 0.992939 -0.0677303 -0.09739011 0.9929391 -0.06772959 -0.09739011 0.992939 -0.06772983 -0.09739005 0.9929391 -0.06772929 -0.09738975 0.992939 -0.06773006 -0.09738993 0.992939 -0.06772947 -0.09739017 0.9929391 -0.06772816 -0.09739029 0.9929391 -0.06772959 -0.09739029 0.9929391 -0.06772875 -0.09738963 0.9929389 -0.06773197 -0.09739005 0.9929391 -0.06772828 -0.09739053 0.9929391 -0.0677309 -0.09738993 0.6267311 -1.04274e-5 0.7792356 -0.01720845 -0.6232711 -0.7818166 -0.04117923 -1.07326e-5 -0.9991518 0.9950373 2.14459e-7 -0.09950351 0.9950373 0 -0.09950375 0.9950372 -1.23989e-7 -0.09950411 0.9950372 0 -0.09950369 0.9950372 0 -0.09950375 0.9950372 0 -0.09950357 0.9950372 0 -0.09950417 0.9950373 4.71038e-7 -0.09950345 0.9950373 0 -0.09950357 0.9950373 -2.61029e-7 -0.09950375 0.9950373 -2.85055e-7 -0.09950339 0.9950372 -3.30735e-7 -0.09950423 0.9950372 4.16163e-7 -0.09950363 0.9950372 -5.4816e-7 -0.09950387 0.9950373 0 -0.09950321 0.9950373 -1.56024e-7 -0.09950315 0.9950373 -4.47308e-7 -0.09950405 0.9950371 -7.31474e-7 -0.09950476 0.9950373 0 -0.09950351 0.9950373 0 -0.09950363 0.9950373 0 -0.09950345 0.9950373 1.13132e-6 -0.09950345 0.9950372 -7.5639e-7 -0.09950381 0.9950372 3.79678e-7 -0.09950369 0.9950372 8.38851e-7 -0.09950441 0.9950372 7.01811e-7 -0.09950411 0.9950373 -5.57059e-7 -0.09950333 0.9950373 -2.72894e-6 -0.09950351 0.9950372 -1.90729e-6 -0.09950411 0.9950373 -1.87466e-7 -0.09950417 0.6536518 0.009006142 0.756742 -0.01512348 0.001294672 -0.9998849 -0.04838281 0.4868733 -0.8721316 0.9929389 0.06773006 -0.09739059 0.9929391 0.06772929 -0.09739035 0.9929391 0.06772947 -0.09739053 0.9929391 0.06772959 -0.09739035 0.9929392 0.06772905 -0.09738963 0.9929391 0.06772965 -0.09738975 0.992939 0.06773 -0.09739017 0.9929391 0.06773018 -0.09739047 0.9929391 0.06772953 -0.09739017 0.9929392 0.06772917 -0.09738957 0.9929391 0.06773 -0.09739035 0.9929391 0.06772994 -0.09738993 0.9929391 0.06772994 -0.09739017 0.9929391 0.06772989 -0.09739017 0.9929391 0.06772941 -0.09738963 0.9929391 0.06772905 -0.09738993 0.9929391 0.06772893 -0.09739065 0.9929391 0.06772977 -0.09739017 0.9929391 0.06772971 -0.09738993 0.9929391 0.06772977 -0.09738975 0.9929391 0.06772941 -0.09738987 0.992939 0.06772994 -0.09738999 0.9929391 0.06772983 -0.09738963 0.9929391 0.06772917 -0.09739005 0.9929391 0.06772863 -0.09739094 0.9929391 0.06773048 -0.09738975 0.9929391 0.06772983 -0.09738981 0.9929391 0.06772851 -0.09739023 0.9929392 0.06772726 -0.09739053 0.9929391 0.06773012 -0.09738999 0.6830212 0.01977396 0.7301309 -0.01733511 0.6245613 -0.7807834 -0.06726074 0.7724305 -0.6315277 0.9870339 0.1320831 -0.09120458 0.987034 0.1320824 -0.09120392 0.9870339 0.132083 -0.09120428 0.9870341 0.1320819 -0.0912038 0.9870341 0.1320823 -0.09120368 0.9870339 0.1320826 -0.09120422 0.987034 0.1320824 -0.09120434 0.9870336 0.1320844 -0.09120482 0.9870341 0.1320821 -0.09120392 0.9870339 0.1320831 -0.09120446 0.987034 0.1320828 -0.09120434 0.987034 0.1320831 -0.09120416 0.9870339 0.1320831 -0.09120422 0.9870338 0.1320837 -0.09120458 0.9870339 0.1320829 -0.09120446 0.9870339 0.1320834 -0.09120458 0.9870339 0.1320835 -0.09120422 0.9870339 0.1320833 -0.09120434 0.9870339 0.1320827 -0.09120398 0.9870339 0.1320829 -0.09120434 0.9870339 0.1320825 -0.09120422 0.9870339 0.1320829 -0.0912041 0.9870339 0.1320827 -0.09120428 0.987034 0.1320816 -0.09120494 0.987034 0.1320821 -0.09120458 0.987034 0.132082 -0.0912044 0.9870339 0.1320832 -0.09120351 0.9870339 0.1320829 -0.09120458 0.9870338 0.1320838 -0.09120398 0.987033 0.1320893 -0.09120464 0.6956726 0.0306859 0.7177034 -0.02229303 0.8551468 -0.5179065 -0.09059655 0.8933948 -0.4400432 0.9783846 0.1901097 -0.08137565 0.9783846 0.1901097 -0.08137583 0.9783847 0.1901086 -0.08137583 0.9783849 0.1901084 -0.08137547 0.9783846 0.1901097 -0.08137631 0.9783845 0.1901097 -0.08137625 0.9783846 0.1901094 -0.08137631 0.9783844 0.19011 -0.08137607 0.9783847 0.1901088 -0.08137577 0.978385 0.190108 -0.08137547 0.9783849 0.1901076 -0.08137589 0.9783849 0.190108 -0.08137559 0.9783843 0.1901108 -0.08137637 0.9783847 0.1901085 -0.08137655 0.9783848 0.1901088 -0.08137589 0.9783847 0.1901087 -0.08137577 0.9783846 0.1901093 -0.08137619 0.9783846 0.1901095 -0.08137625 0.9783848 0.1901082 -0.08137649 0.9783849 0.190108 -0.08137613 0.9783847 0.1901088 -0.08137583 0.9783847 0.1901094 -0.08137589 0.9783849 0.1901079 -0.08137655 0.9783847 0.1901087 -0.08137583 0.9783846 0.1901095 -0.08137601 0.9783845 0.1901102 -0.08137512 0.9783843 0.1901113 -0.08137547 0.9783855 0.1901049 -0.08137637 0.9783844 0.1901107 -0.08137589 0.9783833 0.1901156 -0.08137643 0.7128366 0.0399115 0.7001936 -0.02776467 0.9349607 -0.3536633 -0.1137487 0.9382738 -0.3266554 0.9732103 0.2171342 -0.07559418 0.97321 0.2171356 -0.07559442 0.9732101 0.2171352 -0.07559472 0.9732101 0.217135 -0.07559418 0.9732102 0.2171347 -0.07559412 0.9732104 0.2171336 -0.07559436 0.9732103 0.2171342 -0.07559412 0.9732103 0.2171344 -0.07559412 0.9732099 0.217136 -0.07559466 0.97321 0.2171352 -0.07559448 0.9732105 0.2171335 -0.07559382 0.9732107 0.2171326 -0.07559418 0.9732103 0.2171338 -0.07559484 0.97321 0.2171356 -0.07559448 0.9732105 0.2171334 -0.07559394 0.9732105 0.2171334 -0.075594 0.9732102 0.2171347 -0.07559436 0.9732101 0.2171348 -0.07559472 0.9732103 0.2171341 -0.07559424 0.9732102 0.2171354 -0.07559376 0.9732101 0.2171353 -0.07559406 0.97321 0.2171357 -0.07559436 0.9732099 0.2171359 -0.07559448 0.9732102 0.217135 -0.07559376 0.9732103 0.2171344 -0.0755943 0.97321 0.217136 -0.07559376 0.9732095 0.2171376 -0.07559472 0.9732104 0.2171336 -0.07559472 0.9732117 0.2171282 -0.0755949 0.9732099 0.2171359 -0.07559382 0.7016633 0.0490719 0.7108169 -0.03270965 0.9689823 -0.2449562 0.7003899 0.04065161 0.7126019 -0.1329588 0.9684758 -0.2106575 0.9684613 0.2395588 -0.06851547 -0.1133159 0.9448235 -0.3073567 0.9588261 0.2789467 -0.05330622 0.9684613 0.2395585 -0.06851559 0.9588254 0.2789487 -0.05330687 0.9684612 0.2395592 -0.06851583 0.958826 0.2789466 -0.05330634 0.9684617 0.239557 -0.06851541 0.9588265 0.2789448 -0.05330616 0.9684614 0.2395586 -0.06851571 0.9588263 0.2789454 -0.05330651 0.9684613 0.2395588 -0.06851547 0.958826 0.2789464 -0.05330651 0.9684611 0.2395594 -0.06851565 0.958826 0.2789468 -0.05330663 0.9684613 0.2395585 -0.06851577 0.9588259 0.2789469 -0.0533064 0.9684613 0.2395585 -0.06851547 0.9588263 0.2789456 -0.05330622 0.968461 0.23956 -0.06851541 0.9588268 0.2789438 -0.05330622 0.9684609 0.2395602 -0.06851571 0.9588263 0.2789458 -0.05330646 0.9684613 0.2395586 -0.06851547 0.9588263 0.2789456 -0.05330646 0.9684611 0.2395598 -0.06851583 0.958826 0.2789466 -0.0533064 0.9684614 0.2395583 -0.06851565 0.958826 0.2789464 -0.05330657 0.968461 0.2395599 -0.06851571 0.9588259 0.2789469 -0.0533064 0.9684612 0.2395592 -0.06851553 0.9588262 0.278946 -0.05330622 0.9684608 0.2395604 -0.06851589 0.9588264 0.2789453 -0.05330669 0.9684607 0.2395612 -0.06851589 0.9588256 0.2789482 -0.05330681 0.9684612 0.2395591 -0.06851536 0.9588266 0.2789449 -0.05330622 0.9684612 0.2395593 -0.06851541 0.9588264 0.2789453 -0.05330622 0.9684612 0.2395596 -0.06851583 0.9588258 0.2789472 -0.05330663 0.9684609 0.2395601 -0.06851583 0.9588264 0.2789455 -0.05330622 0.968461 0.23956 -0.06851512 0.9588264 0.2789454 -0.0533061 0.9684608 0.2395609 -0.06851541 0.9588252 0.2789492 -0.05330681 0.9684615 0.2395578 -0.06851595 0.9588261 0.2789464 -0.05330646 0.9684615 0.2395577 -0.06851601 0.9588266 0.2789448 -0.05330598 0.9684609 0.2395604 -0.06851541 0.9588266 0.2789449 -0.05330628 0.968461 0.2395603 -0.06851518 0.9588257 0.2789474 -0.05330693 0.968461 0.2395598 -0.06851649 0.9588262 0.2789461 -0.05330651 0.9684627 0.2395532 -0.06851559 0.958827 0.278943 -0.05330622 0.7011874 0.05551522 0.7108125 -0.03666925 0.9856188 -0.1649576 -0.1482205 0.979875 -0.1337001 0.9508746 0.3074268 -0.03641879 0.9508737 0.3074294 -0.03641909 0.9508745 0.3074269 -0.03641915 0.9508744 0.3074274 -0.03641903 0.9508744 0.3074274 -0.03641891 0.9508743 0.3074279 -0.03641909 0.950874 0.3074285 -0.03641903 0.9508743 0.3074278 -0.03641891 0.9508745 0.3074271 -0.03641897 0.9508739 0.3074291 -0.03641897 0.9508741 0.3074284 -0.03641903 0.9508746 0.3074268 -0.03641885 0.9508736 0.3074299 -0.03641915 0.9508737 0.3074294 -0.03641921 0.9508742 0.3074283 -0.03641915 0.9508742 0.3074281 -0.03641897 0.9508741 0.3074283 -0.03641891 0.9508741 0.3074283 -0.03641909 0.9508746 0.3074269 -0.03641909 0.9508748 0.3074263 -0.03641909 0.9508752 0.3074252 -0.03641879 0.9508745 0.3074271 -0.03641885 0.9508741 0.3074283 -0.03641897 0.9508742 0.3074281 -0.03641897 0.9508743 0.3074278 -0.03641909 0.9508741 0.3074283 -0.03641903 0.9508743 0.3074275 -0.03641933 0.9508739 0.3074291 -0.03641909 0.9508739 0.3074291 -0.03641873 0.9508751 0.3074256 -0.03641897 0.6998636 0.05960208 0.7117855 -0.03941535 0.9941017 -0.1010354 -0.1582239 0.9851999 -0.06592744 0.945667 0.3246122 -0.01846629 0.9456665 0.3246137 -0.01846659 0.9456666 0.3246134 -0.01846629 0.9456673 0.3246112 -0.01846647 0.9456671 0.3246118 -0.01846617 0.9456673 0.3246112 -0.01846653 0.9456673 0.3246114 -0.01846641 0.9456676 0.3246104 -0.01846635 0.9456674 0.3246111 -0.01846653 0.9456672 0.3246115 -0.01846635 0.9456669 0.3246125 -0.01846629 0.945667 0.3246123 -0.01846641 0.9456663 0.3246141 -0.01846641 0.9456667 0.324613 -0.01846641 0.9456679 0.3246095 -0.01846629 0.9456681 0.3246092 -0.01846635 0.9456679 0.3246096 -0.01846653 0.9456672 0.3246116 -0.01846629 0.9456672 0.3246116 -0.01846623 0.945667 0.3246123 -0.01846635 0.9456665 0.3246137 -0.01846623 0.945667 0.3246124 -0.01846635 0.9456671 0.3246117 -0.01846653 0.9456664 0.3246138 -0.01846671 0.9456667 0.324613 -0.01846659 0.9456677 0.32461 -0.01846623 0.9456675 0.3246105 -0.01846665 0.9456676 0.3246102 -0.01846665 0.9456675 0.3246107 -0.01846653 0.9456667 0.3246128 -0.01846629 -0.04087412 0.9980355 -0.04748165 -0.02760237 0.944045 -0.3286599 -0.1153046 0.9446285 -0.3072165 0.7157492 0.1596811 0.6798568 -0.1157342 0.9380558 -0.3265838 -0.1647723 0.9863317 6.39201e-7 0.679251 0.23465 0.6953829 -0.1610404 0.9847455 -0.06589752 0.6887127 0.2272656 0.6884949 -0.1508305 0.9794807 -0.1336702 0.7012006 0.211974 0.6807238 -0.1352749 0.9681797 -0.2105444 0.7166005 0.187992 0.6716716 0.7350375 0.1551504 0.6600366 -0.09216481 0.8932856 -0.439939 0.7581162 0.1130936 0.642238 -0.06837463 0.7723487 -0.6315082 0.7881159 0.06130063 0.612467 -0.0492044 0.486796 -0.8721288 0.807341 5.32948e-7 0.5900851 -0.04189002 7.61891e-6 -0.9991223 0.7880591 -0.06129413 0.6125404 -0.04916721 -0.4868535 -0.8720988 0.7581136 -0.1131203 0.6422364 -0.0683735 -0.7723859 -0.6314628 0.7350454 -0.1551162 0.6600359 -0.0921697 -0.8932597 -0.4399909 0.7165973 -0.1880039 0.6716717 -0.1152498 -0.9446146 -0.3072796 0.7011891 -0.2120276 0.6807189 -0.1352881 -0.9681766 -0.2105501 0.6886259 -0.2273091 0.6885673 -0.1507651 -0.9794932 -0.1336529 0.6792433 -0.2347185 0.6953673 -0.1610544 -0.9847437 -0.06589031 0.6729775 -0.2355188 0.7011649 -0.1647015 -0.9863435 0 0.668843 -0.231091 0.7065734 0.6670059 -0.2201313 0.7117903 -0.1507971 -0.9794855 0.1336724 0.6679939 -0.2019776 0.7162327 -0.1352659 -0.9681746 0.2105734 0.6719835 -0.176356 0.7192613 -0.1153203 -0.9446317 0.3072008 0.6798322 -0.1434504 0.7192012 -0.09215301 -0.8932203 0.4400744 0.6934356 -0.1035134 0.7130444 -0.06842291 -0.7724522 0.6313763 0.7158955 -0.05568808 0.6959832 -0.04919397 -0.4868128 0.87212 0.7319512 1.8606e-6 0.6813572 -0.04186952 2.53152e-5 0.9991232 0.7158452 0.05569553 0.6960344 -0.0492143 0.4868447 0.8721011 0.6934869 0.1035124 0.7129946 -0.06844854 0.7723554 0.6314919 0.6798264 0.1434702 0.7192026 -0.09216308 0.8932619 0.4399876 0.6720219 0.1763514 0.7192265 -0.1152894 0.9446189 0.3072515 0.6680098 0.2019183 0.7162346 -0.1352772 0.9681686 0.2105935 0.6670862 0.2201108 0.7117213 0.6688816 0.2311309 0.7065239 0.6728979 0.2355449 0.7012325 0.5773503 0.5773504 0.5773502 -0.5773503 -0.5773504 0.5773502 0.5773506 -0.5773501 0.5773501 0.5773503 -0.5773504 -0.5773502 -0.5773506 -0.5773501 -0.5773501 -0.5773506 0.5773501 0.5773501 -0.5773503 0.5773504 -0.5773502 0.5773506 0.5773501 -0.5773501 0.5773506 -0.5773501 0.5773501 0.5773502 -0.5773504 -0.5773502 -0.5773506 0.5773501 0.5773501 -0.5773502 0.5773504 -0.5773502 -0.5773502 -0.5773503 -0.5773503 -0.5773502 0.5773503 0.5773503 -0.5773503 0.5773502 -0.5773503 0.5773503 0.5773502 0.5773503 0.5773502 0.5773503 -0.5773503 0.5773502 -0.5773503 0.5773503 0.5773503 -0.5773502 -0.5773503 -0.5773503 -0.5773502 0.5773503 -0.5773502 0.5773503 0.5773503 -0.5773503 -0.5773503 -0.5773503 -0.5773503 -0.5773503 0.5773503 -0.5773503 0.5773503 0.5773504 -0.5773503 0.5773503 -0.5773504 -0.5773503 0.5773502 -0.5773503 0.5773503 0.5773503 0.5773503 0.5773503 0.5773503 -0.5773503 0.5773502 -0.5773503 0.5773504 0.5773502 -0.5773503 0.5773503 0.5773503 -0.5773502 -0.5773503 0.5773503 -0.5773502 -0.5773504 -0.5773503 -0.5773503 0.5773503 -1 0 0 0 1 0 0 0 -1 0 0 1 1 0 0</float_array>
          <technique_common>
            <accessor source="#Cube_001-mesh-normals-array" count="1262" stride="3">
              <param name="X" type="float"/>
              <param name="Y" type="float"/>
              <param name="Z" type="float"/>
            </accessor>
          </technique_common>
        </source>
        <source id="Cube_001-mesh-map-0">
          <float_array id="Cube_001-mesh-map-0-array" count="15060">0.3875 0.02777773 0.3875 0.2222222 0.375 0.25 0.375 0.25 0.625 0.5 0.375 0.5 0.375 0.75 0.375 0.5 0.3875 0.5277778 0.375 0.75 0.625 1 0.375 1 0.125 0.5 0.375 0.75 0.125 0.75 0.875 0.7222222 0.625 0.75 0.625 0.7222222 0.625 0.5277778 0.875 0.5 0.875 0.5277778 0.5333333 0.30625 0.3916667 0.30625 0.3916667 0.3118421 0.375 0.3125 0.3916667 0.3125 0.3900794 0.3119047 0.3916667 0.3125 0.3916667 0.3118421 0.3900794 0.3119047 0.5333334 0.94375 0.3916667 0.9375 0.3916667 0.94375 0.3916667 0.9375 0.375 0.94375 0.3916667 0.94375 0.18125 0.5 0.1875 0.75 0.1875 0.5 0.375 0 0.625 0.25 0.375 0.25 0.375 0.25 0.625 0.5 0.375 0.5 0.375 0.5 0.625 0.75 0.375 0.75 0.375 0.75 0.625 1 0.375 1 0.125 0.5 0.375 0.75 0.125 0.75 0.625 0.5 0.875 0.75 0.625 0.75 0.375 0 0.625 0.25 0.375 0.25 0.375 0.25 0.625 0.5 0.375 0.5 0.375 0.5 0.625 0.75 0.375 0.75 0.375 0.75 0.625 1 0.375 1 0.125 0.5 0.375 0.75 0.125 0.75 0.625 0.5 0.875 0.75 0.625 0.75 0.25 0.2572727 0.25 0.25 0.2514189 0.257133 0.2514189 0.257133 0.25 0.25 0.2527832 0.2567192 0.2527832 0.2567192 0.25 0.25 0.2540405 0.2560471 0.2540405 0.2560471 0.25 0.25 0.2551426 0.2551426 0.2551426 0.2551426 0.2560471 0.2540405 0.2555949 0.2545916 0.2560471 0.2540405 0.25 0.25 0.2567192 0.2527832 0.2567192 0.2527832 0.25 0.25 0.257133 0.2514189 0.257133 0.2514189 0.25 0.25 0.2572728 0.25 0.2572728 0.25 0.25 0.25 0.257133 0.2485812 0.257133 0.2485812 0.25 0.25 0.2567192 0.2472168 0.2567192 0.2472168 0.25 0.25 0.2560471 0.2459595 0.2560471 0.2459595 0.25 0.25 0.2551426 0.2448574 0.2551426 0.2448574 0.25 0.25 0.2540405 0.2439529 0.2540405 0.2439529 0.25 0.25 0.2527832 0.2432809 0.2527832 0.2432809 0.25 0.25 0.2514189 0.242867 0.2514189 0.242867 0.25 0.25 0.25 0.2427273 0.25 0.2427273 0.25 0.25 0.2485812 0.242867 0.2485812 0.242867 0.25 0.25 0.2472168 0.2432809 0.2472168 0.2432809 0.25 0.25 0.2459595 0.2439529 0.2459595 0.2439529 0.25 0.25 0.2448574 0.2448574 0.2448574 0.2448574 0.25 0.25 0.2439529 0.2459595 0.2439529 0.2459595 0.25 0.25 0.2432809 0.2472168 0.2432809 0.2472168 0.25 0.25 0.242867 0.2485812 0.242867 0.2485812 0.25 0.25 0.2427273 0.25 0.2427273 0.25 0.25 0.25 0.242867 0.2514189 0.242867 0.2514189 0.25 0.25 0.2432809 0.2527832 0.2432809 0.2527832 0.25 0.25 0.2439529 0.2540405 0.2439529 0.2540405 0.25 0.25 0.2448574 0.2551426 0.2448574 0.2551426 0.25 0.25 0.2459595 0.2560471 0.2459595 0.2560471 0.25 0.25 0.2472168 0.2567192 0.658156 0.4717311 0.7031784 0.4853885 0.7031784 0.01461154 0.2472168 0.2567192 0.25 0.25 0.2485812 0.257133 0.2485812 0.257133 0.25 0.25 0.25 0.2572727 0.2032277 0.48514 0.25 0.4827273 0.25 0.4897466 0.2046652 0.4779132 0.25 0.4754546 0.25 0.4823783 0.206016 0.4711225 0.25 0.4681819 0.25 0.4754546 0.2074348 0.4639895 0.25 0.4609091 0.25 0.4681819 0.2088536 0.4568565 0.25 0.4536364 0.25 0.4609091 0.2102724 0.4497235 0.25 0.4463636 0.25 0.4536364 0.2116913 0.4425905 0.25 0.4390909 0.25 0.4463636 0.2131102 0.4354575 0.25 0.4318182 0.25 0.4390909 0.214529 0.4283245 0.25 0.4245454 0.25 0.4318182 0.2159478 0.4211915 0.25 0.4172727 0.25 0.4245454 0.2173666 0.4140586 0.25 0.41 0.25 0.4172727 0.2187855 0.4069256 0.25 0.4027272 0.25 0.41 0.2202044 0.3997926 0.25 0.3954545 0.25 0.4027272 0.2216232 0.3926597 0.25 0.3881818 0.25 0.3954545 0.2230421 0.3855267 0.25 0.380909 0.25 0.3881818 0.2244609 0.3783937 0.25 0.3736363 0.25 0.380909 0.2258797 0.3712607 0.25 0.3663636 0.25 0.3736363 0.2272986 0.3641277 0.25 0.3590909 0.25 0.3663636 0.2287174 0.3569948 0.25 0.3518182 0.25 0.3590909 0.2301362 0.3498618 0.25 0.3445454 0.25 0.3518182 0.2315551 0.3427288 0.25 0.3372727 0.25 0.3445454 0.2329739 0.3355958 0.25 0.3299999 0.25 0.3372727 0.2343928 0.3284628 0.25 0.3227272 0.25 0.3299999 0.2358116 0.3213298 0.25 0.3154545 0.25 0.3227272 0.2372304 0.3141968 0.25 0.3081818 0.25 0.3154545 0.2386493 0.3070639 0.25 0.3009091 0.25 0.3081818 0.2400681 0.2999309 0.25 0.2936363 0.25 0.3009091 0.241487 0.2927979 0.25 0.2863636 0.25 0.2936363 0.2429058 0.2856649 0.25 0.2790909 0.25 0.2863636 0.2443246 0.2785319 0.25 0.2718182 0.25 0.2790909 0.2457435 0.271399 0.25 0.2645455 0.25 0.2718182 0.2471624 0.264266 0.25 0.2572727 0.25 0.2645455 0.1582529 0.471497 0.2045971 0.4782555 0.2032277 0.48514 0.1610726 0.4646896 0.206016 0.4711225 0.2046652 0.4779132 0.1637222 0.4582928 0.2074348 0.4639895 0.206016 0.4711225 0.1665054 0.4515737 0.2088536 0.4568565 0.2074348 0.4639895 0.1692886 0.4448546 0.2102724 0.4497235 0.2088536 0.4568565 0.1720717 0.4381355 0.2116913 0.4425905 0.2102724 0.4497235 0.1748549 0.4314163 0.2131102 0.4354575 0.2116913 0.4425905 0.177638 0.4246972 0.214529 0.4283245 0.2131102 0.4354575 0.1804212 0.4179781 0.2159478 0.4211915 0.214529 0.4283245 0.1832043 0.411259 0.2173666 0.4140586 0.2159478 0.4211915 0.1859875 0.4045399 0.2187855 0.4069256 0.2173666 0.4140586 0.1887706 0.3978208 0.2202044 0.3997926 0.2187855 0.4069256 0.1915538 0.3911016 0.2216232 0.3926597 0.2202044 0.3997926 0.1943369 0.3843825 0.2230421 0.3855267 0.2216232 0.3926597 0.1971201 0.3776634 0.2244609 0.3783937 0.2230421 0.3855267 0.1999032 0.3709442 0.2258797 0.3712607 0.2244609 0.3783937 0.2026864 0.3642251 0.2272986 0.3641277 0.2258797 0.3712607 0.2054695 0.357506 0.2287174 0.3569948 0.2272986 0.3641277 0.2082527 0.3507869 0.2301362 0.3498618 0.2287174 0.3569948 0.2110359 0.3440677 0.2315551 0.3427288 0.2301362 0.3498618 0.213819 0.3373486 0.2329739 0.3355958 0.2315551 0.3427288 0.2166022 0.3306295 0.2343928 0.3284628 0.2329739 0.3355958 0.2193853 0.3239104 0.2358116 0.3213298 0.2343928 0.3284628 0.2221685 0.3171913 0.2372304 0.3141968 0.2358116 0.3213298 0.2249516 0.3104721 0.2386493 0.3070639 0.2372304 0.3141968 0.2277348 0.303753 0.2400681 0.2999309 0.2386493 0.3070639 0.2305179 0.2970339 0.241487 0.2927979 0.2400681 0.2999309 0.2333011 0.2903147 0.2429058 0.2856649 0.241487 0.2927979 0.2360842 0.2835956 0.2443246 0.2785319 0.2429058 0.2856649 0.2388674 0.2768765 0.2457435 0.271399 0.2443246 0.2785319 0.2416505 0.2701574 0.2471624 0.264266 0.2457435 0.271399 0.2444337 0.2634383 0.2485812 0.257133 0.2471624 0.264266 0.1168038 0.449342 0.1609391 0.465012 0.1582529 0.471497 0.1208975 0.4432155 0.1637222 0.4582928 0.1610726 0.4646896 0.1247441 0.4374586 0.1665054 0.4515737 0.1637222 0.4582928 0.1287847 0.4314116 0.1692886 0.4448546 0.1665054 0.4515737 0.1328251 0.4253645 0.1720717 0.4381355 0.1692886 0.4448546 0.1368657 0.4193175 0.1748549 0.4314163 0.1720717 0.4381355 0.1409062 0.4132704 0.177638 0.4246972 0.1748549 0.4314163 0.1449467 0.4072234 0.1804212 0.4179781 0.177638 0.4246972 0.1489872 0.4011763 0.1832043 0.411259 0.1804212 0.4179781 0.1530277 0.3951292 0.1859875 0.4045399 0.1832043 0.411259 0.1570683 0.3890821 0.1887706 0.3978208 0.1859875 0.4045399 0.1611088 0.3830351 0.1915538 0.3911016 0.1887706 0.3978208 0.1651493 0.3769881 0.1943369 0.3843825 0.1915538 0.3911016 0.1691898 0.3709411 0.1971201 0.3776634 0.1943369 0.3843825 0.1732303 0.364894 0.1999032 0.3709442 0.1971201 0.3776634 0.1772708 0.358847 0.2026864 0.3642251 0.1999032 0.3709442 0.1813113 0.3527999 0.2054695 0.357506 0.2026864 0.3642251 0.1853519 0.3467528 0.2082527 0.3507869 0.2054695 0.357506 0.1893923 0.3407058 0.2110359 0.3440677 0.2082527 0.3507869 0.1934328 0.3346588 0.213819 0.3373486 0.2110359 0.3440677 0.1974734 0.3286117 0.2166022 0.3306295 0.213819 0.3373486 0.2015138 0.3225647 0.2193853 0.3239104 0.2166022 0.3306295 0.2055544 0.3165176 0.2221685 0.3171913 0.2193853 0.3239104 0.2095949 0.3104705 0.2249516 0.3104721 0.2221685 0.3171913 0.2136354 0.3044235 0.2277348 0.303753 0.2249516 0.3104721 0.2176759 0.2983765 0.2305179 0.2970339 0.2277348 0.303753 0.2217164 0.2923294 0.2333011 0.2903147 0.2305179 0.2970339 0.225757 0.2862824 0.2360842 0.2835956 0.2333011 0.2903147 0.2297974 0.2802353 0.2388674 0.2768765 0.2360842 0.2835956 0.233838 0.2741882 0.2416505 0.2701574 0.2388674 0.2768765 0.2378785 0.2681412 0.2444337 0.2634383 0.2416505 0.2701574 0.241919 0.2620941 0.2472168 0.2567192 0.2444337 0.2634383 0.08047348 0.4195265 0.1207036 0.4435057 0.1168038 0.449342 0.0856837 0.4143162 0.1247441 0.4374586 0.1208975 0.4432155 0.09057956 0.4094204 0.1287847 0.4314116 0.1247441 0.4374586 0.09572213 0.4042778 0.1328251 0.4253645 0.1287847 0.4314116 0.1008647 0.3991352 0.1368657 0.4193175 0.1328251 0.4253645 0.1060073 0.3939926 0.1409062 0.4132704 0.1368657 0.4193175 0.1111499 0.38885 0.1449467 0.4072234 0.1409062 0.4132704 0.1162925 0.3837074 0.1489872 0.4011763 0.1449467 0.4072234 0.1214351 0.3785648 0.1530277 0.3951292 0.1489872 0.4011763 0.1265777 0.3734222 0.1570683 0.3890821 0.1530277 0.3951292 0.1317203 0.3682796 0.1611088 0.3830351 0.1570683 0.3890821 0.1368629 0.3631371 0.1651493 0.3769881 0.1611088 0.3830351 0.1420055 0.3579945 0.1691898 0.3709411 0.1651493 0.3769881 0.1471481 0.3528519 0.1732303 0.364894 0.1691898 0.3709411 0.1522907 0.3477093 0.1772708 0.358847 0.1732303 0.364894 0.1574333 0.3425667 0.1813113 0.3527999 0.1772708 0.358847 0.1625759 0.3374241 0.1853519 0.3467528 0.1813113 0.3527999 0.1677185 0.3322815 0.1893923 0.3407058 0.1853519 0.3467528 0.172861 0.3271389 0.1934328 0.3346588 0.1893923 0.3407058 0.1780037 0.3219963 0.1974734 0.3286117 0.1934328 0.3346588 0.1831462 0.3168537 0.2015138 0.3225647 0.1974734 0.3286117 0.1882889 0.3117111 0.2055544 0.3165176 0.2015138 0.3225647 0.1934314 0.3065685 0.2095949 0.3104705 0.2055544 0.3165176 0.1985741 0.3014259 0.2136354 0.3044235 0.2095949 0.3104705 0.2037166 0.2962833 0.2176759 0.2983765 0.2136354 0.3044235 0.2088593 0.2911407 0.2217164 0.2923294 0.2176759 0.2983765 0.2140018 0.2859982 0.225757 0.2862824 0.2217164 0.2923294 0.2191444 0.2808556 0.2297974 0.2802353 0.225757 0.2862824 0.224287 0.275713 0.233838 0.2741882 0.2297974 0.2802353 0.2294296 0.2705704 0.2378785 0.2681412 0.233838 0.2741882 0.2345722 0.2654278 0.241919 0.2620941 0.2378785 0.2681412 0.2397148 0.2602852 0.2459595 0.2560471 0.241919 0.2620941 0.05065792 0.3831961 0.08543694 0.414563 0.08047348 0.4195265 0.05678445 0.3791025 0.09057956 0.4094204 0.0856837 0.4143162 0.06254136 0.3752558 0.09572213 0.4042778 0.09057956 0.4094204 0.06858843 0.3712154 0.1008647 0.3991352 0.09572213 0.4042778 0.0746355 0.3671748 0.1060073 0.3939926 0.1008647 0.3991352 0.08068251 0.3631343 0.1111499 0.38885 0.1060073 0.3939926 0.08672958 0.3590939 0.1162925 0.3837074 0.1111499 0.38885 0.09277665 0.3550533 0.1214351 0.3785648 0.1162925 0.3837074 0.09882366 0.3510128 0.1265777 0.3734222 0.1214351 0.3785648 0.1048707 0.3469723 0.1317203 0.3682796 0.1265777 0.3734222 0.1109178 0.3429318 0.1368629 0.3631371 0.1317203 0.3682796 0.1169648 0.3388913 0.1420055 0.3579945 0.1368629 0.3631371 0.1230119 0.3348507 0.1471481 0.3528519 0.1420055 0.3579945 0.1290589 0.3308102 0.1522907 0.3477093 0.1471481 0.3528519 0.135106 0.3267697 0.1574333 0.3425667 0.1522907 0.3477093 0.141153 0.3227292 0.1625759 0.3374241 0.1574333 0.3425667 0.1472001 0.3186887 0.1677185 0.3322815 0.1625759 0.3374241 0.1532471 0.3146482 0.172861 0.3271389 0.1677185 0.3322815 0.1592942 0.3106077 0.1780037 0.3219963 0.172861 0.3271389 0.1653413 0.3065671 0.1831462 0.3168537 0.1780037 0.3219963 0.1713883 0.3025266 0.1882889 0.3117111 0.1831462 0.3168537 0.1774353 0.2984861 0.1934314 0.3065685 0.1882889 0.3117111 0.1834824 0.2944456 0.1985741 0.3014259 0.1934314 0.3065685 0.1895295 0.2904051 0.2037166 0.2962833 0.1985741 0.3014259 0.1955765 0.2863646 0.2088593 0.2911407 0.2037166 0.2962833 0.2016236 0.2823241 0.2140018 0.2859982 0.2088593 0.2911407 0.2076706 0.2782836 0.2191444 0.2808556 0.2140018 0.2859982 0.2137177 0.2742431 0.224287 0.275713 0.2191444 0.2808556 0.2197648 0.2702026 0.2294296 0.2705704 0.224287 0.275713 0.2258118 0.266162 0.2345722 0.2654278 0.2294296 0.2705704 0.2318589 0.2621216 0.2397148 0.2602852 0.2345722 0.2654278 0.2379059 0.258081 0.2448574 0.2551426 0.2397148 0.2602852 0.02850294 0.3417471 0.05649429 0.3792963 0.05065792 0.3831961 0.03531038 0.3389273 0.06254136 0.3752558 0.05678445 0.3791025 0.04170715 0.3362777 0.06858843 0.3712154 0.06254136 0.3752558 0.04842627 0.3334946 0.0746355 0.3671748 0.06858843 0.3712154 0.05514538 0.3307114 0.08068251 0.3631343 0.0746355 0.3671748 0.06186449 0.3279283 0.08672958 0.3590939 0.08068251 0.3631343 0.06858366 0.3251451 0.09277665 0.3550533 0.08672958 0.3590939 0.07530277 0.322362 0.09882366 0.3510128 0.09277665 0.3550533 0.08202189 0.3195788 0.1048707 0.3469723 0.09882366 0.3510128 0.088741 0.3167956 0.1109178 0.3429318 0.1048707 0.3469723 0.09546011 0.3140124 0.1169648 0.3388913 0.1109178 0.3429318 0.1021792 0.3112293 0.1230119 0.3348507 0.1169648 0.3388913 0.1088984 0.3084461 0.1290589 0.3308102 0.1230119 0.3348507 0.1156175 0.305663 0.135106 0.3267697 0.1290589 0.3308102 0.1223366 0.3028798 0.141153 0.3227292 0.135106 0.3267697 0.1290557 0.3000967 0.1472001 0.3186887 0.141153 0.3227292 0.1357749 0.2973135 0.1532471 0.3146482 0.1472001 0.3186887 0.142494 0.2945304 0.1592942 0.3106077 0.1532471 0.3146482 0.1492131 0.2917473 0.1653413 0.3065671 0.1592942 0.3106077 0.1559323 0.2889641 0.1713883 0.3025266 0.1653413 0.3065671 0.1626514 0.286181 0.1774353 0.2984861 0.1713883 0.3025266 0.1693705 0.2833978 0.1834824 0.2944456 0.1774353 0.2984861 0.1760897 0.2806147 0.1895295 0.2904051 0.1834824 0.2944456 0.1828088 0.2778315 0.1955765 0.2863646 0.1895295 0.2904051 0.1895279 0.2750484 0.2016236 0.2823241 0.1955765 0.2863646 0.1962471 0.2722652 0.2076706 0.2782836 0.2016236 0.2823241 0.2029662 0.2694821 0.2137177 0.2742431 0.2076706 0.2782836 0.2096853 0.2666989 0.2197648 0.2702026 0.2137177 0.2742431 0.2164044 0.2639157 0.2258118 0.266162 0.2197648 0.2702026 0.2231235 0.2611326 0.2318589 0.2621216 0.2258118 0.266162 0.2298427 0.2583495 0.2379059 0.258081 0.2318589 0.2621216 0.2365618 0.2555663 0.2439529 0.2540405 0.2379059 0.258081 0.01485997 0.2967723 0.03498804 0.3390609 0.02850294 0.3417471 0.02208673 0.2953348 0.04170715 0.3362777 0.03531038 0.3389273 0.02887749 0.293984 0.04842627 0.3334946 0.04170715 0.3362777 0.03601044 0.2925652 0.05514538 0.3307114 0.04842627 0.3334946 0.04314345 0.2911463 0.06186449 0.3279283 0.05514538 0.3307114 0.05027639 0.2897275 0.06858366 0.3251451 0.06186449 0.3279283 0.0574094 0.2883087 0.07530277 0.322362 0.06858366 0.3251451 0.06454241 0.2868899 0.08202189 0.3195788 0.07530277 0.322362 0.07167536 0.285471 0.088741 0.3167956 0.08202189 0.3195788 0.07880836 0.2840521 0.09546011 0.3140124 0.088741 0.3167956 0.08594137 0.2826333 0.1021792 0.3112293 0.09546011 0.3140124 0.09307432 0.2812145 0.1088984 0.3084461 0.1021792 0.3112293 0.1002073 0.2797957 0.1156175 0.305663 0.1088984 0.3084461 0.1073403 0.2783768 0.1223366 0.3028798 0.1156175 0.305663 0.1144733 0.276958 0.1290557 0.3000967 0.1223366 0.3028798 0.1216063 0.2755392 0.1357749 0.2973135 0.1290557 0.3000967 0.1287392 0.2741203 0.142494 0.2945304 0.1357749 0.2973135 0.1358723 0.2727015 0.1492131 0.2917473 0.142494 0.2945304 0.1430053 0.2712826 0.1559323 0.2889641 0.1492131 0.2917473 0.1501382 0.2698638 0.1626514 0.286181 0.1559323 0.2889641 0.1572712 0.268445 0.1693705 0.2833978 0.1626514 0.286181 0.1644042 0.2670261 0.1760897 0.2806147 0.1693705 0.2833978 0.1715372 0.2656072 0.1828088 0.2778315 0.1760897 0.2806147 0.1786702 0.2641884 0.1895279 0.2750484 0.1828088 0.2778315 0.1858032 0.2627696 0.1962471 0.2722652 0.1895279 0.2750484 0.1929361 0.2613508 0.2029662 0.2694821 0.1962471 0.2722652 0.2000691 0.2599319 0.2096853 0.2666989 0.2029662 0.2694821 0.2072021 0.258513 0.2164044 0.2639157 0.2096853 0.2666989 0.2143351 0.2570942 0.2231235 0.2611326 0.2164044 0.2639157 0.2214681 0.2556754 0.2298427 0.2583495 0.2231235 0.2611326 0.228601 0.2542566 0.2365618 0.2555663 0.2298427 0.2583495 0.2357341 0.2528377 0.2432809 0.2527832 0.2365618 0.2555663 0.01025331 0.25 0.02174448 0.2954028 0.01485997 0.2967723 0.01762169 0.25 0.02887749 0.293984 0.02208673 0.2953348 0.02454543 0.25 0.03601044 0.2925652 0.02887749 0.293984 0.03181815 0.25 0.04314345 0.2911463 0.03601044 0.2925652 0.03909087 0.25 0.05027639 0.2897275 0.04314345 0.2911463 0.04636359 0.25 0.0574094 0.2883087 0.05027639 0.2897275 0.05363637 0.25 0.06454241 0.2868899 0.0574094 0.2883087 0.06090909 0.25 0.07167536 0.285471 0.06454241 0.2868899 0.06818181 0.25 0.07880836 0.2840521 0.07167536 0.285471 0.07545453 0.25 0.08594137 0.2826333 0.07880836 0.2840521 0.08272725 0.25 0.09307432 0.2812145 0.08594137 0.2826333 0.08999997 0.25 0.1002073 0.2797957 0.09307432 0.2812145 0.09727275 0.25 0.1073403 0.2783768 0.1002073 0.2797957 0.1045455 0.25 0.1144733 0.276958 0.1073403 0.2783768 0.1118182 0.25 0.1216063 0.2755392 0.1144733 0.276958 0.1190909 0.25 0.1287392 0.2741203 0.1216063 0.2755392 0.1263636 0.25 0.1358723 0.2727015 0.1287392 0.2741203 0.1336364 0.25 0.1430053 0.2712826 0.1358723 0.2727015 0.1409091 0.25 0.1501382 0.2698638 0.1430053 0.2712826 0.1481818 0.25 0.1572712 0.268445 0.1501382 0.2698638 0.1554545 0.25 0.1644042 0.2670261 0.1572712 0.268445 0.1627272 0.25 0.1715372 0.2656072 0.1644042 0.2670261 0.17 0.25 0.1786702 0.2641884 0.1715372 0.2656072 0.1772727 0.25 0.1858032 0.2627696 0.1786702 0.2641884 0.1845455 0.25 0.1929361 0.2613508 0.1858032 0.2627696 0.1918182 0.25 0.2000691 0.2599319 0.1929361 0.2613508 0.1990909 0.25 0.2072021 0.258513 0.2000691 0.2599319 0.2063636 0.25 0.2143351 0.2570942 0.2072021 0.258513 0.2136363 0.25 0.2214681 0.2556754 0.2143351 0.2570942 0.2209091 0.25 0.228601 0.2542566 0.2214681 0.2556754 0.2281818 0.25 0.2357341 0.2528377 0.228601 0.2542566 0.2354546 0.25 0.242867 0.2514189 0.2357341 0.2528377 0.01485997 0.2032277 0.01727271 0.25 0.01025331 0.25 0.02208673 0.2046652 0.02454543 0.25 0.01762169 0.25 0.02887749 0.206016 0.03181815 0.25 0.02454543 0.25 0.03601044 0.2074348 0.03909087 0.25 0.03181815 0.25 0.04314345 0.2088536 0.04636359 0.25 0.03909087 0.25 0.05027639 0.2102724 0.05363637 0.25 0.04636359 0.25 0.0574094 0.2116913 0.06090909 0.25 0.05363637 0.25 0.06454241 0.2131102 0.06818181 0.25 0.06090909 0.25 0.07167536 0.214529 0.07545453 0.25 0.06818181 0.25 0.07880836 0.2159478 0.08272725 0.25 0.07545453 0.25 0.08594137 0.2173666 0.08999997 0.25 0.08272725 0.25 0.09307432 0.2187855 0.09727275 0.25 0.08999997 0.25 0.1002073 0.2202044 0.1045455 0.25 0.09727275 0.25 0.1073403 0.2216232 0.1118182 0.25 0.1045455 0.25 0.1144733 0.2230421 0.1190909 0.25 0.1118182 0.25 0.1216063 0.2244609 0.1263636 0.25 0.1190909 0.25 0.1287392 0.2258797 0.1336364 0.25 0.1263636 0.25 0.1358723 0.2272986 0.1409091 0.25 0.1336364 0.25 0.1430053 0.2287174 0.1481818 0.25 0.1409091 0.25 0.1501382 0.2301362 0.1554545 0.25 0.1481818 0.25 0.1572712 0.2315551 0.1627272 0.25 0.1554545 0.25 0.1644042 0.2329739 0.17 0.25 0.1627272 0.25 0.1715372 0.2343928 0.1772727 0.25 0.17 0.25 0.1786702 0.2358116 0.1845455 0.25 0.1772727 0.25 0.1858032 0.2372304 0.1918182 0.25 0.1845455 0.25 0.1929361 0.2386493 0.1990909 0.25 0.1918182 0.25 0.2000691 0.2400681 0.2063636 0.25 0.1990909 0.25 0.2072021 0.241487 0.2136363 0.25 0.2063636 0.25 0.2143351 0.2429058 0.2209091 0.25 0.2136363 0.25 0.2214681 0.2443246 0.2281818 0.25 0.2209091 0.25 0.228601 0.2457435 0.2354546 0.25 0.2281818 0.25 0.2357341 0.2471624 0.2427273 0.25 0.2354546 0.25 0.02850294 0.1582529 0.02174448 0.2045971 0.01485997 0.2032277 0.03531038 0.1610726 0.02887749 0.206016 0.02208673 0.2046652 0.04170715 0.1637222 0.03601044 0.2074348 0.02887749 0.206016 0.04842627 0.1665054 0.04314345 0.2088536 0.03601044 0.2074348 0.05514538 0.1692886 0.05027639 0.2102724 0.04314345 0.2088536 0.06186449 0.1720717 0.0574094 0.2116913 0.05027639 0.2102724 0.06858366 0.1748549 0.06454241 0.2131102 0.0574094 0.2116913 0.07530277 0.177638 0.07167536 0.214529 0.06454241 0.2131102 0.08202189 0.1804212 0.07880836 0.2159478 0.07167536 0.214529 0.088741 0.1832043 0.08594137 0.2173666 0.07880836 0.2159478 0.09546011 0.1859875 0.09307432 0.2187855 0.08594137 0.2173666 0.1021792 0.1887706 0.1002073 0.2202044 0.09307432 0.2187855 0.1088984 0.1915538 0.1073403 0.2216232 0.1002073 0.2202044 0.1156175 0.1943369 0.1144733 0.2230421 0.1073403 0.2216232 0.1223366 0.1971201 0.1216063 0.2244609 0.1144733 0.2230421 0.1290557 0.1999032 0.1287392 0.2258797 0.1216063 0.2244609 0.1357749 0.2026864 0.1358723 0.2272986 0.1287392 0.2258797 0.142494 0.2054695 0.1430053 0.2287174 0.1358723 0.2272986 0.1492131 0.2082527 0.1501382 0.2301362 0.1430053 0.2287174 0.1559323 0.2110359 0.1572712 0.2315551 0.1501382 0.2301362 0.1626514 0.213819 0.1644042 0.2329739 0.1572712 0.2315551 0.1693705 0.2166022 0.1715372 0.2343928 0.1644042 0.2329739 0.1760897 0.2193853 0.1786702 0.2358116 0.1715372 0.2343928 0.1828088 0.2221685 0.1858032 0.2372304 0.1786702 0.2358116 0.1895279 0.2249516 0.1929361 0.2386493 0.1858032 0.2372304 0.1962471 0.2277348 0.2000691 0.2400681 0.1929361 0.2386493 0.2029662 0.2305179 0.2072021 0.241487 0.2000691 0.2400681 0.2096853 0.2333011 0.2143351 0.2429058 0.2072021 0.241487 0.2164044 0.2360842 0.2214681 0.2443246 0.2143351 0.2429058 0.2231235 0.2388674 0.228601 0.2457435 0.2214681 0.2443246 0.2298427 0.2416505 0.2357341 0.2471624 0.228601 0.2457435 0.2365618 0.2444337 0.242867 0.2485812 0.2357341 0.2471624 0.05065792 0.1168038 0.03498804 0.1609391 0.02850294 0.1582529 0.05678445 0.1208975 0.04170715 0.1637222 0.03531038 0.1610726 0.06254136 0.1247441 0.04842627 0.1665054 0.04170715 0.1637222 0.06858843 0.1287847 0.05514538 0.1692886 0.04842627 0.1665054 0.0746355 0.1328251 0.06186449 0.1720717 0.05514538 0.1692886 0.08068251 0.1368657 0.06858366 0.1748549 0.06186449 0.1720717 0.08672958 0.1409062 0.07530277 0.177638 0.06858366 0.1748549 0.09277665 0.1449467 0.08202189 0.1804212 0.07530277 0.177638 0.09882366 0.1489872 0.088741 0.1832043 0.08202189 0.1804212 0.1048707 0.1530277 0.09546011 0.1859875 0.088741 0.1832043 0.1109178 0.1570683 0.1021792 0.1887706 0.09546011 0.1859875 0.1169648 0.1611088 0.1088984 0.1915538 0.1021792 0.1887706 0.1230119 0.1651493 0.1156175 0.1943369 0.1088984 0.1915538 0.1290589 0.1691898 0.1223366 0.1971201 0.1156175 0.1943369 0.135106 0.1732303 0.1290557 0.1999032 0.1223366 0.1971201 0.141153 0.1772708 0.1357749 0.2026864 0.1290557 0.1999032 0.1472001 0.1813113 0.142494 0.2054695 0.1357749 0.2026864 0.1532471 0.1853519 0.1492131 0.2082527 0.142494 0.2054695 0.1592942 0.1893923 0.1559323 0.2110359 0.1492131 0.2082527 0.1653413 0.1934328 0.1626514 0.213819 0.1559323 0.2110359 0.1713883 0.1974734 0.1693705 0.2166022 0.1626514 0.213819 0.1774353 0.2015138 0.1760897 0.2193853 0.1693705 0.2166022 0.1834824 0.2055544 0.1828088 0.2221685 0.1760897 0.2193853 0.1895295 0.2095949 0.1895279 0.2249516 0.1828088 0.2221685 0.1955765 0.2136354 0.1962471 0.2277348 0.1895279 0.2249516 0.2016236 0.2176759 0.2029662 0.2305179 0.1962471 0.2277348 0.2076706 0.2217164 0.2096853 0.2333011 0.2029662 0.2305179 0.2137177 0.225757 0.2164044 0.2360842 0.2096853 0.2333011 0.2197648 0.2297974 0.2231235 0.2388674 0.2164044 0.2360842 0.2258118 0.233838 0.2298427 0.2416505 0.2231235 0.2388674 0.2318589 0.2378785 0.2365618 0.2444337 0.2298427 0.2416505 0.2379059 0.241919 0.2432809 0.2472168 0.2365618 0.2444337 0.08047348 0.08047348 0.05649429 0.1207036 0.05065792 0.1168038 0.0856837 0.0856837 0.06254136 0.1247441 0.05678445 0.1208975 0.09057956 0.09057956 0.06858843 0.1287847 0.06254136 0.1247441 0.09572213 0.09572213 0.0746355 0.1328251 0.06858843 0.1287847 0.1008647 0.1008647 0.08068251 0.1368657 0.0746355 0.1328251 0.1060073 0.1060073 0.08672958 0.1409062 0.08068251 0.1368657 0.1111499 0.1111499 0.09277665 0.1449467 0.08672958 0.1409062 0.1162925 0.1162925 0.09882366 0.1489872 0.09277665 0.1449467 0.1214351 0.1214351 0.1048707 0.1530277 0.09882366 0.1489872 0.1265777 0.1265777 0.1109178 0.1570683 0.1048707 0.1530277 0.1317203 0.1317203 0.1169648 0.1611088 0.1109178 0.1570683 0.1368629 0.1368629 0.1230119 0.1651493 0.1169648 0.1611088 0.1420055 0.1420055 0.1290589 0.1691898 0.1230119 0.1651493 0.1471481 0.1471481 0.135106 0.1732303 0.1290589 0.1691898 0.1522907 0.1522907 0.141153 0.1772708 0.135106 0.1732303 0.1574333 0.1574333 0.1472001 0.1813113 0.141153 0.1772708 0.1625759 0.1625759 0.1532471 0.1853519 0.1472001 0.1813113 0.1677185 0.1677185 0.1592942 0.1893923 0.1532471 0.1853519 0.172861 0.172861 0.1653413 0.1934328 0.1592942 0.1893923 0.1780037 0.1780037 0.1713883 0.1974734 0.1653413 0.1934328 0.1831462 0.1831462 0.1774353 0.2015138 0.1713883 0.1974734 0.1882889 0.1882889 0.1834824 0.2055544 0.1774353 0.2015138 0.1934314 0.1934314 0.1895295 0.2095949 0.1834824 0.2055544 0.1985741 0.1985741 0.1955765 0.2136354 0.1895295 0.2095949 0.2037166 0.2037166 0.2016236 0.2176759 0.1955765 0.2136354 0.2088593 0.2088593 0.2076706 0.2217164 0.2016236 0.2176759 0.2140018 0.2140018 0.2137177 0.225757 0.2076706 0.2217164 0.2191444 0.2191444 0.2197648 0.2297974 0.2137177 0.225757 0.224287 0.224287 0.2258118 0.233838 0.2197648 0.2297974 0.2294296 0.2294296 0.2318589 0.2378785 0.2258118 0.233838 0.2345722 0.2345722 0.2379059 0.241919 0.2318589 0.2378785 0.2397148 0.2397148 0.2439529 0.2459595 0.2379059 0.241919 0.1168039 0.05065792 0.08543694 0.08543694 0.08047348 0.08047348 0.1208975 0.05678445 0.09057956 0.09057956 0.0856837 0.0856837 0.1247441 0.06254136 0.09572213 0.09572213 0.09057956 0.09057956 0.1287847 0.06858843 0.1008647 0.1008647 0.09572213 0.09572213 0.1328251 0.0746355 0.1060073 0.1060073 0.1008647 0.1008647 0.1368657 0.08068251 0.1111499 0.1111499 0.1060073 0.1060073 0.1409062 0.08672958 0.1162925 0.1162925 0.1111499 0.1111499 0.1449467 0.09277665 0.1214351 0.1214351 0.1162925 0.1162925 0.1489872 0.09882366 0.1265777 0.1265777 0.1214351 0.1214351 0.1530277 0.1048707 0.1317203 0.1317203 0.1265777 0.1265777 0.1570683 0.1109178 0.1368629 0.1368629 0.1317203 0.1317203 0.1611088 0.1169648 0.1420055 0.1420055 0.1368629 0.1368629 0.1651493 0.1230119 0.1471481 0.1471481 0.1420055 0.1420055 0.1691898 0.1290589 0.1522907 0.1522907 0.1471481 0.1471481 0.1732303 0.135106 0.1574333 0.1574333 0.1522907 0.1522907 0.1772708 0.141153 0.1625759 0.1625759 0.1574333 0.1574333 0.1813113 0.1472001 0.1677185 0.1677185 0.1625759 0.1625759 0.1853519 0.1532471 0.172861 0.172861 0.1677185 0.1677185 0.1893923 0.1592942 0.1780037 0.1780037 0.172861 0.172861 0.1934328 0.1653413 0.1831462 0.1831462 0.1780037 0.1780037 0.1974734 0.1713883 0.1882889 0.1882889 0.1831462 0.1831462 0.2015138 0.1774353 0.1934314 0.1934314 0.1882889 0.1882889 0.2055544 0.1834824 0.1985741 0.1985741 0.1934314 0.1934314 0.2095949 0.1895295 0.2037166 0.2037166 0.1985741 0.1985741 0.2136354 0.1955765 0.2088593 0.2088593 0.2037166 0.2037166 0.2176759 0.2016236 0.2140018 0.2140018 0.2088593 0.2088593 0.2217164 0.2076706 0.2191444 0.2191444 0.2140018 0.2140018 0.225757 0.2137177 0.224287 0.224287 0.2191444 0.2191444 0.2297974 0.2197648 0.2294296 0.2294296 0.224287 0.224287 0.233838 0.2258118 0.2345722 0.2345722 0.2294296 0.2294296 0.2378785 0.2318589 0.2397148 0.2397148 0.2345722 0.2345722 0.241919 0.2379059 0.2448574 0.2448574 0.2397148 0.2397148 0.1582529 0.02850294 0.1207036 0.05649429 0.1168039 0.05065792 0.1610726 0.03531038 0.1247441 0.06254136 0.1208975 0.05678445 0.1637222 0.04170715 0.1287847 0.06858843 0.1247441 0.06254136 0.1665054 0.04842627 0.1328251 0.0746355 0.1287847 0.06858843 0.1692886 0.05514538 0.1368657 0.08068251 0.1328251 0.0746355 0.1720717 0.06186449 0.1409062 0.08672958 0.1368657 0.08068251 0.1748549 0.06858366 0.1449467 0.09277665 0.1409062 0.08672958 0.177638 0.07530277 0.1489872 0.09882366 0.1449467 0.09277665 0.1804212 0.08202189 0.1530277 0.1048707 0.1489872 0.09882366 0.1832043 0.088741 0.1570683 0.1109178 0.1530277 0.1048707 0.1859875 0.09546011 0.1611088 0.1169648 0.1570683 0.1109178 0.1887706 0.1021792 0.1651493 0.1230119 0.1611088 0.1169648 0.1915538 0.1088984 0.1691898 0.1290589 0.1651493 0.1230119 0.1943369 0.1156175 0.1732303 0.135106 0.1691898 0.1290589 0.1971201 0.1223366 0.1772708 0.141153 0.1732303 0.135106 0.1999032 0.1290557 0.1813113 0.1472001 0.1772708 0.141153 0.2026864 0.1357749 0.1853519 0.1532471 0.1813113 0.1472001 0.2054695 0.142494 0.1893923 0.1592942 0.1853519 0.1532471 0.2082527 0.1492131 0.1934328 0.1653413 0.1893923 0.1592942 0.2110359 0.1559323 0.1974734 0.1713883 0.1934328 0.1653413 0.213819 0.1626514 0.2015138 0.1774353 0.1974734 0.1713883 0.2166022 0.1693705 0.2055544 0.1834824 0.2015138 0.1774353 0.2193853 0.1760897 0.2095949 0.1895295 0.2055544 0.1834824 0.2221685 0.1828088 0.2136354 0.1955765 0.2095949 0.1895295 0.2249516 0.1895279 0.2176759 0.2016236 0.2136354 0.1955765 0.2277348 0.1962471 0.2217164 0.2076706 0.2176759 0.2016236 0.2305179 0.2029662 0.225757 0.2137177 0.2217164 0.2076706 0.2333011 0.2096853 0.2297974 0.2197648 0.225757 0.2137177 0.2360842 0.2164044 0.233838 0.2258118 0.2297974 0.2197648 0.2388674 0.2231235 0.2378785 0.2318589 0.233838 0.2258118 0.2416505 0.2298427 0.241919 0.2379059 0.2378785 0.2318589 0.2444337 0.2365618 0.2459595 0.2439529 0.241919 0.2379059 0.2032277 0.01485997 0.1609391 0.03498804 0.1582529 0.02850294 0.2046652 0.02208673 0.1637222 0.04170715 0.1610726 0.03531038 0.206016 0.02887749 0.1665054 0.04842627 0.1637222 0.04170715 0.2074348 0.03601044 0.1692886 0.05514538 0.1665054 0.04842627 0.2088536 0.04314345 0.1720717 0.06186449 0.1692886 0.05514538 0.2102724 0.05027639 0.1748549 0.06858366 0.1720717 0.06186449 0.2116913 0.0574094 0.177638 0.07530277 0.1748549 0.06858366 0.2131102 0.06454241 0.1804212 0.08202189 0.177638 0.07530277 0.214529 0.07167536 0.1832043 0.088741 0.1804212 0.08202189 0.2159478 0.07880836 0.1859875 0.09546011 0.1832043 0.088741 0.2173666 0.08594137 0.1887706 0.1021792 0.1859875 0.09546011 0.2187855 0.09307432 0.1915538 0.1088984 0.1887706 0.1021792 0.2202044 0.1002073 0.1943369 0.1156175 0.1915538 0.1088984 0.2216232 0.1073403 0.1971201 0.1223366 0.1943369 0.1156175 0.2230421 0.1144733 0.1999032 0.1290557 0.1971201 0.1223366 0.2244609 0.1216063 0.2026864 0.1357749 0.1999032 0.1290557 0.2258797 0.1287392 0.2054695 0.142494 0.2026864 0.1357749 0.2272986 0.1358723 0.2082527 0.1492131 0.2054695 0.142494 0.2287174 0.1430053 0.2110359 0.1559323 0.2082527 0.1492131 0.2301362 0.1501382 0.213819 0.1626514 0.2110359 0.1559323 0.2315551 0.1572712 0.2166022 0.1693705 0.213819 0.1626514 0.2329739 0.1644042 0.2193853 0.1760897 0.2166022 0.1693705 0.2343928 0.1715372 0.2221685 0.1828088 0.2193853 0.1760897 0.2358116 0.1786702 0.2249516 0.1895279 0.2221685 0.1828088 0.2372304 0.1858032 0.2277348 0.1962471 0.2249516 0.1895279 0.2386493 0.1929361 0.2305179 0.2029662 0.2277348 0.1962471 0.2400681 0.2000691 0.2333011 0.2096853 0.2305179 0.2029662 0.241487 0.2072021 0.2360842 0.2164044 0.2333011 0.2096853 0.2429058 0.2143351 0.2388674 0.2231235 0.2360842 0.2164044 0.2443246 0.2214681 0.2416505 0.2298427 0.2388674 0.2231235 0.2457435 0.228601 0.2444337 0.2365618 0.2416505 0.2298427 0.2471624 0.2357341 0.2472168 0.2432809 0.2444337 0.2365618 0.25 0.01025331 0.2045971 0.02174448 0.2032277 0.01485997 0.25 0.01762163 0.206016 0.02887749 0.2046652 0.02208673 0.25 0.02454543 0.2074348 0.03601044 0.206016 0.02887749 0.25 0.03181815 0.2088536 0.04314345 0.2074348 0.03601044 0.25 0.03909087 0.2102724 0.05027639 0.2088536 0.04314345 0.25 0.04636359 0.2116913 0.0574094 0.2102724 0.05027639 0.25 0.05363637 0.2131102 0.06454241 0.2116913 0.0574094 0.25 0.06090909 0.214529 0.07167536 0.2131102 0.06454241 0.25 0.06818181 0.2159478 0.07880836 0.214529 0.07167536 0.25 0.07545453 0.2173666 0.08594137 0.2159478 0.07880836 0.25 0.08272725 0.2187855 0.09307432 0.2173666 0.08594137 0.25 0.08999997 0.2202044 0.1002073 0.2187855 0.09307432 0.25 0.09727275 0.2216232 0.1073403 0.2202044 0.1002073 0.25 0.1045455 0.2230421 0.1144733 0.2216232 0.1073403 0.25 0.1118182 0.2244609 0.1216063 0.2230421 0.1144733 0.25 0.1190909 0.2258797 0.1287392 0.2244609 0.1216063 0.25 0.1263636 0.2272986 0.1358723 0.2258797 0.1287392 0.25 0.1336364 0.2287174 0.1430053 0.2272986 0.1358723 0.25 0.1409091 0.2301362 0.1501382 0.2287174 0.1430053 0.25 0.1481818 0.2315551 0.1572712 0.2301362 0.1501382 0.25 0.1554545 0.2329739 0.1644042 0.2315551 0.1572712 0.25 0.1627272 0.2343928 0.1715372 0.2329739 0.1644042 0.25 0.17 0.2358116 0.1786702 0.2343928 0.1715372 0.25 0.1772727 0.2372304 0.1858032 0.2358116 0.1786702 0.25 0.1845455 0.2386493 0.1929361 0.2372304 0.1858032 0.25 0.1918182 0.2400681 0.2000691 0.2386493 0.1929361 0.25 0.1990909 0.241487 0.2072021 0.2400681 0.2000691 0.25 0.2063636 0.2429058 0.2143351 0.241487 0.2072021 0.25 0.2136363 0.2443246 0.2214681 0.2429058 0.2143351 0.25 0.2209091 0.2457435 0.228601 0.2443246 0.2214681 0.25 0.2281818 0.2471624 0.2357341 0.2457435 0.228601 0.25 0.2354546 0.2485812 0.242867 0.2471624 0.2357341 0.2967723 0.01485997 0.25 0.01727271 0.25 0.01025331 0.2953348 0.02208673 0.25 0.02454543 0.25 0.01762163 0.293984 0.02887749 0.25 0.03181815 0.25 0.02454543 0.2925652 0.03601044 0.25 0.03909087 0.25 0.03181815 0.2911463 0.04314345 0.25 0.04636359 0.25 0.03909087 0.2897275 0.05027639 0.25 0.05363637 0.25 0.04636359 0.2883087 0.0574094 0.25 0.06090909 0.25 0.05363637 0.2868899 0.06454241 0.25 0.06818181 0.25 0.06090909 0.285471 0.07167536 0.25 0.07545453 0.25 0.06818181 0.2840521 0.07880836 0.25 0.08272725 0.25 0.07545453 0.2826333 0.08594137 0.25 0.08999997 0.25 0.08272725 0.2812145 0.09307432 0.25 0.09727275 0.25 0.08999997 0.2797957 0.1002073 0.25 0.1045455 0.25 0.09727275 0.2783768 0.1073403 0.25 0.1118182 0.25 0.1045455 0.276958 0.1144733 0.25 0.1190909 0.25 0.1118182 0.2755392 0.1216063 0.25 0.1263636 0.25 0.1190909 0.2741203 0.1287392 0.25 0.1336364 0.25 0.1263636 0.2727015 0.1358723 0.25 0.1409091 0.25 0.1336364 0.2712826 0.1430053 0.25 0.1481818 0.25 0.1409091 0.2698638 0.1501382 0.25 0.1554545 0.25 0.1481818 0.268445 0.1572712 0.25 0.1627272 0.25 0.1554545 0.2670261 0.1644042 0.25 0.17 0.25 0.1627272 0.2656072 0.1715372 0.25 0.1772727 0.25 0.17 0.2641884 0.1786702 0.25 0.1845455 0.25 0.1772727 0.2627696 0.1858032 0.25 0.1918182 0.25 0.1845455 0.2613508 0.1929361 0.25 0.1990909 0.25 0.1918182 0.2599319 0.2000691 0.25 0.2063636 0.25 0.1990909 0.258513 0.2072021 0.25 0.2136363 0.25 0.2063636 0.2570942 0.2143351 0.25 0.2209091 0.25 0.2136363 0.2556754 0.2214681 0.25 0.2281818 0.25 0.2209091 0.2542566 0.228601 0.25 0.2354546 0.25 0.2281818 0.2528377 0.2357341 0.25 0.2427273 0.25 0.2354546 0.3417471 0.02850294 0.2954028 0.02174448 0.2967723 0.01485997 0.3389273 0.03531038 0.293984 0.02887749 0.2953348 0.02208673 0.3362777 0.04170715 0.2925652 0.03601044 0.293984 0.02887749 0.3334946 0.04842627 0.2911463 0.04314345 0.2925652 0.03601044 0.3307114 0.05514538 0.2897275 0.05027639 0.2911463 0.04314345 0.3279283 0.06186449 0.2883087 0.0574094 0.2897275 0.05027639 0.3251451 0.06858366 0.2868899 0.06454241 0.2883087 0.0574094 0.322362 0.07530277 0.285471 0.07167536 0.2868899 0.06454241 0.3195788 0.08202189 0.2840521 0.07880836 0.285471 0.07167536 0.3167956 0.088741 0.2826333 0.08594137 0.2840521 0.07880836 0.3140124 0.09546011 0.2812145 0.09307432 0.2826333 0.08594137 0.3112293 0.1021792 0.2797957 0.1002073 0.2812145 0.09307432 0.3084461 0.1088984 0.2783768 0.1073403 0.2797957 0.1002073 0.305663 0.1156175 0.276958 0.1144733 0.2783768 0.1073403 0.3028798 0.1223366 0.2755392 0.1216063 0.276958 0.1144733 0.3000967 0.1290557 0.2741203 0.1287392 0.2755392 0.1216063 0.2973135 0.1357749 0.2727015 0.1358723 0.2741203 0.1287392 0.2945304 0.142494 0.2712826 0.1430053 0.2727015 0.1358723 0.2917473 0.1492131 0.2698638 0.1501382 0.2712826 0.1430053 0.2889641 0.1559323 0.268445 0.1572712 0.2698638 0.1501382 0.286181 0.1626514 0.2670261 0.1644042 0.268445 0.1572712 0.2833978 0.1693705 0.2656072 0.1715372 0.2670261 0.1644042 0.2806147 0.1760897 0.2641884 0.1786702 0.2656072 0.1715372 0.2778315 0.1828088 0.2627696 0.1858032 0.2641884 0.1786702 0.2750484 0.1895279 0.2613508 0.1929361 0.2627696 0.1858032 0.2722652 0.1962471 0.2599319 0.2000691 0.2613508 0.1929361 0.2694821 0.2029662 0.258513 0.2072021 0.2599319 0.2000691 0.2666989 0.2096853 0.2570942 0.2143351 0.258513 0.2072021 0.2639157 0.2164044 0.2556754 0.2214681 0.2570942 0.2143351 0.2611326 0.2231235 0.2542566 0.228601 0.2556754 0.2214681 0.2583495 0.2298427 0.2528377 0.2357341 0.2542566 0.228601 0.2555663 0.2365618 0.2514189 0.242867 0.2528377 0.2357341 0.3831961 0.05065792 0.3390609 0.03498804 0.3417471 0.02850294 0.3791025 0.05678445 0.3362777 0.04170715 0.3389273 0.03531038 0.3752558 0.06254136 0.3334946 0.04842627 0.3362777 0.04170715 0.3712154 0.06858843 0.3307114 0.05514538 0.3334946 0.04842627 0.3671748 0.0746355 0.3279283 0.06186449 0.3307114 0.05514538 0.3631343 0.08068251 0.3251451 0.06858366 0.3279283 0.06186449 0.3590939 0.08672958 0.322362 0.07530277 0.3251451 0.06858366 0.3550533 0.09277665 0.3195788 0.08202189 0.322362 0.07530277 0.3510128 0.09882366 0.3167956 0.088741 0.3195788 0.08202189 0.3469723 0.1048707 0.3140124 0.09546011 0.3167956 0.088741 0.3429318 0.1109178 0.3112293 0.1021792 0.3140124 0.09546011 0.3388913 0.1169648 0.3084461 0.1088984 0.3112293 0.1021792 0.3348507 0.1230119 0.305663 0.1156175 0.3084461 0.1088984 0.3308102 0.1290589 0.3028798 0.1223366 0.305663 0.1156175 0.3267697 0.135106 0.3000967 0.1290557 0.3028798 0.1223366 0.3227292 0.141153 0.2973135 0.1357749 0.3000967 0.1290557 0.3186887 0.1472001 0.2945304 0.142494 0.2973135 0.1357749 0.3146482 0.1532471 0.2917473 0.1492131 0.2945304 0.142494 0.3106077 0.1592942 0.2889641 0.1559323 0.2917473 0.1492131 0.3065671 0.1653413 0.286181 0.1626514 0.2889641 0.1559323 0.3025266 0.1713883 0.2833978 0.1693705 0.286181 0.1626514 0.2984861 0.1774353 0.2806147 0.1760897 0.2833978 0.1693705 0.2944456 0.1834824 0.2778315 0.1828088 0.2806147 0.1760897 0.2904051 0.1895295 0.2750484 0.1895279 0.2778315 0.1828088 0.2863646 0.1955765 0.2722652 0.1962471 0.2750484 0.1895279 0.2823241 0.2016236 0.2694821 0.2029662 0.2722652 0.1962471 0.2782836 0.2076706 0.2666989 0.2096853 0.2694821 0.2029662 0.2742431 0.2137177 0.2639157 0.2164044 0.2666989 0.2096853 0.2702026 0.2197648 0.2611326 0.2231235 0.2639157 0.2164044 0.266162 0.2258118 0.2583495 0.2298427 0.2611326 0.2231235 0.2621216 0.2318589 0.2555663 0.2365618 0.2583495 0.2298427 0.258081 0.2379059 0.2527832 0.2432809 0.2555663 0.2365618 0.4195265 0.08047354 0.3792963 0.05649429 0.3831961 0.05065792 0.4143162 0.0856837 0.3752558 0.06254136 0.3791025 0.05678445 0.4094204 0.09057956 0.3712154 0.06858843 0.3752558 0.06254136 0.4042778 0.09572213 0.3671748 0.0746355 0.3712154 0.06858843 0.3991352 0.1008647 0.3631343 0.08068251 0.3671748 0.0746355 0.3939926 0.1060073 0.3590939 0.08672958 0.3631343 0.08068251 0.38885 0.1111499 0.3550533 0.09277665 0.3590939 0.08672958 0.3837074 0.1162925 0.3510128 0.09882366 0.3550533 0.09277665 0.3785648 0.1214351 0.3469723 0.1048707 0.3510128 0.09882366 0.3734222 0.1265777 0.3429318 0.1109178 0.3469723 0.1048707 0.3682796 0.1317203 0.3388913 0.1169648 0.3429318 0.1109178 0.3631371 0.1368629 0.3348507 0.1230119 0.3388913 0.1169648 0.3579945 0.1420055 0.3308102 0.1290589 0.3348507 0.1230119 0.3528519 0.1471481 0.3267697 0.135106 0.3308102 0.1290589 0.3477093 0.1522907 0.3227292 0.141153 0.3267697 0.135106 0.3425667 0.1574333 0.3186887 0.1472001 0.3227292 0.141153 0.3374241 0.1625759 0.3146482 0.1532471 0.3186887 0.1472001 0.3322815 0.1677185 0.3106077 0.1592942 0.3146482 0.1532471 0.3271389 0.172861 0.3065671 0.1653413 0.3106077 0.1592942 0.3219963 0.1780037 0.3025266 0.1713883 0.3065671 0.1653413 0.3168537 0.1831462 0.2984861 0.1774353 0.3025266 0.1713883 0.3117111 0.1882889 0.2944456 0.1834824 0.2984861 0.1774353 0.3065685 0.1934314 0.2904051 0.1895295 0.2944456 0.1834824 0.3014259 0.1985741 0.2863646 0.1955765 0.2904051 0.1895295 0.2962833 0.2037166 0.2823241 0.2016236 0.2863646 0.1955765 0.2911407 0.2088593 0.2782836 0.2076706 0.2823241 0.2016236 0.2859982 0.2140018 0.2742431 0.2137177 0.2782836 0.2076706 0.2808556 0.2191444 0.2702026 0.2197648 0.2742431 0.2137177 0.275713 0.224287 0.266162 0.2258118 0.2702026 0.2197648 0.2705704 0.2294296 0.2621216 0.2318589 0.266162 0.2258118 0.2654278 0.2345722 0.258081 0.2379059 0.2621216 0.2318589 0.2602852 0.2397148 0.2540405 0.2439529 0.258081 0.2379059 0.4493421 0.1168038 0.414563 0.08543694 0.4195265 0.08047354 0.4432156 0.1208975 0.4094204 0.09057956 0.4143162 0.0856837 0.4374586 0.1247441 0.4042778 0.09572213 0.4094204 0.09057956 0.4314116 0.1287847 0.3991352 0.1008647 0.4042778 0.09572213 0.4253645 0.1328251 0.3939926 0.1060073 0.3991352 0.1008647 0.4193175 0.1368657 0.38885 0.1111499 0.3939926 0.1060073 0.4132704 0.1409062 0.3837074 0.1162925 0.38885 0.1111499 0.4072234 0.1449467 0.3785648 0.1214351 0.3837074 0.1162925 0.4011763 0.1489872 0.3734222 0.1265777 0.3785648 0.1214351 0.3951292 0.1530277 0.3682796 0.1317203 0.3734222 0.1265777 0.3890821 0.1570683 0.3631371 0.1368629 0.3682796 0.1317203 0.3830351 0.1611088 0.3579945 0.1420055 0.3631371 0.1368629 0.3769881 0.1651493 0.3528519 0.1471481 0.3579945 0.1420055 0.3709411 0.1691898 0.3477093 0.1522907 0.3528519 0.1471481 0.364894 0.1732303 0.3425667 0.1574333 0.3477093 0.1522907 0.358847 0.1772708 0.3374241 0.1625759 0.3425667 0.1574333 0.3527999 0.1813113 0.3322815 0.1677185 0.3374241 0.1625759 0.3467528 0.1853519 0.3271389 0.172861 0.3322815 0.1677185 0.3407058 0.1893923 0.3219963 0.1780037 0.3271389 0.172861 0.3346588 0.1934328 0.3168537 0.1831462 0.3219963 0.1780037 0.3286117 0.1974734 0.3117111 0.1882889 0.3168537 0.1831462 0.3225647 0.2015138 0.3065685 0.1934314 0.3117111 0.1882889 0.3165176 0.2055544 0.3014259 0.1985741 0.3065685 0.1934314 0.3104705 0.2095949 0.2962833 0.2037166 0.3014259 0.1985741 0.3044235 0.2136354 0.2911407 0.2088593 0.2962833 0.2037166 0.2983765 0.2176759 0.2859982 0.2140018 0.2911407 0.2088593 0.2923294 0.2217164 0.2808556 0.2191444 0.2859982 0.2140018 0.2862824 0.225757 0.275713 0.224287 0.2808556 0.2191444 0.2802353 0.2297974 0.2705704 0.2294296 0.275713 0.224287 0.2741882 0.233838 0.2654278 0.2345722 0.2705704 0.2294296 0.2681412 0.2378785 0.2602852 0.2397148 0.2654278 0.2345722 0.2620941 0.241919 0.2551426 0.2448574 0.2602852 0.2397148 0.471497 0.1582529 0.4435057 0.1207036 0.4493421 0.1168038 0.4646896 0.1610726 0.4374586 0.1247441 0.4432156 0.1208975 0.4582928 0.1637222 0.4314116 0.1287847 0.4374586 0.1247441 0.4515737 0.1665054 0.4253645 0.1328251 0.4314116 0.1287847 0.4448546 0.1692886 0.4193175 0.1368657 0.4253645 0.1328251 0.4381355 0.1720717 0.4132704 0.1409062 0.4193175 0.1368657 0.4314163 0.1748549 0.4072234 0.1449467 0.4132704 0.1409062 0.4246972 0.177638 0.4011763 0.1489872 0.4072234 0.1449467 0.4179781 0.1804212 0.3951292 0.1530277 0.4011763 0.1489872 0.411259 0.1832043 0.3890821 0.1570683 0.3951292 0.1530277 0.4045399 0.1859875 0.3830351 0.1611088 0.3890821 0.1570683 0.3978208 0.1887706 0.3769881 0.1651493 0.3830351 0.1611088 0.3911016 0.1915538 0.3709411 0.1691898 0.3769881 0.1651493 0.3843825 0.1943369 0.364894 0.1732303 0.3709411 0.1691898 0.3776634 0.1971201 0.358847 0.1772708 0.364894 0.1732303 0.3709442 0.1999032 0.3527999 0.1813113 0.358847 0.1772708 0.3642251 0.2026864 0.3467528 0.1853519 0.3527999 0.1813113 0.357506 0.2054695 0.3407058 0.1893923 0.3467528 0.1853519 0.3507869 0.2082527 0.3346588 0.1934328 0.3407058 0.1893923 0.3440677 0.2110359 0.3286117 0.1974734 0.3346588 0.1934328 0.3373486 0.213819 0.3225647 0.2015138 0.3286117 0.1974734 0.3306295 0.2166022 0.3165176 0.2055544 0.3225647 0.2015138 0.3239104 0.2193853 0.3104705 0.2095949 0.3165176 0.2055544 0.3171913 0.2221685 0.3044235 0.2136354 0.3104705 0.2095949 0.3104721 0.2249516 0.2983765 0.2176759 0.3044235 0.2136354 0.303753 0.2277348 0.2923294 0.2217164 0.2983765 0.2176759 0.2970339 0.2305179 0.2862824 0.225757 0.2923294 0.2217164 0.2903147 0.2333011 0.2802353 0.2297974 0.2862824 0.225757 0.2835956 0.2360842 0.2741882 0.233838 0.2802353 0.2297974 0.2768765 0.2388674 0.2681412 0.2378785 0.2741882 0.233838 0.2701574 0.2416505 0.2620941 0.241919 0.2681412 0.2378785 0.2634383 0.2444337 0.2560471 0.2459595 0.2620941 0.241919 0.4851399 0.2032277 0.465012 0.1609391 0.471497 0.1582529 0.4779132 0.2046652 0.4582928 0.1637222 0.4646896 0.1610726 0.4711225 0.206016 0.4515737 0.1665054 0.4582928 0.1637222 0.4639895 0.2074348 0.4448546 0.1692886 0.4515737 0.1665054 0.4568565 0.2088536 0.4381355 0.1720717 0.4448546 0.1692886 0.4497235 0.2102724 0.4314163 0.1748549 0.4381355 0.1720717 0.4425905 0.2116913 0.4246972 0.177638 0.4314163 0.1748549 0.4354575 0.2131102 0.4179781 0.1804212 0.4246972 0.177638 0.4283245 0.214529 0.411259 0.1832043 0.4179781 0.1804212 0.4211915 0.2159478 0.4045399 0.1859875 0.411259 0.1832043 0.4140586 0.2173666 0.3978208 0.1887706 0.4045399 0.1859875 0.4069256 0.2187855 0.3911016 0.1915538 0.3978208 0.1887706 0.3997926 0.2202044 0.3843825 0.1943369 0.3911016 0.1915538 0.3926597 0.2216232 0.3776634 0.1971201 0.3843825 0.1943369 0.3855267 0.2230421 0.3709442 0.1999032 0.3776634 0.1971201 0.3783937 0.2244609 0.3642251 0.2026864 0.3709442 0.1999032 0.3712607 0.2258797 0.357506 0.2054695 0.3642251 0.2026864 0.3641277 0.2272986 0.3507869 0.2082527 0.357506 0.2054695 0.3569948 0.2287174 0.3440677 0.2110359 0.3507869 0.2082527 0.3498618 0.2301362 0.3373486 0.213819 0.3440677 0.2110359 0.3427288 0.2315551 0.3306295 0.2166022 0.3373486 0.213819 0.3355958 0.2329739 0.3239104 0.2193853 0.3306295 0.2166022 0.3284628 0.2343928 0.3171913 0.2221685 0.3239104 0.2193853 0.3213298 0.2358116 0.3104721 0.2249516 0.3171913 0.2221685 0.3141968 0.2372304 0.303753 0.2277348 0.3104721 0.2249516 0.3070639 0.2386493 0.2970339 0.2305179 0.303753 0.2277348 0.2999309 0.2400681 0.2903147 0.2333011 0.2970339 0.2305179 0.2927979 0.241487 0.2835956 0.2360842 0.2903147 0.2333011 0.2856649 0.2429058 0.2768765 0.2388674 0.2835956 0.2360842 0.2785319 0.2443246 0.2701574 0.2416505 0.2768765 0.2388674 0.271399 0.2457435 0.2634383 0.2444337 0.2701574 0.2416505 0.264266 0.2471624 0.2567192 0.2472168 0.2634383 0.2444337 0.4897467 0.25 0.4782555 0.2045971 0.4851399 0.2032277 0.4823783 0.25 0.4711225 0.206016 0.4779132 0.2046652 0.4754545 0.25 0.4639895 0.2074348 0.4711225 0.206016 0.4681818 0.25 0.4568565 0.2088536 0.4639895 0.2074348 0.4609091 0.25 0.4497235 0.2102724 0.4568565 0.2088536 0.4536364 0.25 0.4425905 0.2116913 0.4497235 0.2102724 0.4463636 0.25 0.4354575 0.2131102 0.4425905 0.2116913 0.4390909 0.25 0.4283245 0.214529 0.4354575 0.2131102 0.4318181 0.25 0.4211915 0.2159478 0.4283245 0.214529 0.4245454 0.25 0.4140586 0.2173666 0.4211915 0.2159478 0.4172727 0.25 0.4069256 0.2187855 0.4140586 0.2173666 0.41 0.25 0.3997926 0.2202044 0.4069256 0.2187855 0.4027273 0.25 0.3926597 0.2216232 0.3997926 0.2202044 0.3954545 0.25 0.3855267 0.2230421 0.3926597 0.2216232 0.3881818 0.25 0.3783937 0.2244609 0.3855267 0.2230421 0.3809091 0.25 0.3712607 0.2258797 0.3783937 0.2244609 0.3736364 0.25 0.3641277 0.2272986 0.3712607 0.2258797 0.3663637 0.25 0.3569948 0.2287174 0.3641277 0.2272986 0.3590909 0.25 0.3498618 0.2301362 0.3569948 0.2287174 0.3518182 0.25 0.3427288 0.2315551 0.3498618 0.2301362 0.3445455 0.25 0.3355958 0.2329739 0.3427288 0.2315551 0.3372728 0.25 0.3284628 0.2343928 0.3355958 0.2329739 0.3300001 0.25 0.3213298 0.2358116 0.3284628 0.2343928 0.3227273 0.25 0.3141968 0.2372304 0.3213298 0.2358116 0.3154546 0.25 0.3070639 0.2386493 0.3141968 0.2372304 0.3081819 0.25 0.2999309 0.2400681 0.3070639 0.2386493 0.3009092 0.25 0.2927979 0.241487 0.2999309 0.2400681 0.2936364 0.25 0.2856649 0.2429058 0.2927979 0.241487 0.2863637 0.25 0.2785319 0.2443246 0.2856649 0.2429058 0.279091 0.25 0.271399 0.2457435 0.2785319 0.2443246 0.2718182 0.25 0.264266 0.2471624 0.271399 0.2457435 0.2645455 0.25 0.257133 0.2485812 0.264266 0.2471624 0.4851399 0.2967723 0.4827272 0.25 0.4897467 0.25 0.4779132 0.2953348 0.4754545 0.25 0.4823783 0.25 0.4711225 0.293984 0.4681818 0.25 0.4754545 0.25 0.4639895 0.2925652 0.4609091 0.25 0.4681818 0.25 0.4568565 0.2911463 0.4536364 0.25 0.4609091 0.25 0.4497235 0.2897275 0.4463636 0.25 0.4536364 0.25 0.4425905 0.2883087 0.4390909 0.25 0.4463636 0.25 0.4354575 0.2868899 0.4318181 0.25 0.4390909 0.25 0.4283245 0.285471 0.4245454 0.25 0.4318181 0.25 0.4211915 0.2840521 0.4172727 0.25 0.4245454 0.25 0.4140586 0.2826333 0.41 0.25 0.4172727 0.25 0.4069256 0.2812145 0.4027273 0.25 0.41 0.25 0.3997926 0.2797957 0.3954545 0.25 0.4027273 0.25 0.3926597 0.2783768 0.3881818 0.25 0.3954545 0.25 0.3855267 0.276958 0.3809091 0.25 0.3881818 0.25 0.3783937 0.2755392 0.3736364 0.25 0.3809091 0.25 0.3712607 0.2741203 0.3663637 0.25 0.3736364 0.25 0.3641277 0.2727015 0.3590909 0.25 0.3663637 0.25 0.3569948 0.2712826 0.3518182 0.25 0.3590909 0.25 0.3498618 0.2698638 0.3445455 0.25 0.3518182 0.25 0.3427288 0.268445 0.3372728 0.25 0.3445455 0.25 0.3355958 0.2670261 0.3300001 0.25 0.3372728 0.25 0.3284628 0.2656072 0.3227273 0.25 0.3300001 0.25 0.3213298 0.2641884 0.3154546 0.25 0.3227273 0.25 0.3141968 0.2627696 0.3081819 0.25 0.3154546 0.25 0.3070639 0.2613508 0.3009092 0.25 0.3081819 0.25 0.2999309 0.2599319 0.2936364 0.25 0.3009092 0.25 0.2927979 0.258513 0.2863637 0.25 0.2936364 0.25 0.2856649 0.2570942 0.279091 0.25 0.2863637 0.25 0.2785319 0.2556754 0.2718182 0.25 0.279091 0.25 0.271399 0.2542566 0.2645455 0.25 0.2718182 0.25 0.264266 0.2528377 0.2572728 0.25 0.2645455 0.25 0.471497 0.3417471 0.4782555 0.2954028 0.4851399 0.2967723 0.4646896 0.3389273 0.4711225 0.293984 0.4779132 0.2953348 0.4582928 0.3362777 0.4639895 0.2925652 0.4711225 0.293984 0.4515737 0.3334946 0.4568565 0.2911463 0.4639895 0.2925652 0.4448546 0.3307114 0.4497235 0.2897275 0.4568565 0.2911463 0.4381355 0.3279283 0.4425905 0.2883087 0.4497235 0.2897275 0.4314163 0.3251451 0.4354575 0.2868899 0.4425905 0.2883087 0.4246972 0.322362 0.4283245 0.285471 0.4354575 0.2868899 0.4179781 0.3195788 0.4211915 0.2840521 0.4283245 0.285471 0.411259 0.3167956 0.4140586 0.2826333 0.4211915 0.2840521 0.4045399 0.3140124 0.4069256 0.2812145 0.4140586 0.2826333 0.3978208 0.3112293 0.3997926 0.2797957 0.4069256 0.2812145 0.3911016 0.3084461 0.3926597 0.2783768 0.3997926 0.2797957 0.3843825 0.305663 0.3855267 0.276958 0.3926597 0.2783768 0.3776634 0.3028798 0.3783937 0.2755392 0.3855267 0.276958 0.3709442 0.3000967 0.3712607 0.2741203 0.3783937 0.2755392 0.3642251 0.2973135 0.3641277 0.2727015 0.3712607 0.2741203 0.357506 0.2945304 0.3569948 0.2712826 0.3641277 0.2727015 0.3507869 0.2917473 0.3498618 0.2698638 0.3569948 0.2712826 0.3440677 0.2889641 0.3427288 0.268445 0.3498618 0.2698638 0.3373486 0.286181 0.3355958 0.2670261 0.3427288 0.268445 0.3306295 0.2833978 0.3284628 0.2656072 0.3355958 0.2670261 0.3239104 0.2806147 0.3213298 0.2641884 0.3284628 0.2656072 0.3171913 0.2778315 0.3141968 0.2627696 0.3213298 0.2641884 0.3104721 0.2750484 0.3070639 0.2613508 0.3141968 0.2627696 0.303753 0.2722652 0.2999309 0.2599319 0.3070639 0.2613508 0.2970339 0.2694821 0.2927979 0.258513 0.2999309 0.2599319 0.2903147 0.2666989 0.2856649 0.2570942 0.2927979 0.258513 0.2835956 0.2639157 0.2785319 0.2556754 0.2856649 0.2570942 0.2768765 0.2611326 0.271399 0.2542566 0.2785319 0.2556754 0.2701574 0.2583495 0.264266 0.2528377 0.271399 0.2542566 0.2634383 0.2555663 0.257133 0.2514189 0.264266 0.2528377 0.4493421 0.3831961 0.465012 0.3390609 0.471497 0.3417471 0.4432155 0.3791025 0.4582928 0.3362777 0.4646896 0.3389273 0.4374586 0.3752558 0.4515737 0.3334946 0.4582928 0.3362777 0.4314116 0.3712154 0.4448546 0.3307114 0.4515737 0.3334946 0.4253645 0.3671748 0.4381355 0.3279283 0.4448546 0.3307114 0.4193175 0.3631343 0.4314163 0.3251451 0.4381355 0.3279283 0.4132704 0.3590939 0.4246972 0.322362 0.4314163 0.3251451 0.4072234 0.3550533 0.4179781 0.3195788 0.4246972 0.322362 0.4011763 0.3510128 0.411259 0.3167956 0.4179781 0.3195788 0.3951292 0.3469723 0.4045399 0.3140124 0.411259 0.3167956 0.3890821 0.3429318 0.3978208 0.3112293 0.4045399 0.3140124 0.3830351 0.3388913 0.3911016 0.3084461 0.3978208 0.3112293 0.3769881 0.3348507 0.3843825 0.305663 0.3911016 0.3084461 0.3709411 0.3308102 0.3776634 0.3028798 0.3843825 0.305663 0.364894 0.3267697 0.3709442 0.3000967 0.3776634 0.3028798 0.358847 0.3227292 0.3642251 0.2973135 0.3709442 0.3000967 0.3527999 0.3186887 0.357506 0.2945304 0.3642251 0.2973135 0.3467528 0.3146482 0.3507869 0.2917473 0.357506 0.2945304 0.3407058 0.3106077 0.3440677 0.2889641 0.3507869 0.2917473 0.3346588 0.3065671 0.3373486 0.286181 0.3440677 0.2889641 0.3286117 0.3025266 0.3306295 0.2833978 0.3373486 0.286181 0.3225647 0.2984861 0.3239104 0.2806147 0.3306295 0.2833978 0.3165176 0.2944456 0.3171913 0.2778315 0.3239104 0.2806147 0.3104705 0.2904051 0.3104721 0.2750484 0.3171913 0.2778315 0.3044235 0.2863646 0.303753 0.2722652 0.3104721 0.2750484 0.2983765 0.2823241 0.2970339 0.2694821 0.303753 0.2722652 0.2923294 0.2782836 0.2903147 0.2666989 0.2970339 0.2694821 0.2862824 0.2742431 0.2835956 0.2639157 0.2903147 0.2666989 0.2802353 0.2702026 0.2768765 0.2611326 0.2835956 0.2639157 0.2741882 0.266162 0.2701574 0.2583495 0.2768765 0.2611326 0.2681412 0.2621216 0.2634383 0.2555663 0.2701574 0.2583495 0.2620941 0.258081 0.2567192 0.2527832 0.2634383 0.2555663 0.4344343 0.4013613 0.4435057 0.3792963 0.4493421 0.3831961 0.4287659 0.3967094 0.4374586 0.3752558 0.4432155 0.3791025 0.4234395 0.3923381 0.4314116 0.3712154 0.4374586 0.3752558 0.4178447 0.3877466 0.4253645 0.3671748 0.4314116 0.3712154 0.4122499 0.3831551 0.4193175 0.3631343 0.4253645 0.3671748 0.4066551 0.3785635 0.4132704 0.3590939 0.4193175 0.3631343 0.4010602 0.3739719 0.4072234 0.3550533 0.4132704 0.3590939 0.3954654 0.3693804 0.4011763 0.3510128 0.4072234 0.3550533 0.3898706 0.3647888 0.3951292 0.3469723 0.4011763 0.3510128 0.3842757 0.3601973 0.3890821 0.3429318 0.3951292 0.3469723 0.3786809 0.3556057 0.3830351 0.3388913 0.3890821 0.3429318 0.3730861 0.3510142 0.3769881 0.3348507 0.3830351 0.3388913 0.3674913 0.3464226 0.3709411 0.3308102 0.3769881 0.3348507 0.3618965 0.3418311 0.364894 0.3267697 0.3709411 0.3308102 0.3563017 0.3372395 0.358847 0.3227292 0.364894 0.3267697 0.3507068 0.332648 0.3527999 0.3186887 0.358847 0.3227292 0.345112 0.3280564 0.3467528 0.3146482 0.3527999 0.3186887 0.3395172 0.3234649 0.3407058 0.3106077 0.3467528 0.3146482 0.3339224 0.3188733 0.3346588 0.3065671 0.3407058 0.3106077 0.3283275 0.3142817 0.3286117 0.3025266 0.3346588 0.3065671 0.3227328 0.3096902 0.3225647 0.2984861 0.3286117 0.3025266 0.3171379 0.3050986 0.3165176 0.2944456 0.3225647 0.2984861 0.3115431 0.3005071 0.3104705 0.2904051 0.3165176 0.2944456 0.3059483 0.2959155 0.3044235 0.2863646 0.3104705 0.2904051 0.3003534 0.291324 0.2983765 0.2823241 0.3044235 0.2863646 0.2947586 0.2867324 0.2923294 0.2782836 0.2983765 0.2823241 0.2891638 0.2821409 0.2862824 0.2742431 0.2923294 0.2782836 0.283569 0.2775493 0.2802353 0.2702026 0.2862824 0.2742431 0.2779741 0.2729578 0.2741882 0.266162 0.2802353 0.2702026 0.2723793 0.2683662 0.2681412 0.2621216 0.2741882 0.266162 0.2667845 0.2637747 0.2620941 0.258081 0.2681412 0.2621216 0.2611897 0.2591831 0.2560471 0.2540405 0.2620941 0.258081 0.3831961 0.4493421 0.414563 0.414563 0.4195265 0.4195265 0.3791025 0.4432155 0.4094204 0.4094204 0.4143163 0.4143163 0.3752558 0.4374586 0.4042778 0.4042778 0.4094204 0.4094204 0.3712154 0.4314116 0.3991352 0.3991352 0.4042778 0.4042778 0.3671748 0.4253645 0.3939926 0.3939926 0.3991352 0.3991352 0.3631343 0.4193175 0.38885 0.38885 0.3939926 0.3939926 0.3590939 0.4132704 0.3837074 0.3837074 0.38885 0.38885 0.3550533 0.4072234 0.3785648 0.3785648 0.3837074 0.3837074 0.3510128 0.4011763 0.3734222 0.3734222 0.3785648 0.3785648 0.3469723 0.3951292 0.3682796 0.3682796 0.3734222 0.3734222 0.3429318 0.3890821 0.3631371 0.3631371 0.3682796 0.3682796 0.3388913 0.3830351 0.3579945 0.3579945 0.3631371 0.3631371 0.3348507 0.3769881 0.3528519 0.3528519 0.3579945 0.3579945 0.3308102 0.3709411 0.3477093 0.3477093 0.3528519 0.3528519 0.3267697 0.364894 0.3425667 0.3425667 0.3477093 0.3477093 0.3227292 0.358847 0.3374241 0.3374241 0.3425667 0.3425667 0.3186887 0.3527999 0.3322815 0.3322815 0.3374241 0.3374241 0.3146482 0.3467528 0.3271389 0.3271389 0.3322815 0.3322815 0.3106077 0.3407058 0.3219963 0.3219963 0.3271389 0.3271389 0.3065671 0.3346588 0.3168537 0.3168537 0.3219963 0.3219963 0.3025266 0.3286117 0.3117111 0.3117111 0.3168537 0.3168537 0.2984861 0.3225647 0.3065685 0.3065685 0.3117111 0.3117111 0.2944456 0.3165176 0.3014259 0.3014259 0.3065685 0.3065685 0.2904051 0.3104705 0.2962833 0.2962833 0.3014259 0.3014259 0.2863646 0.3044235 0.2911407 0.2911407 0.2962833 0.2962833 0.2823241 0.2983765 0.2859982 0.2859982 0.2911407 0.2911407 0.2782836 0.2923294 0.2808556 0.2808556 0.2859982 0.2859982 0.2742431 0.2862824 0.275713 0.275713 0.2808556 0.2808556 0.2702026 0.2802353 0.2705704 0.2705704 0.275713 0.275713 0.266162 0.2741882 0.2654278 0.2654278 0.2705704 0.2705704 0.2621216 0.2681412 0.2602852 0.2602852 0.2654278 0.2654278 0.258081 0.2620941 0.2551426 0.2551426 0.2602852 0.2602852 0.3417471 0.4714971 0.3792963 0.4435057 0.3831961 0.4493421 0.3389273 0.4646896 0.3752558 0.4374586 0.3791025 0.4432155 0.3362777 0.4582928 0.3712154 0.4314116 0.3752558 0.4374586 0.3334946 0.4515737 0.3671748 0.4253645 0.3712154 0.4314116 0.3307114 0.4448546 0.3631343 0.4193175 0.3671748 0.4253645 0.3279283 0.4381355 0.3590939 0.4132704 0.3631343 0.4193175 0.3251451 0.4314163 0.3550533 0.4072234 0.3590939 0.4132704 0.322362 0.4246972 0.3510128 0.4011763 0.3550533 0.4072234 0.3195788 0.4179781 0.3469723 0.3951292 0.3510128 0.4011763 0.3167956 0.411259 0.3429318 0.3890821 0.3469723 0.3951292 0.3140124 0.4045399 0.3388913 0.3830351 0.3429318 0.3890821 0.3112293 0.3978208 0.3348507 0.3769881 0.3388913 0.3830351 0.3084461 0.3911016 0.3308102 0.3709411 0.3348507 0.3769881 0.305663 0.3843825 0.3267697 0.364894 0.3308102 0.3709411 0.3028798 0.3776634 0.3227292 0.358847 0.3267697 0.364894 0.3000967 0.3709442 0.3186887 0.3527999 0.3227292 0.358847 0.2973135 0.3642251 0.3146482 0.3467528 0.3186887 0.3527999 0.2945304 0.357506 0.3106077 0.3407058 0.3146482 0.3467528 0.2917473 0.3507869 0.3065671 0.3346588 0.3106077 0.3407058 0.2889641 0.3440677 0.3025266 0.3286117 0.3065671 0.3346588 0.286181 0.3373486 0.2984861 0.3225647 0.3025266 0.3286117 0.2833978 0.3306295 0.2944456 0.3165176 0.2984861 0.3225647 0.2806147 0.3239104 0.2904051 0.3104705 0.2944456 0.3165176 0.2778315 0.3171913 0.2863646 0.3044235 0.2904051 0.3104705 0.2750484 0.3104721 0.2823241 0.2983765 0.2863646 0.3044235 0.2722652 0.303753 0.2782836 0.2923294 0.2823241 0.2983765 0.2694821 0.2970339 0.2742431 0.2862824 0.2782836 0.2923294 0.2666989 0.2903147 0.2702026 0.2802353 0.2742431 0.2862824 0.2639157 0.2835956 0.266162 0.2741882 0.2702026 0.2802353 0.2611326 0.2768765 0.2621216 0.2681412 0.266162 0.2741882 0.2583495 0.2701574 0.258081 0.2620941 0.2621216 0.2681412 0.2555663 0.2634383 0.2540405 0.2560471 0.258081 0.2620941 0.2967723 0.48514 0.3390609 0.465012 0.3417471 0.4714971 0.2953348 0.4779132 0.3362777 0.4582928 0.3389273 0.4646896 0.293984 0.4711225 0.3334946 0.4515737 0.3362777 0.4582928 0.2925652 0.4639895 0.3307114 0.4448546 0.3334946 0.4515737 0.2911463 0.4568565 0.3279283 0.4381355 0.3307114 0.4448546 0.2897275 0.4497235 0.3251451 0.4314163 0.3279283 0.4381355 0.2883087 0.4425905 0.322362 0.4246972 0.3251451 0.4314163 0.2868899 0.4354575 0.3195788 0.4179781 0.322362 0.4246972 0.285471 0.4283245 0.3167956 0.411259 0.3195788 0.4179781 0.2840521 0.4211915 0.3140124 0.4045399 0.3167956 0.411259 0.2826333 0.4140586 0.3112293 0.3978208 0.3140124 0.4045399 0.2812145 0.4069256 0.3084461 0.3911016 0.3112293 0.3978208 0.2797957 0.3997926 0.305663 0.3843825 0.3084461 0.3911016 0.2783768 0.3926597 0.3028798 0.3776634 0.305663 0.3843825 0.276958 0.3855267 0.3000967 0.3709442 0.3028798 0.3776634 0.2755392 0.3783937 0.2973135 0.3642251 0.3000967 0.3709442 0.2741203 0.3712607 0.2945304 0.357506 0.2973135 0.3642251 0.2727015 0.3641277 0.2917473 0.3507869 0.2945304 0.357506 0.2712826 0.3569948 0.2889641 0.3440677 0.2917473 0.3507869 0.2698638 0.3498618 0.286181 0.3373486 0.2889641 0.3440677 0.268445 0.3427288 0.2833978 0.3306295 0.286181 0.3373486 0.2670261 0.3355958 0.2806147 0.3239104 0.2833978 0.3306295 0.2656072 0.3284628 0.2778315 0.3171913 0.2806147 0.3239104 0.2641884 0.3213298 0.2750484 0.3104721 0.2778315 0.3171913 0.2627696 0.3141968 0.2722652 0.303753 0.2750484 0.3104721 0.2613508 0.3070639 0.2694821 0.2970339 0.2722652 0.303753 0.2599319 0.2999309 0.2666989 0.2903147 0.2694821 0.2970339 0.258513 0.2927979 0.2639157 0.2835956 0.2666989 0.2903147 0.2570942 0.2856649 0.2611326 0.2768765 0.2639157 0.2835956 0.2556754 0.2785319 0.2583495 0.2701574 0.2611326 0.2768765 0.2542566 0.271399 0.2555663 0.2634383 0.2583495 0.2701574 0.2528377 0.264266 0.2527832 0.2567192 0.2555663 0.2634383 0.25 0.4897466 0.2954028 0.4782555 0.2967723 0.48514 0.25 0.4823783 0.293984 0.4711225 0.2953348 0.4779132 0.25 0.4754546 0.2925652 0.4639895 0.293984 0.4711225 0.25 0.4681819 0.2911463 0.4568565 0.2925652 0.4639895 0.25 0.4609091 0.2897275 0.4497235 0.2911463 0.4568565 0.25 0.4536364 0.2883087 0.4425905 0.2897275 0.4497235 0.25 0.4463636 0.2868899 0.4354575 0.2883087 0.4425905 0.25 0.4390909 0.285471 0.4283245 0.2868899 0.4354575 0.25 0.4318182 0.2840521 0.4211915 0.285471 0.4283245 0.25 0.4245454 0.2826333 0.4140586 0.2840521 0.4211915 0.25 0.4172727 0.2812145 0.4069256 0.2826333 0.4140586 0.25 0.41 0.2797957 0.3997926 0.2812145 0.4069256 0.25 0.4027272 0.2783768 0.3926597 0.2797957 0.3997926 0.25 0.3954545 0.276958 0.3855267 0.2783768 0.3926597 0.25 0.3881818 0.2755392 0.3783937 0.276958 0.3855267 0.25 0.380909 0.2741203 0.3712607 0.2755392 0.3783937 0.25 0.3736363 0.2727015 0.3641277 0.2741203 0.3712607 0.25 0.3663636 0.2712826 0.3569948 0.2727015 0.3641277 0.25 0.3590909 0.2698638 0.3498618 0.2712826 0.3569948 0.25 0.3518182 0.268445 0.3427288 0.2698638 0.3498618 0.25 0.3445454 0.2670261 0.3355958 0.268445 0.3427288 0.25 0.3372727 0.2656072 0.3284628 0.2670261 0.3355958 0.25 0.3299999 0.2641884 0.3213298 0.2656072 0.3284628 0.25 0.3227272 0.2627696 0.3141968 0.2641884 0.3213298 0.25 0.3154545 0.2613508 0.3070639 0.2627696 0.3141968 0.25 0.3081818 0.2599319 0.2999309 0.2613508 0.3070639 0.25 0.3009091 0.258513 0.2927979 0.2599319 0.2999309 0.25 0.2936363 0.2570942 0.2856649 0.258513 0.2927979 0.25 0.2863636 0.2556754 0.2785319 0.2570942 0.2856649 0.25 0.2790909 0.2542566 0.271399 0.2556754 0.2785319 0.25 0.2718182 0.2528377 0.264266 0.2542566 0.271399 0.25 0.2645455 0.2514189 0.257133 0.2528377 0.264266 0.25 0.4827273 0.2953348 0.4779132 0.2954028 0.4782555 0.2954028 0.4782555 0.3389273 0.4646896 0.3390609 0.465012 0.3390609 0.465012 0.3791025 0.4432155 0.3792963 0.4435057 0.3792963 0.4435057 0.4143163 0.4143163 0.414563 0.414563 0.4290343 0.3969297 0.4432155 0.3791025 0.4435057 0.3792963 0.4435057 0.3792963 0.4646896 0.3389273 0.465012 0.3390609 0.465012 0.3390609 0.4779132 0.2953348 0.4782555 0.2954028 0.4782555 0.2954028 0.4823783 0.25 0.4827272 0.25 0.4827272 0.25 0.4779132 0.2046652 0.4782555 0.2045971 0.4782555 0.2045971 0.4646896 0.1610726 0.465012 0.1609391 0.465012 0.1609391 0.4432156 0.1208975 0.4435057 0.1207036 0.4435057 0.1207036 0.4143162 0.0856837 0.414563 0.08543694 0.414563 0.08543694 0.3791025 0.05678445 0.3792963 0.05649429 0.3792963 0.05649429 0.3389273 0.03531038 0.3390609 0.03498804 0.3390609 0.03498804 0.2953348 0.02208673 0.2954028 0.02174448 0.2954028 0.02174448 0.25 0.01762163 0.25 0.01727271 0.25 0.01727271 0.2046652 0.02208673 0.2045971 0.02174448 0.2045971 0.02174448 0.1610726 0.03531038 0.1609391 0.03498804 0.1609391 0.03498804 0.1208975 0.05678445 0.1207036 0.05649429 0.1207036 0.05649429 0.0856837 0.0856837 0.08543694 0.08543694 0.08543694 0.08543694 0.05678445 0.1208975 0.05649429 0.1207036 0.05649429 0.1207036 0.03531038 0.1610726 0.03498804 0.1609391 0.03498804 0.1609391 0.02208673 0.2046652 0.02174448 0.2045971 0.02174448 0.2045971 0.01762169 0.25 0.01727271 0.25 0.01727271 0.25 0.02208673 0.2953348 0.02174448 0.2954028 0.02174448 0.2954028 0.03531038 0.3389273 0.03498804 0.3390609 0.03498804 0.3390609 0.05678445 0.3791025 0.05649429 0.3792963 0.05649429 0.3792963 0.0856837 0.4143162 0.08543694 0.414563 0.08543694 0.414563 0.1208975 0.4432155 0.1207036 0.4435057 0.1207036 0.4435057 0.1610726 0.4646896 0.1609391 0.465012 0.1609391 0.465012 0.2046652 0.4779132 0.2045971 0.4782555 0.2045971 0.4782555 0.25 0.4823783 0.25 0.4827273 0.414563 0.414563 0.4287659 0.3967094 0.4290343 0.3969297 0.2602852 0.2602852 0.2555949 0.2545916 0.2611897 0.2591831 0.2654278 0.2654278 0.2611897 0.2591831 0.2667845 0.2637747 0.2705704 0.2705704 0.2667845 0.2637747 0.2723793 0.2683662 0.275713 0.275713 0.2723793 0.2683662 0.2779741 0.2729578 0.2808556 0.2808556 0.2779741 0.2729578 0.283569 0.2775493 0.2859982 0.2859982 0.283569 0.2775493 0.2891638 0.2821409 0.2911407 0.2911407 0.2891638 0.2821409 0.2947586 0.2867324 0.2962833 0.2962833 0.2947586 0.2867324 0.3003534 0.291324 0.3014259 0.3014259 0.3003534 0.291324 0.3059483 0.2959155 0.3065685 0.3065685 0.3059483 0.2959155 0.3115431 0.3005071 0.3117111 0.3117111 0.3115431 0.3005071 0.3171379 0.3050986 0.3168537 0.3168537 0.3171379 0.3050986 0.3227328 0.3096902 0.3219963 0.3219963 0.3227328 0.3096902 0.3283275 0.3142817 0.3271389 0.3271389 0.3283275 0.3142817 0.3339224 0.3188733 0.3322815 0.3322815 0.3339224 0.3188733 0.3395172 0.3234649 0.3374241 0.3374241 0.3395172 0.3234649 0.345112 0.3280564 0.3425667 0.3425667 0.345112 0.3280564 0.3507068 0.332648 0.3477093 0.3477093 0.3507068 0.332648 0.3563017 0.3372395 0.3528519 0.3528519 0.3563017 0.3372395 0.3618965 0.3418311 0.3579945 0.3579945 0.3618965 0.3418311 0.3674913 0.3464226 0.3631371 0.3631371 0.3674913 0.3464226 0.3730861 0.3510142 0.3682796 0.3682796 0.3730861 0.3510142 0.3786809 0.3556057 0.3734222 0.3734222 0.3786809 0.3556057 0.3842757 0.3601973 0.3785648 0.3785648 0.3842757 0.3601973 0.3898706 0.3647888 0.3837074 0.3837074 0.3898706 0.3647888 0.3954654 0.3693804 0.38885 0.38885 0.3954654 0.3693804 0.4010602 0.3739719 0.3939926 0.3939926 0.4010602 0.3739719 0.4066551 0.3785635 0.3991352 0.3991352 0.4066551 0.3785635 0.4122499 0.3831551 0.4042778 0.4042778 0.4122499 0.3831551 0.4178447 0.3877466 0.4094204 0.4094204 0.4178447 0.3877466 0.4234395 0.3923381 0.4143163 0.4143163 0.4234395 0.3923381 0.4287659 0.3967094 0.4195265 0.4195265 0.4290343 0.3969297 0.4344343 0.4013613 0.4197056 0.4197056 0.4344343 0.4013613 0.4346292 0.4015212 0.25 0.49 0.2967723 0.48514 0.2968217 0.4853885 0.2968217 0.4853885 0.3417471 0.4714971 0.341844 0.4717311 0.341844 0.4717311 0.3831961 0.4493421 0.3833369 0.4495527 0.3833369 0.4495527 0.4195265 0.4195265 0.4197056 0.4197056 0.4346292 0.4015212 0.4493421 0.3831961 0.4495527 0.3833369 0.4495527 0.3833369 0.471497 0.3417471 0.4717311 0.341844 0.4717311 0.341844 0.48514 0.2967723 0.4853885 0.2968217 0.4853885 0.2968217 0.4897467 0.25 0.49 0.25 0.49 0.25 0.48514 0.2032277 0.4853885 0.2031783 0.4853885 0.2031783 0.471497 0.1582529 0.4717311 0.1581559 0.4717311 0.1581559 0.4493421 0.1168038 0.4495527 0.1166631 0.4495527 0.1166631 0.4195265 0.08047348 0.4197056 0.08029437 0.4197056 0.08029437 0.3831961 0.05065792 0.3833369 0.05044728 0.3833369 0.05044728 0.3417471 0.02850294 0.341844 0.02826887 0.341844 0.02826887 0.2967723 0.01485997 0.2968217 0.01461154 0.2968217 0.01461154 0.25 0.01025331 0.25 0.00999999 0.25 0.00999999 0.2032277 0.01485997 0.2031783 0.01461154 0.2031783 0.01461154 0.1582529 0.02850294 0.1581559 0.02826887 0.1581559 0.02826887 0.1168038 0.05065792 0.1166631 0.05044728 0.1166631 0.05044728 0.08047348 0.08047348 0.08029437 0.08029437 0.08029437 0.08029437 0.05065792 0.1168038 0.05044728 0.1166631 0.05044728 0.1166631 0.02850294 0.1582529 0.02826887 0.1581559 0.02826887 0.1581559 0.01485997 0.2032277 0.01461154 0.2031783 0.01461154 0.2031783 0.01025331 0.25 0.00999999 0.25 0.00999999 0.25 0.01485997 0.2967723 0.01461154 0.2968217 0.01461154 0.2968217 0.02850294 0.3417471 0.02826887 0.341844 0.02826887 0.341844 0.05065792 0.3831961 0.05044728 0.3833369 0.05044728 0.3833369 0.08047348 0.4195265 0.08029437 0.4197056 0.08029437 0.4197056 0.1168038 0.4493421 0.1166631 0.4495527 0.1166631 0.4495527 0.1582529 0.471497 0.1581559 0.4717311 0.1581559 0.4717311 0.2032277 0.48514 0.2031783 0.4853885 0.2031783 0.4853885 0.25 0.4897466 0.25 0.49 0.4195265 0.4195265 0.4344343 0.4013613 0.4344343 0.4013613 0.25 0.4897466 0.2967723 0.48514 0.2967723 0.48514 0.2967723 0.48514 0.3417471 0.4714971 0.3417471 0.4714971 0.3417471 0.4714971 0.3831961 0.4493421 0.3831961 0.4493421 0.3831961 0.4493421 0.4195265 0.4195265 0.4195265 0.4195265 0.4344343 0.4013613 0.4493421 0.3831961 0.4493421 0.3831961 0.4493421 0.3831961 0.471497 0.3417471 0.471497 0.3417471 0.471497 0.3417471 0.4851399 0.2967723 0.48514 0.2967723 0.48514 0.2967723 0.4897467 0.25 0.4897467 0.25 0.4897467 0.25 0.4851399 0.2032277 0.48514 0.2032277 0.48514 0.2032277 0.471497 0.1582529 0.471497 0.1582529 0.471497 0.1582529 0.4493421 0.1168038 0.4493421 0.1168038 0.4493421 0.1168038 0.4195265 0.08047354 0.4195265 0.08047348 0.4195265 0.08047348 0.3831961 0.05065792 0.3831961 0.05065792 0.3831961 0.05065792 0.3417471 0.02850294 0.3417471 0.02850294 0.3417471 0.02850294 0.2967723 0.01485997 0.2967723 0.01485997 0.2967723 0.01485997 0.25 0.01025331 0.25 0.01025331 0.25 0.01025331 0.2032277 0.01485997 0.2032277 0.01485997 0.2032277 0.01485997 0.1582529 0.02850294 0.1582529 0.02850294 0.1582529 0.02850294 0.1168039 0.05065792 0.1168038 0.05065792 0.1168038 0.05065792 0.08047348 0.08047348 0.08047348 0.08047348 0.08047348 0.08047348 0.05065792 0.1168038 0.05065792 0.1168038 0.05065792 0.1168038 0.02850294 0.1582529 0.02850294 0.1582529 0.02850294 0.1582529 0.01485997 0.2032277 0.01485997 0.2032277 0.01485997 0.2032277 0.01025331 0.25 0.01025331 0.25 0.01025331 0.25 0.01485997 0.2967723 0.01485997 0.2967723 0.01485997 0.2967723 0.02850294 0.3417471 0.02850294 0.3417471 0.02850294 0.3417471 0.05065792 0.3831961 0.05065792 0.3831961 0.05065792 0.3831961 0.08047348 0.4195265 0.08047348 0.4195265 0.08047348 0.4195265 0.1168038 0.449342 0.1168038 0.4493421 0.1168038 0.4493421 0.1582529 0.471497 0.1582529 0.471497 0.1582529 0.471497 0.2032277 0.48514 0.2032277 0.48514 0.2032277 0.48514 0.25 0.4897466 0.25 0.4897466 0.625 0.5 0.875 0.75 0.625 0.75 0.375 0.75 0.625 1 0.375 1 0.375 0 0.625 0.25 0.375 0.25 0.125 0.5 0.375 0.75 0.125 0.75 0.375 0.5 0.625 0.75 0.375 0.75 0.375 0.25 0.625 0.5 0.375 0.5 0.625 0.5 0.875 0.75 0.625 0.75 0.375 0.75 0.625 1 0.375 1 0.375 0 0.625 0.25 0.375 0.25 0.125 0.5 0.375 0.75 0.125 0.75 0.375 0.5 0.625 0.75 0.375 0.75 0.375 0.25 0.625 0.5 0.375 0.5 0.375 0 0.625 0.25 0.375 0.25 0.375 0.25 0.625 0.5 0.375 0.5 0.375 0.5 0.625 0.75 0.375 0.75 0.375 0.75 0.625 1 0.375 1 0.125 0.5 0.375 0.75 0.125 0.75 0.625 0.5 0.875 0.75 0.625 0.75 0.625 0.25 0.375 0.1493055 0.625 0.1493055 0.375 0 0.625 0.1006944 0.375 0.1006944 0.375 0.25 0.625 0.5 0.375 0.5 0.625 0.75 0.375 0.6493056 0.625 0.6493056 0.375 0.5 0.625 0.6006944 0.375 0.6006944 0.375 0.75 0.625 1 0.375 1 0.375 0.75 0.125 0.6493056 0.375 0.6493056 0.125 0.5 0.375 0.6006944 0.125 0.6006944 0.875 0.6493056 0.625 0.75 0.625 0.6493056 0.625 0.6006944 0.875 0.5 0.875 0.6006944 0.4666667 0.4375 0.5333334 0.3125 0.4666667 0.3125 0.5333334 0.9375 0.4666667 0.8125 0.4666667 0.9375 0.375 0 0.625 0 0.4125 0.02777773 0.625 0 0.625 0.02777773 0.4125 0.02777773 0.4125 0.02777773 0.3875 0.02777773 0.375 0 0.625 0.2222222 0.625 0.25 0.4125 0.2222222 0.625 0.25 0.375 0.25 0.4125 0.2222222 0.3875 0.2222222 0.4125 0.2222222 0.375 0.25 0.375 0 0.3875 0.02777773 0.375 0.25 0.375 0.25 0.625 0.25 0.625 0.5 0.625 0.7222222 0.625 0.75 0.4125 0.7222223 0.625 0.75 0.375 0.75 0.4125 0.7222223 0.375 0.5 0.625 0.5 0.4125 0.5277778 0.625 0.5 0.625 0.5277778 0.4125 0.5277778 0.4125 0.5277778 0.3875 0.5277778 0.375 0.5 0.3875 0.7222223 0.4125 0.7222223 0.375 0.75 0.3875 0.5277778 0.3875 0.7222223 0.375 0.75 0.375 0.75 0.625 0.75 0.625 1 0.125 0.5 0.375 0.5 0.375 0.75 0.875 0.7222222 0.875 0.75 0.625 0.75 0.625 0.5277778 0.625 0.5 0.875 0.5 0.3916667 0.3118421 0.3916667 0.3125 0.5333333 0.3125 0.5333333 0.3125 0.5333333 0.30625 0.3916667 0.3118421 0.3916667 0.3118421 0.3916667 0.30625 0.3900794 0.3119047 0.3916667 0.30625 0.375 0.30625 0.3900794 0.3119047 0.375 0.30625 0.375 0.3125 0.3900794 0.3119047 0.5333334 0.94375 0.5333333 0.9375 0.3916667 0.9375 0.3916667 0.9375 0.375 0.9375 0.375 0.94375 0.18125 0.5 0.18125 0.75 0.1875 0.75 0.375 0 0.625 0 0.625 0.25 0.375 0.25 0.625 0.25 0.625 0.5 0.375 0.5 0.625 0.5 0.625 0.75 0.375 0.75 0.625 0.75 0.625 1 0.125 0.5 0.375 0.5 0.375 0.75 0.625 0.5 0.875 0.5 0.875 0.75 0.375 0 0.625 0 0.625 0.25 0.375 0.25 0.625 0.25 0.625 0.5 0.375 0.5 0.625 0.5 0.625 0.75 0.375 0.75 0.625 0.75 0.625 1 0.125 0.5 0.375 0.5 0.375 0.75 0.625 0.5 0.875 0.5 0.875 0.75 0.2551426 0.2551426 0.25 0.25 0.2560471 0.2540405 0.7031784 0.4853885 0.75 0.49 0.75 0.00999999 0.75 0.49 0.7968217 0.4853885 0.75 0.00999999 0.7968217 0.4853885 0.841844 0.4717311 0.841844 0.02826887 0.841844 0.4717311 0.8833369 0.4495527 0.841844 0.02826887 0.8833369 0.4495527 0.9197056 0.4197056 0.9197056 0.08029437 0.9197056 0.4197056 0.9346292 0.4015212 0.9197056 0.08029437 0.9346292 0.4015212 0.9495527 0.3833369 0.9495527 0.1166631 0.9495527 0.3833369 0.9717311 0.341844 0.9717311 0.1581559 0.9717311 0.341844 0.9853885 0.2968217 0.9853885 0.2031783 0.9853885 0.2968217 0.99 0.25 0.9853885 0.2031783 0.9853885 0.2031783 0.9717311 0.1581559 0.9717311 0.341844 0.9717311 0.1581559 0.9495527 0.1166631 0.9495527 0.3833369 0.9495527 0.1166631 0.9197056 0.08029437 0.9346292 0.4015212 0.9197056 0.08029437 0.8833369 0.05044728 0.8833369 0.4495527 0.8833369 0.05044728 0.841844 0.02826887 0.8833369 0.4495527 0.841844 0.02826887 0.7968217 0.01461154 0.7968217 0.4853885 0.7968217 0.01461154 0.75 0.00999999 0.7968217 0.4853885 0.75 0.00999999 0.7031784 0.01461154 0.7031784 0.4853885 0.7031784 0.01461154 0.658156 0.02826887 0.658156 0.4717311 0.658156 0.02826887 0.6166632 0.05044728 0.6166632 0.4495527 0.6166632 0.05044728 0.5802944 0.08029437 0.5802944 0.4197056 0.5802944 0.08029437 0.5504473 0.1166631 0.5504473 0.3833369 0.5504473 0.1166631 0.5282689 0.1581559 0.5282689 0.341844 0.5282689 0.1581559 0.5146116 0.2031783 0.5282689 0.341844 0.5146116 0.2031783 0.51 0.25 0.5146116 0.2968217 0.5282689 0.341844 0.5146116 0.2031783 0.5146116 0.2968217 0.5282689 0.341844 0.5504473 0.3833369 0.5504473 0.1166631 0.5504473 0.3833369 0.5802944 0.4197056 0.5802944 0.08029437 0.5802944 0.4197056 0.6166632 0.4495527 0.6166632 0.05044728 0.6166632 0.4495527 0.658156 0.4717311 0.658156 0.02826887 0.2032277 0.48514 0.2045971 0.4782555 0.25 0.4827273 0.2046652 0.4779132 0.206016 0.4711225 0.25 0.4754546 0.206016 0.4711225 0.2074348 0.4639895 0.25 0.4681819 0.2074348 0.4639895 0.2088536 0.4568565 0.25 0.4609091 0.2088536 0.4568565 0.2102724 0.4497235 0.25 0.4536364 0.2102724 0.4497235 0.2116913 0.4425905 0.25 0.4463636 0.2116913 0.4425905 0.2131102 0.4354575 0.25 0.4390909 0.2131102 0.4354575 0.214529 0.4283245 0.25 0.4318182 0.214529 0.4283245 0.2159478 0.4211915 0.25 0.4245454 0.2159478 0.4211915 0.2173666 0.4140586 0.25 0.4172727 0.2173666 0.4140586 0.2187855 0.4069256 0.25 0.41 0.2187855 0.4069256 0.2202044 0.3997926 0.25 0.4027272 0.2202044 0.3997926 0.2216232 0.3926597 0.25 0.3954545 0.2216232 0.3926597 0.2230421 0.3855267 0.25 0.3881818 0.2230421 0.3855267 0.2244609 0.3783937 0.25 0.380909 0.2244609 0.3783937 0.2258797 0.3712607 0.25 0.3736363 0.2258797 0.3712607 0.2272986 0.3641277 0.25 0.3663636 0.2272986 0.3641277 0.2287174 0.3569948 0.25 0.3590909 0.2287174 0.3569948 0.2301362 0.3498618 0.25 0.3518182 0.2301362 0.3498618 0.2315551 0.3427288 0.25 0.3445454 0.2315551 0.3427288 0.2329739 0.3355958 0.25 0.3372727 0.2329739 0.3355958 0.2343928 0.3284628 0.25 0.3299999 0.2343928 0.3284628 0.2358116 0.3213298 0.25 0.3227272 0.2358116 0.3213298 0.2372304 0.3141968 0.25 0.3154545 0.2372304 0.3141968 0.2386493 0.3070639 0.25 0.3081818 0.2386493 0.3070639 0.2400681 0.2999309 0.25 0.3009091 0.2400681 0.2999309 0.241487 0.2927979 0.25 0.2936363 0.241487 0.2927979 0.2429058 0.2856649 0.25 0.2863636 0.2429058 0.2856649 0.2443246 0.2785319 0.25 0.2790909 0.2443246 0.2785319 0.2457435 0.271399 0.25 0.2718182 0.2457435 0.271399 0.2471624 0.264266 0.25 0.2645455 0.2471624 0.264266 0.2485812 0.257133 0.25 0.2572727 0.1582529 0.471497 0.1609391 0.465012 0.2045971 0.4782555 0.1610726 0.4646896 0.1637222 0.4582928 0.206016 0.4711225 0.1637222 0.4582928 0.1665054 0.4515737 0.2074348 0.4639895 0.1665054 0.4515737 0.1692886 0.4448546 0.2088536 0.4568565 0.1692886 0.4448546 0.1720717 0.4381355 0.2102724 0.4497235 0.1720717 0.4381355 0.1748549 0.4314163 0.2116913 0.4425905 0.1748549 0.4314163 0.177638 0.4246972 0.2131102 0.4354575 0.177638 0.4246972 0.1804212 0.4179781 0.214529 0.4283245 0.1804212 0.4179781 0.1832043 0.411259 0.2159478 0.4211915 0.1832043 0.411259 0.1859875 0.4045399 0.2173666 0.4140586 0.1859875 0.4045399 0.1887706 0.3978208 0.2187855 0.4069256 0.1887706 0.3978208 0.1915538 0.3911016 0.2202044 0.3997926 0.1915538 0.3911016 0.1943369 0.3843825 0.2216232 0.3926597 0.1943369 0.3843825 0.1971201 0.3776634 0.2230421 0.3855267 0.1971201 0.3776634 0.1999032 0.3709442 0.2244609 0.3783937 0.1999032 0.3709442 0.2026864 0.3642251 0.2258797 0.3712607 0.2026864 0.3642251 0.2054695 0.357506 0.2272986 0.3641277 0.2054695 0.357506 0.2082527 0.3507869 0.2287174 0.3569948 0.2082527 0.3507869 0.2110359 0.3440677 0.2301362 0.3498618 0.2110359 0.3440677 0.213819 0.3373486 0.2315551 0.3427288 0.213819 0.3373486 0.2166022 0.3306295 0.2329739 0.3355958 0.2166022 0.3306295 0.2193853 0.3239104 0.2343928 0.3284628 0.2193853 0.3239104 0.2221685 0.3171913 0.2358116 0.3213298 0.2221685 0.3171913 0.2249516 0.3104721 0.2372304 0.3141968 0.2249516 0.3104721 0.2277348 0.303753 0.2386493 0.3070639 0.2277348 0.303753 0.2305179 0.2970339 0.2400681 0.2999309 0.2305179 0.2970339 0.2333011 0.2903147 0.241487 0.2927979 0.2333011 0.2903147 0.2360842 0.2835956 0.2429058 0.2856649 0.2360842 0.2835956 0.2388674 0.2768765 0.2443246 0.2785319 0.2388674 0.2768765 0.2416505 0.2701574 0.2457435 0.271399 0.2416505 0.2701574 0.2444337 0.2634383 0.2471624 0.264266 0.2444337 0.2634383 0.2472168 0.2567192 0.2485812 0.257133 0.1168038 0.449342 0.1207036 0.4435057 0.1609391 0.465012 0.1208975 0.4432155 0.1247441 0.4374586 0.1637222 0.4582928 0.1247441 0.4374586 0.1287847 0.4314116 0.1665054 0.4515737 0.1287847 0.4314116 0.1328251 0.4253645 0.1692886 0.4448546 0.1328251 0.4253645 0.1368657 0.4193175 0.1720717 0.4381355 0.1368657 0.4193175 0.1409062 0.4132704 0.1748549 0.4314163 0.1409062 0.4132704 0.1449467 0.4072234 0.177638 0.4246972 0.1449467 0.4072234 0.1489872 0.4011763 0.1804212 0.4179781 0.1489872 0.4011763 0.1530277 0.3951292 0.1832043 0.411259 0.1530277 0.3951292 0.1570683 0.3890821 0.1859875 0.4045399 0.1570683 0.3890821 0.1611088 0.3830351 0.1887706 0.3978208 0.1611088 0.3830351 0.1651493 0.3769881 0.1915538 0.3911016 0.1651493 0.3769881 0.1691898 0.3709411 0.1943369 0.3843825 0.1691898 0.3709411 0.1732303 0.364894 0.1971201 0.3776634 0.1732303 0.364894 0.1772708 0.358847 0.1999032 0.3709442 0.1772708 0.358847 0.1813113 0.3527999 0.2026864 0.3642251 0.1813113 0.3527999 0.1853519 0.3467528 0.2054695 0.357506 0.1853519 0.3467528 0.1893923 0.3407058 0.2082527 0.3507869 0.1893923 0.3407058 0.1934328 0.3346588 0.2110359 0.3440677 0.1934328 0.3346588 0.1974734 0.3286117 0.213819 0.3373486 0.1974734 0.3286117 0.2015138 0.3225647 0.2166022 0.3306295 0.2015138 0.3225647 0.2055544 0.3165176 0.2193853 0.3239104 0.2055544 0.3165176 0.2095949 0.3104705 0.2221685 0.3171913 0.2095949 0.3104705 0.2136354 0.3044235 0.2249516 0.3104721 0.2136354 0.3044235 0.2176759 0.2983765 0.2277348 0.303753 0.2176759 0.2983765 0.2217164 0.2923294 0.2305179 0.2970339 0.2217164 0.2923294 0.225757 0.2862824 0.2333011 0.2903147 0.225757 0.2862824 0.2297974 0.2802353 0.2360842 0.2835956 0.2297974 0.2802353 0.233838 0.2741882 0.2388674 0.2768765 0.233838 0.2741882 0.2378785 0.2681412 0.2416505 0.2701574 0.2378785 0.2681412 0.241919 0.2620941 0.2444337 0.2634383 0.241919 0.2620941 0.2459595 0.2560471 0.2472168 0.2567192 0.08047348 0.4195265 0.08543694 0.414563 0.1207036 0.4435057 0.0856837 0.4143162 0.09057956 0.4094204 0.1247441 0.4374586 0.09057956 0.4094204 0.09572213 0.4042778 0.1287847 0.4314116 0.09572213 0.4042778 0.1008647 0.3991352 0.1328251 0.4253645 0.1008647 0.3991352 0.1060073 0.3939926 0.1368657 0.4193175 0.1060073 0.3939926 0.1111499 0.38885 0.1409062 0.4132704 0.1111499 0.38885 0.1162925 0.3837074 0.1449467 0.4072234 0.1162925 0.3837074 0.1214351 0.3785648 0.1489872 0.4011763 0.1214351 0.3785648 0.1265777 0.3734222 0.1530277 0.3951292 0.1265777 0.3734222 0.1317203 0.3682796 0.1570683 0.3890821 0.1317203 0.3682796 0.1368629 0.3631371 0.1611088 0.3830351 0.1368629 0.3631371 0.1420055 0.3579945 0.1651493 0.3769881 0.1420055 0.3579945 0.1471481 0.3528519 0.1691898 0.3709411 0.1471481 0.3528519 0.1522907 0.3477093 0.1732303 0.364894 0.1522907 0.3477093 0.1574333 0.3425667 0.1772708 0.358847 0.1574333 0.3425667 0.1625759 0.3374241 0.1813113 0.3527999 0.1625759 0.3374241 0.1677185 0.3322815 0.1853519 0.3467528 0.1677185 0.3322815 0.172861 0.3271389 0.1893923 0.3407058 0.172861 0.3271389 0.1780037 0.3219963 0.1934328 0.3346588 0.1780037 0.3219963 0.1831462 0.3168537 0.1974734 0.3286117 0.1831462 0.3168537 0.1882889 0.3117111 0.2015138 0.3225647 0.1882889 0.3117111 0.1934314 0.3065685 0.2055544 0.3165176 0.1934314 0.3065685 0.1985741 0.3014259 0.2095949 0.3104705 0.1985741 0.3014259 0.2037166 0.2962833 0.2136354 0.3044235 0.2037166 0.2962833 0.2088593 0.2911407 0.2176759 0.2983765 0.2088593 0.2911407 0.2140018 0.2859982 0.2217164 0.2923294 0.2140018 0.2859982 0.2191444 0.2808556 0.225757 0.2862824 0.2191444 0.2808556 0.224287 0.275713 0.2297974 0.2802353 0.224287 0.275713 0.2294296 0.2705704 0.233838 0.2741882 0.2294296 0.2705704 0.2345722 0.2654278 0.2378785 0.2681412 0.2345722 0.2654278 0.2397148 0.2602852 0.241919 0.2620941 0.2397148 0.2602852 0.2448574 0.2551426 0.2459595 0.2560471 0.05065792 0.3831961 0.05649429 0.3792963 0.08543694 0.414563 0.05678445 0.3791025 0.06254136 0.3752558 0.09057956 0.4094204 0.06254136 0.3752558 0.06858843 0.3712154 0.09572213 0.4042778 0.06858843 0.3712154 0.0746355 0.3671748 0.1008647 0.3991352 0.0746355 0.3671748 0.08068251 0.3631343 0.1060073 0.3939926 0.08068251 0.3631343 0.08672958 0.3590939 0.1111499 0.38885 0.08672958 0.3590939 0.09277665 0.3550533 0.1162925 0.3837074 0.09277665 0.3550533 0.09882366 0.3510128 0.1214351 0.3785648 0.09882366 0.3510128 0.1048707 0.3469723 0.1265777 0.3734222 0.1048707 0.3469723 0.1109178 0.3429318 0.1317203 0.3682796 0.1109178 0.3429318 0.1169648 0.3388913 0.1368629 0.3631371 0.1169648 0.3388913 0.1230119 0.3348507 0.1420055 0.3579945 0.1230119 0.3348507 0.1290589 0.3308102 0.1471481 0.3528519 0.1290589 0.3308102 0.135106 0.3267697 0.1522907 0.3477093 0.135106 0.3267697 0.141153 0.3227292 0.1574333 0.3425667 0.141153 0.3227292 0.1472001 0.3186887 0.1625759 0.3374241 0.1472001 0.3186887 0.1532471 0.3146482 0.1677185 0.3322815 0.1532471 0.3146482 0.1592942 0.3106077 0.172861 0.3271389 0.1592942 0.3106077 0.1653413 0.3065671 0.1780037 0.3219963 0.1653413 0.3065671 0.1713883 0.3025266 0.1831462 0.3168537 0.1713883 0.3025266 0.1774353 0.2984861 0.1882889 0.3117111 0.1774353 0.2984861 0.1834824 0.2944456 0.1934314 0.3065685 0.1834824 0.2944456 0.1895295 0.2904051 0.1985741 0.3014259 0.1895295 0.2904051 0.1955765 0.2863646 0.2037166 0.2962833 0.1955765 0.2863646 0.2016236 0.2823241 0.2088593 0.2911407 0.2016236 0.2823241 0.2076706 0.2782836 0.2140018 0.2859982 0.2076706 0.2782836 0.2137177 0.2742431 0.2191444 0.2808556 0.2137177 0.2742431 0.2197648 0.2702026 0.224287 0.275713 0.2197648 0.2702026 0.2258118 0.266162 0.2294296 0.2705704 0.2258118 0.266162 0.2318589 0.2621216 0.2345722 0.2654278 0.2318589 0.2621216 0.2379059 0.258081 0.2397148 0.2602852 0.2379059 0.258081 0.2439529 0.2540405 0.2448574 0.2551426 0.02850294 0.3417471 0.03498804 0.3390609 0.05649429 0.3792963 0.03531038 0.3389273 0.04170715 0.3362777 0.06254136 0.3752558 0.04170715 0.3362777 0.04842627 0.3334946 0.06858843 0.3712154 0.04842627 0.3334946 0.05514538 0.3307114 0.0746355 0.3671748 0.05514538 0.3307114 0.06186449 0.3279283 0.08068251 0.3631343 0.06186449 0.3279283 0.06858366 0.3251451 0.08672958 0.3590939 0.06858366 0.3251451 0.07530277 0.322362 0.09277665 0.3550533 0.07530277 0.322362 0.08202189 0.3195788 0.09882366 0.3510128 0.08202189 0.3195788 0.088741 0.3167956 0.1048707 0.3469723 0.088741 0.3167956 0.09546011 0.3140124 0.1109178 0.3429318 0.09546011 0.3140124 0.1021792 0.3112293 0.1169648 0.3388913 0.1021792 0.3112293 0.1088984 0.3084461 0.1230119 0.3348507 0.1088984 0.3084461 0.1156175 0.305663 0.1290589 0.3308102 0.1156175 0.305663 0.1223366 0.3028798 0.135106 0.3267697 0.1223366 0.3028798 0.1290557 0.3000967 0.141153 0.3227292 0.1290557 0.3000967 0.1357749 0.2973135 0.1472001 0.3186887 0.1357749 0.2973135 0.142494 0.2945304 0.1532471 0.3146482 0.142494 0.2945304 0.1492131 0.2917473 0.1592942 0.3106077 0.1492131 0.2917473 0.1559323 0.2889641 0.1653413 0.3065671 0.1559323 0.2889641 0.1626514 0.286181 0.1713883 0.3025266 0.1626514 0.286181 0.1693705 0.2833978 0.1774353 0.2984861 0.1693705 0.2833978 0.1760897 0.2806147 0.1834824 0.2944456 0.1760897 0.2806147 0.1828088 0.2778315 0.1895295 0.2904051 0.1828088 0.2778315 0.1895279 0.2750484 0.1955765 0.2863646 0.1895279 0.2750484 0.1962471 0.2722652 0.2016236 0.2823241 0.1962471 0.2722652 0.2029662 0.2694821 0.2076706 0.2782836 0.2029662 0.2694821 0.2096853 0.2666989 0.2137177 0.2742431 0.2096853 0.2666989 0.2164044 0.2639157 0.2197648 0.2702026 0.2164044 0.2639157 0.2231235 0.2611326 0.2258118 0.266162 0.2231235 0.2611326 0.2298427 0.2583495 0.2318589 0.2621216 0.2298427 0.2583495 0.2365618 0.2555663 0.2379059 0.258081 0.2365618 0.2555663 0.2432809 0.2527832 0.2439529 0.2540405 0.01485997 0.2967723 0.02174448 0.2954028 0.03498804 0.3390609 0.02208673 0.2953348 0.02887749 0.293984 0.04170715 0.3362777 0.02887749 0.293984 0.03601044 0.2925652 0.04842627 0.3334946 0.03601044 0.2925652 0.04314345 0.2911463 0.05514538 0.3307114 0.04314345 0.2911463 0.05027639 0.2897275 0.06186449 0.3279283 0.05027639 0.2897275 0.0574094 0.2883087 0.06858366 0.3251451 0.0574094 0.2883087 0.06454241 0.2868899 0.07530277 0.322362 0.06454241 0.2868899 0.07167536 0.285471 0.08202189 0.3195788 0.07167536 0.285471 0.07880836 0.2840521 0.088741 0.3167956 0.07880836 0.2840521 0.08594137 0.2826333 0.09546011 0.3140124 0.08594137 0.2826333 0.09307432 0.2812145 0.1021792 0.3112293 0.09307432 0.2812145 0.1002073 0.2797957 0.1088984 0.3084461 0.1002073 0.2797957 0.1073403 0.2783768 0.1156175 0.305663 0.1073403 0.2783768 0.1144733 0.276958 0.1223366 0.3028798 0.1144733 0.276958 0.1216063 0.2755392 0.1290557 0.3000967 0.1216063 0.2755392 0.1287392 0.2741203 0.1357749 0.2973135 0.1287392 0.2741203 0.1358723 0.2727015 0.142494 0.2945304 0.1358723 0.2727015 0.1430053 0.2712826 0.1492131 0.2917473 0.1430053 0.2712826 0.1501382 0.2698638 0.1559323 0.2889641 0.1501382 0.2698638 0.1572712 0.268445 0.1626514 0.286181 0.1572712 0.268445 0.1644042 0.2670261 0.1693705 0.2833978 0.1644042 0.2670261 0.1715372 0.2656072 0.1760897 0.2806147 0.1715372 0.2656072 0.1786702 0.2641884 0.1828088 0.2778315 0.1786702 0.2641884 0.1858032 0.2627696 0.1895279 0.2750484 0.1858032 0.2627696 0.1929361 0.2613508 0.1962471 0.2722652 0.1929361 0.2613508 0.2000691 0.2599319 0.2029662 0.2694821 0.2000691 0.2599319 0.2072021 0.258513 0.2096853 0.2666989 0.2072021 0.258513 0.2143351 0.2570942 0.2164044 0.2639157 0.2143351 0.2570942 0.2214681 0.2556754 0.2231235 0.2611326 0.2214681 0.2556754 0.228601 0.2542566 0.2298427 0.2583495 0.228601 0.2542566 0.2357341 0.2528377 0.2365618 0.2555663 0.2357341 0.2528377 0.242867 0.2514189 0.2432809 0.2527832 0.01025331 0.25 0.01727271 0.25 0.02174448 0.2954028 0.01762169 0.25 0.02454543 0.25 0.02887749 0.293984 0.02454543 0.25 0.03181815 0.25 0.03601044 0.2925652 0.03181815 0.25 0.03909087 0.25 0.04314345 0.2911463 0.03909087 0.25 0.04636359 0.25 0.05027639 0.2897275 0.04636359 0.25 0.05363637 0.25 0.0574094 0.2883087 0.05363637 0.25 0.06090909 0.25 0.06454241 0.2868899 0.06090909 0.25 0.06818181 0.25 0.07167536 0.285471 0.06818181 0.25 0.07545453 0.25 0.07880836 0.2840521 0.07545453 0.25 0.08272725 0.25 0.08594137 0.2826333 0.08272725 0.25 0.08999997 0.25 0.09307432 0.2812145 0.08999997 0.25 0.09727275 0.25 0.1002073 0.2797957 0.09727275 0.25 0.1045455 0.25 0.1073403 0.2783768 0.1045455 0.25 0.1118182 0.25 0.1144733 0.276958 0.1118182 0.25 0.1190909 0.25 0.1216063 0.2755392 0.1190909 0.25 0.1263636 0.25 0.1287392 0.2741203 0.1263636 0.25 0.1336364 0.25 0.1358723 0.2727015 0.1336364 0.25 0.1409091 0.25 0.1430053 0.2712826 0.1409091 0.25 0.1481818 0.25 0.1501382 0.2698638 0.1481818 0.25 0.1554545 0.25 0.1572712 0.268445 0.1554545 0.25 0.1627272 0.25 0.1644042 0.2670261 0.1627272 0.25 0.17 0.25 0.1715372 0.2656072 0.17 0.25 0.1772727 0.25 0.1786702 0.2641884 0.1772727 0.25 0.1845455 0.25 0.1858032 0.2627696 0.1845455 0.25 0.1918182 0.25 0.1929361 0.2613508 0.1918182 0.25 0.1990909 0.25 0.2000691 0.2599319 0.1990909 0.25 0.2063636 0.25 0.2072021 0.258513 0.2063636 0.25 0.2136363 0.25 0.2143351 0.2570942 0.2136363 0.25 0.2209091 0.25 0.2214681 0.2556754 0.2209091 0.25 0.2281818 0.25 0.228601 0.2542566 0.2281818 0.25 0.2354546 0.25 0.2357341 0.2528377 0.2354546 0.25 0.2427273 0.25 0.242867 0.2514189 0.01485997 0.2032277 0.02174448 0.2045971 0.01727271 0.25 0.02208673 0.2046652 0.02887749 0.206016 0.02454543 0.25 0.02887749 0.206016 0.03601044 0.2074348 0.03181815 0.25 0.03601044 0.2074348 0.04314345 0.2088536 0.03909087 0.25 0.04314345 0.2088536 0.05027639 0.2102724 0.04636359 0.25 0.05027639 0.2102724 0.0574094 0.2116913 0.05363637 0.25 0.0574094 0.2116913 0.06454241 0.2131102 0.06090909 0.25 0.06454241 0.2131102 0.07167536 0.214529 0.06818181 0.25 0.07167536 0.214529 0.07880836 0.2159478 0.07545453 0.25 0.07880836 0.2159478 0.08594137 0.2173666 0.08272725 0.25 0.08594137 0.2173666 0.09307432 0.2187855 0.08999997 0.25 0.09307432 0.2187855 0.1002073 0.2202044 0.09727275 0.25 0.1002073 0.2202044 0.1073403 0.2216232 0.1045455 0.25 0.1073403 0.2216232 0.1144733 0.2230421 0.1118182 0.25 0.1144733 0.2230421 0.1216063 0.2244609 0.1190909 0.25 0.1216063 0.2244609 0.1287392 0.2258797 0.1263636 0.25 0.1287392 0.2258797 0.1358723 0.2272986 0.1336364 0.25 0.1358723 0.2272986 0.1430053 0.2287174 0.1409091 0.25 0.1430053 0.2287174 0.1501382 0.2301362 0.1481818 0.25 0.1501382 0.2301362 0.1572712 0.2315551 0.1554545 0.25 0.1572712 0.2315551 0.1644042 0.2329739 0.1627272 0.25 0.1644042 0.2329739 0.1715372 0.2343928 0.17 0.25 0.1715372 0.2343928 0.1786702 0.2358116 0.1772727 0.25 0.1786702 0.2358116 0.1858032 0.2372304 0.1845455 0.25 0.1858032 0.2372304 0.1929361 0.2386493 0.1918182 0.25 0.1929361 0.2386493 0.2000691 0.2400681 0.1990909 0.25 0.2000691 0.2400681 0.2072021 0.241487 0.2063636 0.25 0.2072021 0.241487 0.2143351 0.2429058 0.2136363 0.25 0.2143351 0.2429058 0.2214681 0.2443246 0.2209091 0.25 0.2214681 0.2443246 0.228601 0.2457435 0.2281818 0.25 0.228601 0.2457435 0.2357341 0.2471624 0.2354546 0.25 0.2357341 0.2471624 0.242867 0.2485812 0.2427273 0.25 0.02850294 0.1582529 0.03498804 0.1609391 0.02174448 0.2045971 0.03531038 0.1610726 0.04170715 0.1637222 0.02887749 0.206016 0.04170715 0.1637222 0.04842627 0.1665054 0.03601044 0.2074348 0.04842627 0.1665054 0.05514538 0.1692886 0.04314345 0.2088536 0.05514538 0.1692886 0.06186449 0.1720717 0.05027639 0.2102724 0.06186449 0.1720717 0.06858366 0.1748549 0.0574094 0.2116913 0.06858366 0.1748549 0.07530277 0.177638 0.06454241 0.2131102 0.07530277 0.177638 0.08202189 0.1804212 0.07167536 0.214529 0.08202189 0.1804212 0.088741 0.1832043 0.07880836 0.2159478 0.088741 0.1832043 0.09546011 0.1859875 0.08594137 0.2173666 0.09546011 0.1859875 0.1021792 0.1887706 0.09307432 0.2187855 0.1021792 0.1887706 0.1088984 0.1915538 0.1002073 0.2202044 0.1088984 0.1915538 0.1156175 0.1943369 0.1073403 0.2216232 0.1156175 0.1943369 0.1223366 0.1971201 0.1144733 0.2230421 0.1223366 0.1971201 0.1290557 0.1999032 0.1216063 0.2244609 0.1290557 0.1999032 0.1357749 0.2026864 0.1287392 0.2258797 0.1357749 0.2026864 0.142494 0.2054695 0.1358723 0.2272986 0.142494 0.2054695 0.1492131 0.2082527 0.1430053 0.2287174 0.1492131 0.2082527 0.1559323 0.2110359 0.1501382 0.2301362 0.1559323 0.2110359 0.1626514 0.213819 0.1572712 0.2315551 0.1626514 0.213819 0.1693705 0.2166022 0.1644042 0.2329739 0.1693705 0.2166022 0.1760897 0.2193853 0.1715372 0.2343928 0.1760897 0.2193853 0.1828088 0.2221685 0.1786702 0.2358116 0.1828088 0.2221685 0.1895279 0.2249516 0.1858032 0.2372304 0.1895279 0.2249516 0.1962471 0.2277348 0.1929361 0.2386493 0.1962471 0.2277348 0.2029662 0.2305179 0.2000691 0.2400681 0.2029662 0.2305179 0.2096853 0.2333011 0.2072021 0.241487 0.2096853 0.2333011 0.2164044 0.2360842 0.2143351 0.2429058 0.2164044 0.2360842 0.2231235 0.2388674 0.2214681 0.2443246 0.2231235 0.2388674 0.2298427 0.2416505 0.228601 0.2457435 0.2298427 0.2416505 0.2365618 0.2444337 0.2357341 0.2471624 0.2365618 0.2444337 0.2432809 0.2472168 0.242867 0.2485812 0.05065792 0.1168038 0.05649429 0.1207036 0.03498804 0.1609391 0.05678445 0.1208975 0.06254136 0.1247441 0.04170715 0.1637222 0.06254136 0.1247441 0.06858843 0.1287847 0.04842627 0.1665054 0.06858843 0.1287847 0.0746355 0.1328251 0.05514538 0.1692886 0.0746355 0.1328251 0.08068251 0.1368657 0.06186449 0.1720717 0.08068251 0.1368657 0.08672958 0.1409062 0.06858366 0.1748549 0.08672958 0.1409062 0.09277665 0.1449467 0.07530277 0.177638 0.09277665 0.1449467 0.09882366 0.1489872 0.08202189 0.1804212 0.09882366 0.1489872 0.1048707 0.1530277 0.088741 0.1832043 0.1048707 0.1530277 0.1109178 0.1570683 0.09546011 0.1859875 0.1109178 0.1570683 0.1169648 0.1611088 0.1021792 0.1887706 0.1169648 0.1611088 0.1230119 0.1651493 0.1088984 0.1915538 0.1230119 0.1651493 0.1290589 0.1691898 0.1156175 0.1943369 0.1290589 0.1691898 0.135106 0.1732303 0.1223366 0.1971201 0.135106 0.1732303 0.141153 0.1772708 0.1290557 0.1999032 0.141153 0.1772708 0.1472001 0.1813113 0.1357749 0.2026864 0.1472001 0.1813113 0.1532471 0.1853519 0.142494 0.2054695 0.1532471 0.1853519 0.1592942 0.1893923 0.1492131 0.2082527 0.1592942 0.1893923 0.1653413 0.1934328 0.1559323 0.2110359 0.1653413 0.1934328 0.1713883 0.1974734 0.1626514 0.213819 0.1713883 0.1974734 0.1774353 0.2015138 0.1693705 0.2166022 0.1774353 0.2015138 0.1834824 0.2055544 0.1760897 0.2193853 0.1834824 0.2055544 0.1895295 0.2095949 0.1828088 0.2221685 0.1895295 0.2095949 0.1955765 0.2136354 0.1895279 0.2249516 0.1955765 0.2136354 0.2016236 0.2176759 0.1962471 0.2277348 0.2016236 0.2176759 0.2076706 0.2217164 0.2029662 0.2305179 0.2076706 0.2217164 0.2137177 0.225757 0.2096853 0.2333011 0.2137177 0.225757 0.2197648 0.2297974 0.2164044 0.2360842 0.2197648 0.2297974 0.2258118 0.233838 0.2231235 0.2388674 0.2258118 0.233838 0.2318589 0.2378785 0.2298427 0.2416505 0.2318589 0.2378785 0.2379059 0.241919 0.2365618 0.2444337 0.2379059 0.241919 0.2439529 0.2459595 0.2432809 0.2472168 0.08047348 0.08047348 0.08543694 0.08543694 0.05649429 0.1207036 0.0856837 0.0856837 0.09057956 0.09057956 0.06254136 0.1247441 0.09057956 0.09057956 0.09572213 0.09572213 0.06858843 0.1287847 0.09572213 0.09572213 0.1008647 0.1008647 0.0746355 0.1328251 0.1008647 0.1008647 0.1060073 0.1060073 0.08068251 0.1368657 0.1060073 0.1060073 0.1111499 0.1111499 0.08672958 0.1409062 0.1111499 0.1111499 0.1162925 0.1162925 0.09277665 0.1449467 0.1162925 0.1162925 0.1214351 0.1214351 0.09882366 0.1489872 0.1214351 0.1214351 0.1265777 0.1265777 0.1048707 0.1530277 0.1265777 0.1265777 0.1317203 0.1317203 0.1109178 0.1570683 0.1317203 0.1317203 0.1368629 0.1368629 0.1169648 0.1611088 0.1368629 0.1368629 0.1420055 0.1420055 0.1230119 0.1651493 0.1420055 0.1420055 0.1471481 0.1471481 0.1290589 0.1691898 0.1471481 0.1471481 0.1522907 0.1522907 0.135106 0.1732303 0.1522907 0.1522907 0.1574333 0.1574333 0.141153 0.1772708 0.1574333 0.1574333 0.1625759 0.1625759 0.1472001 0.1813113 0.1625759 0.1625759 0.1677185 0.1677185 0.1532471 0.1853519 0.1677185 0.1677185 0.172861 0.172861 0.1592942 0.1893923 0.172861 0.172861 0.1780037 0.1780037 0.1653413 0.1934328 0.1780037 0.1780037 0.1831462 0.1831462 0.1713883 0.1974734 0.1831462 0.1831462 0.1882889 0.1882889 0.1774353 0.2015138 0.1882889 0.1882889 0.1934314 0.1934314 0.1834824 0.2055544 0.1934314 0.1934314 0.1985741 0.1985741 0.1895295 0.2095949 0.1985741 0.1985741 0.2037166 0.2037166 0.1955765 0.2136354 0.2037166 0.2037166 0.2088593 0.2088593 0.2016236 0.2176759 0.2088593 0.2088593 0.2140018 0.2140018 0.2076706 0.2217164 0.2140018 0.2140018 0.2191444 0.2191444 0.2137177 0.225757 0.2191444 0.2191444 0.224287 0.224287 0.2197648 0.2297974 0.224287 0.224287 0.2294296 0.2294296 0.2258118 0.233838 0.2294296 0.2294296 0.2345722 0.2345722 0.2318589 0.2378785 0.2345722 0.2345722 0.2397148 0.2397148 0.2379059 0.241919 0.2397148 0.2397148 0.2448574 0.2448574 0.2439529 0.2459595 0.1168039 0.05065792 0.1207036 0.05649429 0.08543694 0.08543694 0.1208975 0.05678445 0.1247441 0.06254136 0.09057956 0.09057956 0.1247441 0.06254136 0.1287847 0.06858843 0.09572213 0.09572213 0.1287847 0.06858843 0.1328251 0.0746355 0.1008647 0.1008647 0.1328251 0.0746355 0.1368657 0.08068251 0.1060073 0.1060073 0.1368657 0.08068251 0.1409062 0.08672958 0.1111499 0.1111499 0.1409062 0.08672958 0.1449467 0.09277665 0.1162925 0.1162925 0.1449467 0.09277665 0.1489872 0.09882366 0.1214351 0.1214351 0.1489872 0.09882366 0.1530277 0.1048707 0.1265777 0.1265777 0.1530277 0.1048707 0.1570683 0.1109178 0.1317203 0.1317203 0.1570683 0.1109178 0.1611088 0.1169648 0.1368629 0.1368629 0.1611088 0.1169648 0.1651493 0.1230119 0.1420055 0.1420055 0.1651493 0.1230119 0.1691898 0.1290589 0.1471481 0.1471481 0.1691898 0.1290589 0.1732303 0.135106 0.1522907 0.1522907 0.1732303 0.135106 0.1772708 0.141153 0.1574333 0.1574333 0.1772708 0.141153 0.1813113 0.1472001 0.1625759 0.1625759 0.1813113 0.1472001 0.1853519 0.1532471 0.1677185 0.1677185 0.1853519 0.1532471 0.1893923 0.1592942 0.172861 0.172861 0.1893923 0.1592942 0.1934328 0.1653413 0.1780037 0.1780037 0.1934328 0.1653413 0.1974734 0.1713883 0.1831462 0.1831462 0.1974734 0.1713883 0.2015138 0.1774353 0.1882889 0.1882889 0.2015138 0.1774353 0.2055544 0.1834824 0.1934314 0.1934314 0.2055544 0.1834824 0.2095949 0.1895295 0.1985741 0.1985741 0.2095949 0.1895295 0.2136354 0.1955765 0.2037166 0.2037166 0.2136354 0.1955765 0.2176759 0.2016236 0.2088593 0.2088593 0.2176759 0.2016236 0.2217164 0.2076706 0.2140018 0.2140018 0.2217164 0.2076706 0.225757 0.2137177 0.2191444 0.2191444 0.225757 0.2137177 0.2297974 0.2197648 0.224287 0.224287 0.2297974 0.2197648 0.233838 0.2258118 0.2294296 0.2294296 0.233838 0.2258118 0.2378785 0.2318589 0.2345722 0.2345722 0.2378785 0.2318589 0.241919 0.2379059 0.2397148 0.2397148 0.241919 0.2379059 0.2459595 0.2439529 0.2448574 0.2448574 0.1582529 0.02850294 0.1609391 0.03498804 0.1207036 0.05649429 0.1610726 0.03531038 0.1637222 0.04170715 0.1247441 0.06254136 0.1637222 0.04170715 0.1665054 0.04842627 0.1287847 0.06858843 0.1665054 0.04842627 0.1692886 0.05514538 0.1328251 0.0746355 0.1692886 0.05514538 0.1720717 0.06186449 0.1368657 0.08068251 0.1720717 0.06186449 0.1748549 0.06858366 0.1409062 0.08672958 0.1748549 0.06858366 0.177638 0.07530277 0.1449467 0.09277665 0.177638 0.07530277 0.1804212 0.08202189 0.1489872 0.09882366 0.1804212 0.08202189 0.1832043 0.088741 0.1530277 0.1048707 0.1832043 0.088741 0.1859875 0.09546011 0.1570683 0.1109178 0.1859875 0.09546011 0.1887706 0.1021792 0.1611088 0.1169648 0.1887706 0.1021792 0.1915538 0.1088984 0.1651493 0.1230119 0.1915538 0.1088984 0.1943369 0.1156175 0.1691898 0.1290589 0.1943369 0.1156175 0.1971201 0.1223366 0.1732303 0.135106 0.1971201 0.1223366 0.1999032 0.1290557 0.1772708 0.141153 0.1999032 0.1290557 0.2026864 0.1357749 0.1813113 0.1472001 0.2026864 0.1357749 0.2054695 0.142494 0.1853519 0.1532471 0.2054695 0.142494 0.2082527 0.1492131 0.1893923 0.1592942 0.2082527 0.1492131 0.2110359 0.1559323 0.1934328 0.1653413 0.2110359 0.1559323 0.213819 0.1626514 0.1974734 0.1713883 0.213819 0.1626514 0.2166022 0.1693705 0.2015138 0.1774353 0.2166022 0.1693705 0.2193853 0.1760897 0.2055544 0.1834824 0.2193853 0.1760897 0.2221685 0.1828088 0.2095949 0.1895295 0.2221685 0.1828088 0.2249516 0.1895279 0.2136354 0.1955765 0.2249516 0.1895279 0.2277348 0.1962471 0.2176759 0.2016236 0.2277348 0.1962471 0.2305179 0.2029662 0.2217164 0.2076706 0.2305179 0.2029662 0.2333011 0.2096853 0.225757 0.2137177 0.2333011 0.2096853 0.2360842 0.2164044 0.2297974 0.2197648 0.2360842 0.2164044 0.2388674 0.2231235 0.233838 0.2258118 0.2388674 0.2231235 0.2416505 0.2298427 0.2378785 0.2318589 0.2416505 0.2298427 0.2444337 0.2365618 0.241919 0.2379059 0.2444337 0.2365618 0.2472168 0.2432809 0.2459595 0.2439529 0.2032277 0.01485997 0.2045971 0.02174448 0.1609391 0.03498804 0.2046652 0.02208673 0.206016 0.02887749 0.1637222 0.04170715 0.206016 0.02887749 0.2074348 0.03601044 0.1665054 0.04842627 0.2074348 0.03601044 0.2088536 0.04314345 0.1692886 0.05514538 0.2088536 0.04314345 0.2102724 0.05027639 0.1720717 0.06186449 0.2102724 0.05027639 0.2116913 0.0574094 0.1748549 0.06858366 0.2116913 0.0574094 0.2131102 0.06454241 0.177638 0.07530277 0.2131102 0.06454241 0.214529 0.07167536 0.1804212 0.08202189 0.214529 0.07167536 0.2159478 0.07880836 0.1832043 0.088741 0.2159478 0.07880836 0.2173666 0.08594137 0.1859875 0.09546011 0.2173666 0.08594137 0.2187855 0.09307432 0.1887706 0.1021792 0.2187855 0.09307432 0.2202044 0.1002073 0.1915538 0.1088984 0.2202044 0.1002073 0.2216232 0.1073403 0.1943369 0.1156175 0.2216232 0.1073403 0.2230421 0.1144733 0.1971201 0.1223366 0.2230421 0.1144733 0.2244609 0.1216063 0.1999032 0.1290557 0.2244609 0.1216063 0.2258797 0.1287392 0.2026864 0.1357749 0.2258797 0.1287392 0.2272986 0.1358723 0.2054695 0.142494 0.2272986 0.1358723 0.2287174 0.1430053 0.2082527 0.1492131 0.2287174 0.1430053 0.2301362 0.1501382 0.2110359 0.1559323 0.2301362 0.1501382 0.2315551 0.1572712 0.213819 0.1626514 0.2315551 0.1572712 0.2329739 0.1644042 0.2166022 0.1693705 0.2329739 0.1644042 0.2343928 0.1715372 0.2193853 0.1760897 0.2343928 0.1715372 0.2358116 0.1786702 0.2221685 0.1828088 0.2358116 0.1786702 0.2372304 0.1858032 0.2249516 0.1895279 0.2372304 0.1858032 0.2386493 0.1929361 0.2277348 0.1962471 0.2386493 0.1929361 0.2400681 0.2000691 0.2305179 0.2029662 0.2400681 0.2000691 0.241487 0.2072021 0.2333011 0.2096853 0.241487 0.2072021 0.2429058 0.2143351 0.2360842 0.2164044 0.2429058 0.2143351 0.2443246 0.2214681 0.2388674 0.2231235 0.2443246 0.2214681 0.2457435 0.228601 0.2416505 0.2298427 0.2457435 0.228601 0.2471624 0.2357341 0.2444337 0.2365618 0.2471624 0.2357341 0.2485812 0.242867 0.2472168 0.2432809 0.25 0.01025331 0.25 0.01727271 0.2045971 0.02174448 0.25 0.01762163 0.25 0.02454543 0.206016 0.02887749 0.25 0.02454543 0.25 0.03181815 0.2074348 0.03601044 0.25 0.03181815 0.25 0.03909087 0.2088536 0.04314345 0.25 0.03909087 0.25 0.04636359 0.2102724 0.05027639 0.25 0.04636359 0.25 0.05363637 0.2116913 0.0574094 0.25 0.05363637 0.25 0.06090909 0.2131102 0.06454241 0.25 0.06090909 0.25 0.06818181 0.214529 0.07167536 0.25 0.06818181 0.25 0.07545453 0.2159478 0.07880836 0.25 0.07545453 0.25 0.08272725 0.2173666 0.08594137 0.25 0.08272725 0.25 0.08999997 0.2187855 0.09307432 0.25 0.08999997 0.25 0.09727275 0.2202044 0.1002073 0.25 0.09727275 0.25 0.1045455 0.2216232 0.1073403 0.25 0.1045455 0.25 0.1118182 0.2230421 0.1144733 0.25 0.1118182 0.25 0.1190909 0.2244609 0.1216063 0.25 0.1190909 0.25 0.1263636 0.2258797 0.1287392 0.25 0.1263636 0.25 0.1336364 0.2272986 0.1358723 0.25 0.1336364 0.25 0.1409091 0.2287174 0.1430053 0.25 0.1409091 0.25 0.1481818 0.2301362 0.1501382 0.25 0.1481818 0.25 0.1554545 0.2315551 0.1572712 0.25 0.1554545 0.25 0.1627272 0.2329739 0.1644042 0.25 0.1627272 0.25 0.17 0.2343928 0.1715372 0.25 0.17 0.25 0.1772727 0.2358116 0.1786702 0.25 0.1772727 0.25 0.1845455 0.2372304 0.1858032 0.25 0.1845455 0.25 0.1918182 0.2386493 0.1929361 0.25 0.1918182 0.25 0.1990909 0.2400681 0.2000691 0.25 0.1990909 0.25 0.2063636 0.241487 0.2072021 0.25 0.2063636 0.25 0.2136363 0.2429058 0.2143351 0.25 0.2136363 0.25 0.2209091 0.2443246 0.2214681 0.25 0.2209091 0.25 0.2281818 0.2457435 0.228601 0.25 0.2281818 0.25 0.2354546 0.2471624 0.2357341 0.25 0.2354546 0.25 0.2427273 0.2485812 0.242867 0.2967723 0.01485997 0.2954028 0.02174448 0.25 0.01727271 0.2953348 0.02208673 0.293984 0.02887749 0.25 0.02454543 0.293984 0.02887749 0.2925652 0.03601044 0.25 0.03181815 0.2925652 0.03601044 0.2911463 0.04314345 0.25 0.03909087 0.2911463 0.04314345 0.2897275 0.05027639 0.25 0.04636359 0.2897275 0.05027639 0.2883087 0.0574094 0.25 0.05363637 0.2883087 0.0574094 0.2868899 0.06454241 0.25 0.06090909 0.2868899 0.06454241 0.285471 0.07167536 0.25 0.06818181 0.285471 0.07167536 0.2840521 0.07880836 0.25 0.07545453 0.2840521 0.07880836 0.2826333 0.08594137 0.25 0.08272725 0.2826333 0.08594137 0.2812145 0.09307432 0.25 0.08999997 0.2812145 0.09307432 0.2797957 0.1002073 0.25 0.09727275 0.2797957 0.1002073 0.2783768 0.1073403 0.25 0.1045455 0.2783768 0.1073403 0.276958 0.1144733 0.25 0.1118182 0.276958 0.1144733 0.2755392 0.1216063 0.25 0.1190909 0.2755392 0.1216063 0.2741203 0.1287392 0.25 0.1263636 0.2741203 0.1287392 0.2727015 0.1358723 0.25 0.1336364 0.2727015 0.1358723 0.2712826 0.1430053 0.25 0.1409091 0.2712826 0.1430053 0.2698638 0.1501382 0.25 0.1481818 0.2698638 0.1501382 0.268445 0.1572712 0.25 0.1554545 0.268445 0.1572712 0.2670261 0.1644042 0.25 0.1627272 0.2670261 0.1644042 0.2656072 0.1715372 0.25 0.17 0.2656072 0.1715372 0.2641884 0.1786702 0.25 0.1772727 0.2641884 0.1786702 0.2627696 0.1858032 0.25 0.1845455 0.2627696 0.1858032 0.2613508 0.1929361 0.25 0.1918182 0.2613508 0.1929361 0.2599319 0.2000691 0.25 0.1990909 0.2599319 0.2000691 0.258513 0.2072021 0.25 0.2063636 0.258513 0.2072021 0.2570942 0.2143351 0.25 0.2136363 0.2570942 0.2143351 0.2556754 0.2214681 0.25 0.2209091 0.2556754 0.2214681 0.2542566 0.228601 0.25 0.2281818 0.2542566 0.228601 0.2528377 0.2357341 0.25 0.2354546 0.2528377 0.2357341 0.2514189 0.242867 0.25 0.2427273 0.3417471 0.02850294 0.3390609 0.03498804 0.2954028 0.02174448 0.3389273 0.03531038 0.3362777 0.04170715 0.293984 0.02887749 0.3362777 0.04170715 0.3334946 0.04842627 0.2925652 0.03601044 0.3334946 0.04842627 0.3307114 0.05514538 0.2911463 0.04314345 0.3307114 0.05514538 0.3279283 0.06186449 0.2897275 0.05027639 0.3279283 0.06186449 0.3251451 0.06858366 0.2883087 0.0574094 0.3251451 0.06858366 0.322362 0.07530277 0.2868899 0.06454241 0.322362 0.07530277 0.3195788 0.08202189 0.285471 0.07167536 0.3195788 0.08202189 0.3167956 0.088741 0.2840521 0.07880836 0.3167956 0.088741 0.3140124 0.09546011 0.2826333 0.08594137 0.3140124 0.09546011 0.3112293 0.1021792 0.2812145 0.09307432 0.3112293 0.1021792 0.3084461 0.1088984 0.2797957 0.1002073 0.3084461 0.1088984 0.305663 0.1156175 0.2783768 0.1073403 0.305663 0.1156175 0.3028798 0.1223366 0.276958 0.1144733 0.3028798 0.1223366 0.3000967 0.1290557 0.2755392 0.1216063 0.3000967 0.1290557 0.2973135 0.1357749 0.2741203 0.1287392 0.2973135 0.1357749 0.2945304 0.142494 0.2727015 0.1358723 0.2945304 0.142494 0.2917473 0.1492131 0.2712826 0.1430053 0.2917473 0.1492131 0.2889641 0.1559323 0.2698638 0.1501382 0.2889641 0.1559323 0.286181 0.1626514 0.268445 0.1572712 0.286181 0.1626514 0.2833978 0.1693705 0.2670261 0.1644042 0.2833978 0.1693705 0.2806147 0.1760897 0.2656072 0.1715372 0.2806147 0.1760897 0.2778315 0.1828088 0.2641884 0.1786702 0.2778315 0.1828088 0.2750484 0.1895279 0.2627696 0.1858032 0.2750484 0.1895279 0.2722652 0.1962471 0.2613508 0.1929361 0.2722652 0.1962471 0.2694821 0.2029662 0.2599319 0.2000691 0.2694821 0.2029662 0.2666989 0.2096853 0.258513 0.2072021 0.2666989 0.2096853 0.2639157 0.2164044 0.2570942 0.2143351 0.2639157 0.2164044 0.2611326 0.2231235 0.2556754 0.2214681 0.2611326 0.2231235 0.2583495 0.2298427 0.2542566 0.228601 0.2583495 0.2298427 0.2555663 0.2365618 0.2528377 0.2357341 0.2555663 0.2365618 0.2527832 0.2432809 0.2514189 0.242867 0.3831961 0.05065792 0.3792963 0.05649429 0.3390609 0.03498804 0.3791025 0.05678445 0.3752558 0.06254136 0.3362777 0.04170715 0.3752558 0.06254136 0.3712154 0.06858843 0.3334946 0.04842627 0.3712154 0.06858843 0.3671748 0.0746355 0.3307114 0.05514538 0.3671748 0.0746355 0.3631343 0.08068251 0.3279283 0.06186449 0.3631343 0.08068251 0.3590939 0.08672958 0.3251451 0.06858366 0.3590939 0.08672958 0.3550533 0.09277665 0.322362 0.07530277 0.3550533 0.09277665 0.3510128 0.09882366 0.3195788 0.08202189 0.3510128 0.09882366 0.3469723 0.1048707 0.3167956 0.088741 0.3469723 0.1048707 0.3429318 0.1109178 0.3140124 0.09546011 0.3429318 0.1109178 0.3388913 0.1169648 0.3112293 0.1021792 0.3388913 0.1169648 0.3348507 0.1230119 0.3084461 0.1088984 0.3348507 0.1230119 0.3308102 0.1290589 0.305663 0.1156175 0.3308102 0.1290589 0.3267697 0.135106 0.3028798 0.1223366 0.3267697 0.135106 0.3227292 0.141153 0.3000967 0.1290557 0.3227292 0.141153 0.3186887 0.1472001 0.2973135 0.1357749 0.3186887 0.1472001 0.3146482 0.1532471 0.2945304 0.142494 0.3146482 0.1532471 0.3106077 0.1592942 0.2917473 0.1492131 0.3106077 0.1592942 0.3065671 0.1653413 0.2889641 0.1559323 0.3065671 0.1653413 0.3025266 0.1713883 0.286181 0.1626514 0.3025266 0.1713883 0.2984861 0.1774353 0.2833978 0.1693705 0.2984861 0.1774353 0.2944456 0.1834824 0.2806147 0.1760897 0.2944456 0.1834824 0.2904051 0.1895295 0.2778315 0.1828088 0.2904051 0.1895295 0.2863646 0.1955765 0.2750484 0.1895279 0.2863646 0.1955765 0.2823241 0.2016236 0.2722652 0.1962471 0.2823241 0.2016236 0.2782836 0.2076706 0.2694821 0.2029662 0.2782836 0.2076706 0.2742431 0.2137177 0.2666989 0.2096853 0.2742431 0.2137177 0.2702026 0.2197648 0.2639157 0.2164044 0.2702026 0.2197648 0.266162 0.2258118 0.2611326 0.2231235 0.266162 0.2258118 0.2621216 0.2318589 0.2583495 0.2298427 0.2621216 0.2318589 0.258081 0.2379059 0.2555663 0.2365618 0.258081 0.2379059 0.2540405 0.2439529 0.2527832 0.2432809 0.4195265 0.08047354 0.414563 0.08543694 0.3792963 0.05649429 0.4143162 0.0856837 0.4094204 0.09057956 0.3752558 0.06254136 0.4094204 0.09057956 0.4042778 0.09572213 0.3712154 0.06858843 0.4042778 0.09572213 0.3991352 0.1008647 0.3671748 0.0746355 0.3991352 0.1008647 0.3939926 0.1060073 0.3631343 0.08068251 0.3939926 0.1060073 0.38885 0.1111499 0.3590939 0.08672958 0.38885 0.1111499 0.3837074 0.1162925 0.3550533 0.09277665 0.3837074 0.1162925 0.3785648 0.1214351 0.3510128 0.09882366 0.3785648 0.1214351 0.3734222 0.1265777 0.3469723 0.1048707 0.3734222 0.1265777 0.3682796 0.1317203 0.3429318 0.1109178 0.3682796 0.1317203 0.3631371 0.1368629 0.3388913 0.1169648 0.3631371 0.1368629 0.3579945 0.1420055 0.3348507 0.1230119 0.3579945 0.1420055 0.3528519 0.1471481 0.3308102 0.1290589 0.3528519 0.1471481 0.3477093 0.1522907 0.3267697 0.135106 0.3477093 0.1522907 0.3425667 0.1574333 0.3227292 0.141153 0.3425667 0.1574333 0.3374241 0.1625759 0.3186887 0.1472001 0.3374241 0.1625759 0.3322815 0.1677185 0.3146482 0.1532471 0.3322815 0.1677185 0.3271389 0.172861 0.3106077 0.1592942 0.3271389 0.172861 0.3219963 0.1780037 0.3065671 0.1653413 0.3219963 0.1780037 0.3168537 0.1831462 0.3025266 0.1713883 0.3168537 0.1831462 0.3117111 0.1882889 0.2984861 0.1774353 0.3117111 0.1882889 0.3065685 0.1934314 0.2944456 0.1834824 0.3065685 0.1934314 0.3014259 0.1985741 0.2904051 0.1895295 0.3014259 0.1985741 0.2962833 0.2037166 0.2863646 0.1955765 0.2962833 0.2037166 0.2911407 0.2088593 0.2823241 0.2016236 0.2911407 0.2088593 0.2859982 0.2140018 0.2782836 0.2076706 0.2859982 0.2140018 0.2808556 0.2191444 0.2742431 0.2137177 0.2808556 0.2191444 0.275713 0.224287 0.2702026 0.2197648 0.275713 0.224287 0.2705704 0.2294296 0.266162 0.2258118 0.2705704 0.2294296 0.2654278 0.2345722 0.2621216 0.2318589 0.2654278 0.2345722 0.2602852 0.2397148 0.258081 0.2379059 0.2602852 0.2397148 0.2551426 0.2448574 0.2540405 0.2439529 0.4493421 0.1168038 0.4435057 0.1207036 0.414563 0.08543694 0.4432156 0.1208975 0.4374586 0.1247441 0.4094204 0.09057956 0.4374586 0.1247441 0.4314116 0.1287847 0.4042778 0.09572213 0.4314116 0.1287847 0.4253645 0.1328251 0.3991352 0.1008647 0.4253645 0.1328251 0.4193175 0.1368657 0.3939926 0.1060073 0.4193175 0.1368657 0.4132704 0.1409062 0.38885 0.1111499 0.4132704 0.1409062 0.4072234 0.1449467 0.3837074 0.1162925 0.4072234 0.1449467 0.4011763 0.1489872 0.3785648 0.1214351 0.4011763 0.1489872 0.3951292 0.1530277 0.3734222 0.1265777 0.3951292 0.1530277 0.3890821 0.1570683 0.3682796 0.1317203 0.3890821 0.1570683 0.3830351 0.1611088 0.3631371 0.1368629 0.3830351 0.1611088 0.3769881 0.1651493 0.3579945 0.1420055 0.3769881 0.1651493 0.3709411 0.1691898 0.3528519 0.1471481 0.3709411 0.1691898 0.364894 0.1732303 0.3477093 0.1522907 0.364894 0.1732303 0.358847 0.1772708 0.3425667 0.1574333 0.358847 0.1772708 0.3527999 0.1813113 0.3374241 0.1625759 0.3527999 0.1813113 0.3467528 0.1853519 0.3322815 0.1677185 0.3467528 0.1853519 0.3407058 0.1893923 0.3271389 0.172861 0.3407058 0.1893923 0.3346588 0.1934328 0.3219963 0.1780037 0.3346588 0.1934328 0.3286117 0.1974734 0.3168537 0.1831462 0.3286117 0.1974734 0.3225647 0.2015138 0.3117111 0.1882889 0.3225647 0.2015138 0.3165176 0.2055544 0.3065685 0.1934314 0.3165176 0.2055544 0.3104705 0.2095949 0.3014259 0.1985741 0.3104705 0.2095949 0.3044235 0.2136354 0.2962833 0.2037166 0.3044235 0.2136354 0.2983765 0.2176759 0.2911407 0.2088593 0.2983765 0.2176759 0.2923294 0.2217164 0.2859982 0.2140018 0.2923294 0.2217164 0.2862824 0.225757 0.2808556 0.2191444 0.2862824 0.225757 0.2802353 0.2297974 0.275713 0.224287 0.2802353 0.2297974 0.2741882 0.233838 0.2705704 0.2294296 0.2741882 0.233838 0.2681412 0.2378785 0.2654278 0.2345722 0.2681412 0.2378785 0.2620941 0.241919 0.2602852 0.2397148 0.2620941 0.241919 0.2560471 0.2459595 0.2551426 0.2448574 0.471497 0.1582529 0.465012 0.1609391 0.4435057 0.1207036 0.4646896 0.1610726 0.4582928 0.1637222 0.4374586 0.1247441 0.4582928 0.1637222 0.4515737 0.1665054 0.4314116 0.1287847 0.4515737 0.1665054 0.4448546 0.1692886 0.4253645 0.1328251 0.4448546 0.1692886 0.4381355 0.1720717 0.4193175 0.1368657 0.4381355 0.1720717 0.4314163 0.1748549 0.4132704 0.1409062 0.4314163 0.1748549 0.4246972 0.177638 0.4072234 0.1449467 0.4246972 0.177638 0.4179781 0.1804212 0.4011763 0.1489872 0.4179781 0.1804212 0.411259 0.1832043 0.3951292 0.1530277 0.411259 0.1832043 0.4045399 0.1859875 0.3890821 0.1570683 0.4045399 0.1859875 0.3978208 0.1887706 0.3830351 0.1611088 0.3978208 0.1887706 0.3911016 0.1915538 0.3769881 0.1651493 0.3911016 0.1915538 0.3843825 0.1943369 0.3709411 0.1691898 0.3843825 0.1943369 0.3776634 0.1971201 0.364894 0.1732303 0.3776634 0.1971201 0.3709442 0.1999032 0.358847 0.1772708 0.3709442 0.1999032 0.3642251 0.2026864 0.3527999 0.1813113 0.3642251 0.2026864 0.357506 0.2054695 0.3467528 0.1853519 0.357506 0.2054695 0.3507869 0.2082527 0.3407058 0.1893923 0.3507869 0.2082527 0.3440677 0.2110359 0.3346588 0.1934328 0.3440677 0.2110359 0.3373486 0.213819 0.3286117 0.1974734 0.3373486 0.213819 0.3306295 0.2166022 0.3225647 0.2015138 0.3306295 0.2166022 0.3239104 0.2193853 0.3165176 0.2055544 0.3239104 0.2193853 0.3171913 0.2221685 0.3104705 0.2095949 0.3171913 0.2221685 0.3104721 0.2249516 0.3044235 0.2136354 0.3104721 0.2249516 0.303753 0.2277348 0.2983765 0.2176759 0.303753 0.2277348 0.2970339 0.2305179 0.2923294 0.2217164 0.2970339 0.2305179 0.2903147 0.2333011 0.2862824 0.225757 0.2903147 0.2333011 0.2835956 0.2360842 0.2802353 0.2297974 0.2835956 0.2360842 0.2768765 0.2388674 0.2741882 0.233838 0.2768765 0.2388674 0.2701574 0.2416505 0.2681412 0.2378785 0.2701574 0.2416505 0.2634383 0.2444337 0.2620941 0.241919 0.2634383 0.2444337 0.2567192 0.2472168 0.2560471 0.2459595 0.4851399 0.2032277 0.4782555 0.2045971 0.465012 0.1609391 0.4779132 0.2046652 0.4711225 0.206016 0.4582928 0.1637222 0.4711225 0.206016 0.4639895 0.2074348 0.4515737 0.1665054 0.4639895 0.2074348 0.4568565 0.2088536 0.4448546 0.1692886 0.4568565 0.2088536 0.4497235 0.2102724 0.4381355 0.1720717 0.4497235 0.2102724 0.4425905 0.2116913 0.4314163 0.1748549 0.4425905 0.2116913 0.4354575 0.2131102 0.4246972 0.177638 0.4354575 0.2131102 0.4283245 0.214529 0.4179781 0.1804212 0.4283245 0.214529 0.4211915 0.2159478 0.411259 0.1832043 0.4211915 0.2159478 0.4140586 0.2173666 0.4045399 0.1859875 0.4140586 0.2173666 0.4069256 0.2187855 0.3978208 0.1887706 0.4069256 0.2187855 0.3997926 0.2202044 0.3911016 0.1915538 0.3997926 0.2202044 0.3926597 0.2216232 0.3843825 0.1943369 0.3926597 0.2216232 0.3855267 0.2230421 0.3776634 0.1971201 0.3855267 0.2230421 0.3783937 0.2244609 0.3709442 0.1999032 0.3783937 0.2244609 0.3712607 0.2258797 0.3642251 0.2026864 0.3712607 0.2258797 0.3641277 0.2272986 0.357506 0.2054695 0.3641277 0.2272986 0.3569948 0.2287174 0.3507869 0.2082527 0.3569948 0.2287174 0.3498618 0.2301362 0.3440677 0.2110359 0.3498618 0.2301362 0.3427288 0.2315551 0.3373486 0.213819 0.3427288 0.2315551 0.3355958 0.2329739 0.3306295 0.2166022 0.3355958 0.2329739 0.3284628 0.2343928 0.3239104 0.2193853 0.3284628 0.2343928 0.3213298 0.2358116 0.3171913 0.2221685 0.3213298 0.2358116 0.3141968 0.2372304 0.3104721 0.2249516 0.3141968 0.2372304 0.3070639 0.2386493 0.303753 0.2277348 0.3070639 0.2386493 0.2999309 0.2400681 0.2970339 0.2305179 0.2999309 0.2400681 0.2927979 0.241487 0.2903147 0.2333011 0.2927979 0.241487 0.2856649 0.2429058 0.2835956 0.2360842 0.2856649 0.2429058 0.2785319 0.2443246 0.2768765 0.2388674 0.2785319 0.2443246 0.271399 0.2457435 0.2701574 0.2416505 0.271399 0.2457435 0.264266 0.2471624 0.2634383 0.2444337 0.264266 0.2471624 0.257133 0.2485812 0.2567192 0.2472168 0.4897467 0.25 0.4827272 0.25 0.4782555 0.2045971 0.4823783 0.25 0.4754545 0.25 0.4711225 0.206016 0.4754545 0.25 0.4681818 0.25 0.4639895 0.2074348 0.4681818 0.25 0.4609091 0.25 0.4568565 0.2088536 0.4609091 0.25 0.4536364 0.25 0.4497235 0.2102724 0.4536364 0.25 0.4463636 0.25 0.4425905 0.2116913 0.4463636 0.25 0.4390909 0.25 0.4354575 0.2131102 0.4390909 0.25 0.4318181 0.25 0.4283245 0.214529 0.4318181 0.25 0.4245454 0.25 0.4211915 0.2159478 0.4245454 0.25 0.4172727 0.25 0.4140586 0.2173666 0.4172727 0.25 0.41 0.25 0.4069256 0.2187855 0.41 0.25 0.4027273 0.25 0.3997926 0.2202044 0.4027273 0.25 0.3954545 0.25 0.3926597 0.2216232 0.3954545 0.25 0.3881818 0.25 0.3855267 0.2230421 0.3881818 0.25 0.3809091 0.25 0.3783937 0.2244609 0.3809091 0.25 0.3736364 0.25 0.3712607 0.2258797 0.3736364 0.25 0.3663637 0.25 0.3641277 0.2272986 0.3663637 0.25 0.3590909 0.25 0.3569948 0.2287174 0.3590909 0.25 0.3518182 0.25 0.3498618 0.2301362 0.3518182 0.25 0.3445455 0.25 0.3427288 0.2315551 0.3445455 0.25 0.3372728 0.25 0.3355958 0.2329739 0.3372728 0.25 0.3300001 0.25 0.3284628 0.2343928 0.3300001 0.25 0.3227273 0.25 0.3213298 0.2358116 0.3227273 0.25 0.3154546 0.25 0.3141968 0.2372304 0.3154546 0.25 0.3081819 0.25 0.3070639 0.2386493 0.3081819 0.25 0.3009092 0.25 0.2999309 0.2400681 0.3009092 0.25 0.2936364 0.25 0.2927979 0.241487 0.2936364 0.25 0.2863637 0.25 0.2856649 0.2429058 0.2863637 0.25 0.279091 0.25 0.2785319 0.2443246 0.279091 0.25 0.2718182 0.25 0.271399 0.2457435 0.2718182 0.25 0.2645455 0.25 0.264266 0.2471624 0.2645455 0.25 0.2572728 0.25 0.257133 0.2485812 0.4851399 0.2967723 0.4782555 0.2954028 0.4827272 0.25 0.4779132 0.2953348 0.4711225 0.293984 0.4754545 0.25 0.4711225 0.293984 0.4639895 0.2925652 0.4681818 0.25 0.4639895 0.2925652 0.4568565 0.2911463 0.4609091 0.25 0.4568565 0.2911463 0.4497235 0.2897275 0.4536364 0.25 0.4497235 0.2897275 0.4425905 0.2883087 0.4463636 0.25 0.4425905 0.2883087 0.4354575 0.2868899 0.4390909 0.25 0.4354575 0.2868899 0.4283245 0.285471 0.4318181 0.25 0.4283245 0.285471 0.4211915 0.2840521 0.4245454 0.25 0.4211915 0.2840521 0.4140586 0.2826333 0.4172727 0.25 0.4140586 0.2826333 0.4069256 0.2812145 0.41 0.25 0.4069256 0.2812145 0.3997926 0.2797957 0.4027273 0.25 0.3997926 0.2797957 0.3926597 0.2783768 0.3954545 0.25 0.3926597 0.2783768 0.3855267 0.276958 0.3881818 0.25 0.3855267 0.276958 0.3783937 0.2755392 0.3809091 0.25 0.3783937 0.2755392 0.3712607 0.2741203 0.3736364 0.25 0.3712607 0.2741203 0.3641277 0.2727015 0.3663637 0.25 0.3641277 0.2727015 0.3569948 0.2712826 0.3590909 0.25 0.3569948 0.2712826 0.3498618 0.2698638 0.3518182 0.25 0.3498618 0.2698638 0.3427288 0.268445 0.3445455 0.25 0.3427288 0.268445 0.3355958 0.2670261 0.3372728 0.25 0.3355958 0.2670261 0.3284628 0.2656072 0.3300001 0.25 0.3284628 0.2656072 0.3213298 0.2641884 0.3227273 0.25 0.3213298 0.2641884 0.3141968 0.2627696 0.3154546 0.25 0.3141968 0.2627696 0.3070639 0.2613508 0.3081819 0.25 0.3070639 0.2613508 0.2999309 0.2599319 0.3009092 0.25 0.2999309 0.2599319 0.2927979 0.258513 0.2936364 0.25 0.2927979 0.258513 0.2856649 0.2570942 0.2863637 0.25 0.2856649 0.2570942 0.2785319 0.2556754 0.279091 0.25 0.2785319 0.2556754 0.271399 0.2542566 0.2718182 0.25 0.271399 0.2542566 0.264266 0.2528377 0.2645455 0.25 0.264266 0.2528377 0.257133 0.2514189 0.2572728 0.25 0.471497 0.3417471 0.465012 0.3390609 0.4782555 0.2954028 0.4646896 0.3389273 0.4582928 0.3362777 0.4711225 0.293984 0.4582928 0.3362777 0.4515737 0.3334946 0.4639895 0.2925652 0.4515737 0.3334946 0.4448546 0.3307114 0.4568565 0.2911463 0.4448546 0.3307114 0.4381355 0.3279283 0.4497235 0.2897275 0.4381355 0.3279283 0.4314163 0.3251451 0.4425905 0.2883087 0.4314163 0.3251451 0.4246972 0.322362 0.4354575 0.2868899 0.4246972 0.322362 0.4179781 0.3195788 0.4283245 0.285471 0.4179781 0.3195788 0.411259 0.3167956 0.4211915 0.2840521 0.411259 0.3167956 0.4045399 0.3140124 0.4140586 0.2826333 0.4045399 0.3140124 0.3978208 0.3112293 0.4069256 0.2812145 0.3978208 0.3112293 0.3911016 0.3084461 0.3997926 0.2797957 0.3911016 0.3084461 0.3843825 0.305663 0.3926597 0.2783768 0.3843825 0.305663 0.3776634 0.3028798 0.3855267 0.276958 0.3776634 0.3028798 0.3709442 0.3000967 0.3783937 0.2755392 0.3709442 0.3000967 0.3642251 0.2973135 0.3712607 0.2741203 0.3642251 0.2973135 0.357506 0.2945304 0.3641277 0.2727015 0.357506 0.2945304 0.3507869 0.2917473 0.3569948 0.2712826 0.3507869 0.2917473 0.3440677 0.2889641 0.3498618 0.2698638 0.3440677 0.2889641 0.3373486 0.286181 0.3427288 0.268445 0.3373486 0.286181 0.3306295 0.2833978 0.3355958 0.2670261 0.3306295 0.2833978 0.3239104 0.2806147 0.3284628 0.2656072 0.3239104 0.2806147 0.3171913 0.2778315 0.3213298 0.2641884 0.3171913 0.2778315 0.3104721 0.2750484 0.3141968 0.2627696 0.3104721 0.2750484 0.303753 0.2722652 0.3070639 0.2613508 0.303753 0.2722652 0.2970339 0.2694821 0.2999309 0.2599319 0.2970339 0.2694821 0.2903147 0.2666989 0.2927979 0.258513 0.2903147 0.2666989 0.2835956 0.2639157 0.2856649 0.2570942 0.2835956 0.2639157 0.2768765 0.2611326 0.2785319 0.2556754 0.2768765 0.2611326 0.2701574 0.2583495 0.271399 0.2542566 0.2701574 0.2583495 0.2634383 0.2555663 0.264266 0.2528377 0.2634383 0.2555663 0.2567192 0.2527832 0.257133 0.2514189 0.4493421 0.3831961 0.4435057 0.3792963 0.465012 0.3390609 0.4432155 0.3791025 0.4374586 0.3752558 0.4582928 0.3362777 0.4374586 0.3752558 0.4314116 0.3712154 0.4515737 0.3334946 0.4314116 0.3712154 0.4253645 0.3671748 0.4448546 0.3307114 0.4253645 0.3671748 0.4193175 0.3631343 0.4381355 0.3279283 0.4193175 0.3631343 0.4132704 0.3590939 0.4314163 0.3251451 0.4132704 0.3590939 0.4072234 0.3550533 0.4246972 0.322362 0.4072234 0.3550533 0.4011763 0.3510128 0.4179781 0.3195788 0.4011763 0.3510128 0.3951292 0.3469723 0.411259 0.3167956 0.3951292 0.3469723 0.3890821 0.3429318 0.4045399 0.3140124 0.3890821 0.3429318 0.3830351 0.3388913 0.3978208 0.3112293 0.3830351 0.3388913 0.3769881 0.3348507 0.3911016 0.3084461 0.3769881 0.3348507 0.3709411 0.3308102 0.3843825 0.305663 0.3709411 0.3308102 0.364894 0.3267697 0.3776634 0.3028798 0.364894 0.3267697 0.358847 0.3227292 0.3709442 0.3000967 0.358847 0.3227292 0.3527999 0.3186887 0.3642251 0.2973135 0.3527999 0.3186887 0.3467528 0.3146482 0.357506 0.2945304 0.3467528 0.3146482 0.3407058 0.3106077 0.3507869 0.2917473 0.3407058 0.3106077 0.3346588 0.3065671 0.3440677 0.2889641 0.3346588 0.3065671 0.3286117 0.3025266 0.3373486 0.286181 0.3286117 0.3025266 0.3225647 0.2984861 0.3306295 0.2833978 0.3225647 0.2984861 0.3165176 0.2944456 0.3239104 0.2806147 0.3165176 0.2944456 0.3104705 0.2904051 0.3171913 0.2778315 0.3104705 0.2904051 0.3044235 0.2863646 0.3104721 0.2750484 0.3044235 0.2863646 0.2983765 0.2823241 0.303753 0.2722652 0.2983765 0.2823241 0.2923294 0.2782836 0.2970339 0.2694821 0.2923294 0.2782836 0.2862824 0.2742431 0.2903147 0.2666989 0.2862824 0.2742431 0.2802353 0.2702026 0.2835956 0.2639157 0.2802353 0.2702026 0.2741882 0.266162 0.2768765 0.2611326 0.2741882 0.266162 0.2681412 0.2621216 0.2701574 0.2583495 0.2681412 0.2621216 0.2620941 0.258081 0.2634383 0.2555663 0.2620941 0.258081 0.2560471 0.2540405 0.2567192 0.2527832 0.4344343 0.4013613 0.4290343 0.3969297 0.4435057 0.3792963 0.4287659 0.3967094 0.4234395 0.3923381 0.4374586 0.3752558 0.4234395 0.3923381 0.4178447 0.3877466 0.4314116 0.3712154 0.4178447 0.3877466 0.4122499 0.3831551 0.4253645 0.3671748 0.4122499 0.3831551 0.4066551 0.3785635 0.4193175 0.3631343 0.4066551 0.3785635 0.4010602 0.3739719 0.4132704 0.3590939 0.4010602 0.3739719 0.3954654 0.3693804 0.4072234 0.3550533 0.3954654 0.3693804 0.3898706 0.3647888 0.4011763 0.3510128 0.3898706 0.3647888 0.3842757 0.3601973 0.3951292 0.3469723 0.3842757 0.3601973 0.3786809 0.3556057 0.3890821 0.3429318 0.3786809 0.3556057 0.3730861 0.3510142 0.3830351 0.3388913 0.3730861 0.3510142 0.3674913 0.3464226 0.3769881 0.3348507 0.3674913 0.3464226 0.3618965 0.3418311 0.3709411 0.3308102 0.3618965 0.3418311 0.3563017 0.3372395 0.364894 0.3267697 0.3563017 0.3372395 0.3507068 0.332648 0.358847 0.3227292 0.3507068 0.332648 0.345112 0.3280564 0.3527999 0.3186887 0.345112 0.3280564 0.3395172 0.3234649 0.3467528 0.3146482 0.3395172 0.3234649 0.3339224 0.3188733 0.3407058 0.3106077 0.3339224 0.3188733 0.3283275 0.3142817 0.3346588 0.3065671 0.3283275 0.3142817 0.3227328 0.3096902 0.3286117 0.3025266 0.3227328 0.3096902 0.3171379 0.3050986 0.3225647 0.2984861 0.3171379 0.3050986 0.3115431 0.3005071 0.3165176 0.2944456 0.3115431 0.3005071 0.3059483 0.2959155 0.3104705 0.2904051 0.3059483 0.2959155 0.3003534 0.291324 0.3044235 0.2863646 0.3003534 0.291324 0.2947586 0.2867324 0.2983765 0.2823241 0.2947586 0.2867324 0.2891638 0.2821409 0.2923294 0.2782836 0.2891638 0.2821409 0.283569 0.2775493 0.2862824 0.2742431 0.283569 0.2775493 0.2779741 0.2729578 0.2802353 0.2702026 0.2779741 0.2729578 0.2723793 0.2683662 0.2741882 0.266162 0.2723793 0.2683662 0.2667845 0.2637747 0.2681412 0.2621216 0.2667845 0.2637747 0.2611897 0.2591831 0.2620941 0.258081 0.2611897 0.2591831 0.2555949 0.2545916 0.2560471 0.2540405 0.3831961 0.4493421 0.3792963 0.4435057 0.414563 0.414563 0.3791025 0.4432155 0.3752558 0.4374586 0.4094204 0.4094204 0.3752558 0.4374586 0.3712154 0.4314116 0.4042778 0.4042778 0.3712154 0.4314116 0.3671748 0.4253645 0.3991352 0.3991352 0.3671748 0.4253645 0.3631343 0.4193175 0.3939926 0.3939926 0.3631343 0.4193175 0.3590939 0.4132704 0.38885 0.38885 0.3590939 0.4132704 0.3550533 0.4072234 0.3837074 0.3837074 0.3550533 0.4072234 0.3510128 0.4011763 0.3785648 0.3785648 0.3510128 0.4011763 0.3469723 0.3951292 0.3734222 0.3734222 0.3469723 0.3951292 0.3429318 0.3890821 0.3682796 0.3682796 0.3429318 0.3890821 0.3388913 0.3830351 0.3631371 0.3631371 0.3388913 0.3830351 0.3348507 0.3769881 0.3579945 0.3579945 0.3348507 0.3769881 0.3308102 0.3709411 0.3528519 0.3528519 0.3308102 0.3709411 0.3267697 0.364894 0.3477093 0.3477093 0.3267697 0.364894 0.3227292 0.358847 0.3425667 0.3425667 0.3227292 0.358847 0.3186887 0.3527999 0.3374241 0.3374241 0.3186887 0.3527999 0.3146482 0.3467528 0.3322815 0.3322815 0.3146482 0.3467528 0.3106077 0.3407058 0.3271389 0.3271389 0.3106077 0.3407058 0.3065671 0.3346588 0.3219963 0.3219963 0.3065671 0.3346588 0.3025266 0.3286117 0.3168537 0.3168537 0.3025266 0.3286117 0.2984861 0.3225647 0.3117111 0.3117111 0.2984861 0.3225647 0.2944456 0.3165176 0.3065685 0.3065685 0.2944456 0.3165176 0.2904051 0.3104705 0.3014259 0.3014259 0.2904051 0.3104705 0.2863646 0.3044235 0.2962833 0.2962833 0.2863646 0.3044235 0.2823241 0.2983765 0.2911407 0.2911407 0.2823241 0.2983765 0.2782836 0.2923294 0.2859982 0.2859982 0.2782836 0.2923294 0.2742431 0.2862824 0.2808556 0.2808556 0.2742431 0.2862824 0.2702026 0.2802353 0.275713 0.275713 0.2702026 0.2802353 0.266162 0.2741882 0.2705704 0.2705704 0.266162 0.2741882 0.2621216 0.2681412 0.2654278 0.2654278 0.2621216 0.2681412 0.258081 0.2620941 0.2602852 0.2602852 0.258081 0.2620941 0.2540405 0.2560471 0.2551426 0.2551426 0.3417471 0.4714971 0.3390609 0.465012 0.3792963 0.4435057 0.3389273 0.4646896 0.3362777 0.4582928 0.3752558 0.4374586 0.3362777 0.4582928 0.3334946 0.4515737 0.3712154 0.4314116 0.3334946 0.4515737 0.3307114 0.4448546 0.3671748 0.4253645 0.3307114 0.4448546 0.3279283 0.4381355 0.3631343 0.4193175 0.3279283 0.4381355 0.3251451 0.4314163 0.3590939 0.4132704 0.3251451 0.4314163 0.322362 0.4246972 0.3550533 0.4072234 0.322362 0.4246972 0.3195788 0.4179781 0.3510128 0.4011763 0.3195788 0.4179781 0.3167956 0.411259 0.3469723 0.3951292 0.3167956 0.411259 0.3140124 0.4045399 0.3429318 0.3890821 0.3140124 0.4045399 0.3112293 0.3978208 0.3388913 0.3830351 0.3112293 0.3978208 0.3084461 0.3911016 0.3348507 0.3769881 0.3084461 0.3911016 0.305663 0.3843825 0.3308102 0.3709411 0.305663 0.3843825 0.3028798 0.3776634 0.3267697 0.364894 0.3028798 0.3776634 0.3000967 0.3709442 0.3227292 0.358847 0.3000967 0.3709442 0.2973135 0.3642251 0.3186887 0.3527999 0.2973135 0.3642251 0.2945304 0.357506 0.3146482 0.3467528 0.2945304 0.357506 0.2917473 0.3507869 0.3106077 0.3407058 0.2917473 0.3507869 0.2889641 0.3440677 0.3065671 0.3346588 0.2889641 0.3440677 0.286181 0.3373486 0.3025266 0.3286117 0.286181 0.3373486 0.2833978 0.3306295 0.2984861 0.3225647 0.2833978 0.3306295 0.2806147 0.3239104 0.2944456 0.3165176 0.2806147 0.3239104 0.2778315 0.3171913 0.2904051 0.3104705 0.2778315 0.3171913 0.2750484 0.3104721 0.2863646 0.3044235 0.2750484 0.3104721 0.2722652 0.303753 0.2823241 0.2983765 0.2722652 0.303753 0.2694821 0.2970339 0.2782836 0.2923294 0.2694821 0.2970339 0.2666989 0.2903147 0.2742431 0.2862824 0.2666989 0.2903147 0.2639157 0.2835956 0.2702026 0.2802353 0.2639157 0.2835956 0.2611326 0.2768765 0.266162 0.2741882 0.2611326 0.2768765 0.2583495 0.2701574 0.2621216 0.2681412 0.2583495 0.2701574 0.2555663 0.2634383 0.258081 0.2620941 0.2555663 0.2634383 0.2527832 0.2567192 0.2540405 0.2560471 0.2967723 0.48514 0.2954028 0.4782555 0.3390609 0.465012 0.2953348 0.4779132 0.293984 0.4711225 0.3362777 0.4582928 0.293984 0.4711225 0.2925652 0.4639895 0.3334946 0.4515737 0.2925652 0.4639895 0.2911463 0.4568565 0.3307114 0.4448546 0.2911463 0.4568565 0.2897275 0.4497235 0.3279283 0.4381355 0.2897275 0.4497235 0.2883087 0.4425905 0.3251451 0.4314163 0.2883087 0.4425905 0.2868899 0.4354575 0.322362 0.4246972 0.2868899 0.4354575 0.285471 0.4283245 0.3195788 0.4179781 0.285471 0.4283245 0.2840521 0.4211915 0.3167956 0.411259 0.2840521 0.4211915 0.2826333 0.4140586 0.3140124 0.4045399 0.2826333 0.4140586 0.2812145 0.4069256 0.3112293 0.3978208 0.2812145 0.4069256 0.2797957 0.3997926 0.3084461 0.3911016 0.2797957 0.3997926 0.2783768 0.3926597 0.305663 0.3843825 0.2783768 0.3926597 0.276958 0.3855267 0.3028798 0.3776634 0.276958 0.3855267 0.2755392 0.3783937 0.3000967 0.3709442 0.2755392 0.3783937 0.2741203 0.3712607 0.2973135 0.3642251 0.2741203 0.3712607 0.2727015 0.3641277 0.2945304 0.357506 0.2727015 0.3641277 0.2712826 0.3569948 0.2917473 0.3507869 0.2712826 0.3569948 0.2698638 0.3498618 0.2889641 0.3440677 0.2698638 0.3498618 0.268445 0.3427288 0.286181 0.3373486 0.268445 0.3427288 0.2670261 0.3355958 0.2833978 0.3306295 0.2670261 0.3355958 0.2656072 0.3284628 0.2806147 0.3239104 0.2656072 0.3284628 0.2641884 0.3213298 0.2778315 0.3171913 0.2641884 0.3213298 0.2627696 0.3141968 0.2750484 0.3104721 0.2627696 0.3141968 0.2613508 0.3070639 0.2722652 0.303753 0.2613508 0.3070639 0.2599319 0.2999309 0.2694821 0.2970339 0.2599319 0.2999309 0.258513 0.2927979 0.2666989 0.2903147 0.258513 0.2927979 0.2570942 0.2856649 0.2639157 0.2835956 0.2570942 0.2856649 0.2556754 0.2785319 0.2611326 0.2768765 0.2556754 0.2785319 0.2542566 0.271399 0.2583495 0.2701574 0.2542566 0.271399 0.2528377 0.264266 0.2555663 0.2634383 0.2528377 0.264266 0.2514189 0.257133 0.2527832 0.2567192 0.25 0.4897466 0.25 0.4827273 0.2954028 0.4782555 0.25 0.4823783 0.25 0.4754546 0.293984 0.4711225 0.25 0.4754546 0.25 0.4681819 0.2925652 0.4639895 0.25 0.4681819 0.25 0.4609091 0.2911463 0.4568565 0.25 0.4609091 0.25 0.4536364 0.2897275 0.4497235 0.25 0.4536364 0.25 0.4463636 0.2883087 0.4425905 0.25 0.4463636 0.25 0.4390909 0.2868899 0.4354575 0.25 0.4390909 0.25 0.4318182 0.285471 0.4283245 0.25 0.4318182 0.25 0.4245454 0.2840521 0.4211915 0.25 0.4245454 0.25 0.4172727 0.2826333 0.4140586 0.25 0.4172727 0.25 0.41 0.2812145 0.4069256 0.25 0.41 0.25 0.4027272 0.2797957 0.3997926 0.25 0.4027272 0.25 0.3954545 0.2783768 0.3926597 0.25 0.3954545 0.25 0.3881818 0.276958 0.3855267 0.25 0.3881818 0.25 0.380909 0.2755392 0.3783937 0.25 0.380909 0.25 0.3736363 0.2741203 0.3712607 0.25 0.3736363 0.25 0.3663636 0.2727015 0.3641277 0.25 0.3663636 0.25 0.3590909 0.2712826 0.3569948 0.25 0.3590909 0.25 0.3518182 0.2698638 0.3498618 0.25 0.3518182 0.25 0.3445454 0.268445 0.3427288 0.25 0.3445454 0.25 0.3372727 0.2670261 0.3355958 0.25 0.3372727 0.25 0.3299999 0.2656072 0.3284628 0.25 0.3299999 0.25 0.3227272 0.2641884 0.3213298 0.25 0.3227272 0.25 0.3154545 0.2627696 0.3141968 0.25 0.3154545 0.25 0.3081818 0.2613508 0.3070639 0.25 0.3081818 0.25 0.3009091 0.2599319 0.2999309 0.25 0.3009091 0.25 0.2936363 0.258513 0.2927979 0.25 0.2936363 0.25 0.2863636 0.2570942 0.2856649 0.25 0.2863636 0.25 0.2790909 0.2556754 0.2785319 0.25 0.2790909 0.25 0.2718182 0.2542566 0.271399 0.25 0.2718182 0.25 0.2645455 0.2528377 0.264266 0.25 0.2645455 0.25 0.2572727 0.2514189 0.257133 0.25 0.4827273 0.25 0.4823783 0.2953348 0.4779132 0.2954028 0.4782555 0.2953348 0.4779132 0.3389273 0.4646896 0.3390609 0.465012 0.3389273 0.4646896 0.3791025 0.4432155 0.3792963 0.4435057 0.3791025 0.4432155 0.4143163 0.4143163 0.4290343 0.3969297 0.4287659 0.3967094 0.4432155 0.3791025 0.4435057 0.3792963 0.4432155 0.3791025 0.4646896 0.3389273 0.465012 0.3390609 0.4646896 0.3389273 0.4779132 0.2953348 0.4782555 0.2954028 0.4779132 0.2953348 0.4823783 0.25 0.4827272 0.25 0.4823783 0.25 0.4779132 0.2046652 0.4782555 0.2045971 0.4779132 0.2046652 0.4646896 0.1610726 0.465012 0.1609391 0.4646896 0.1610726 0.4432156 0.1208975 0.4435057 0.1207036 0.4432156 0.1208975 0.4143162 0.0856837 0.414563 0.08543694 0.4143162 0.0856837 0.3791025 0.05678445 0.3792963 0.05649429 0.3791025 0.05678445 0.3389273 0.03531038 0.3390609 0.03498804 0.3389273 0.03531038 0.2953348 0.02208673 0.2954028 0.02174448 0.2953348 0.02208673 0.25 0.01762163 0.25 0.01727271 0.25 0.01762163 0.2046652 0.02208673 0.2045971 0.02174448 0.2046652 0.02208673 0.1610726 0.03531038 0.1609391 0.03498804 0.1610726 0.03531038 0.1208975 0.05678445 0.1207036 0.05649429 0.1208975 0.05678445 0.0856837 0.0856837 0.08543694 0.08543694 0.0856837 0.0856837 0.05678445 0.1208975 0.05649429 0.1207036 0.05678445 0.1208975 0.03531038 0.1610726 0.03498804 0.1609391 0.03531038 0.1610726 0.02208673 0.2046652 0.02174448 0.2045971 0.02208673 0.2046652 0.01762169 0.25 0.01727271 0.25 0.01762169 0.25 0.02208673 0.2953348 0.02174448 0.2954028 0.02208673 0.2953348 0.03531038 0.3389273 0.03498804 0.3390609 0.03531038 0.3389273 0.05678445 0.3791025 0.05649429 0.3792963 0.05678445 0.3791025 0.0856837 0.4143162 0.08543694 0.414563 0.0856837 0.4143162 0.1208975 0.4432155 0.1207036 0.4435057 0.1208975 0.4432155 0.1610726 0.4646896 0.1609391 0.465012 0.1610726 0.4646896 0.2046652 0.4779132 0.2045971 0.4782555 0.2046652 0.4779132 0.25 0.4823783 0.414563 0.414563 0.4143163 0.4143163 0.4287659 0.3967094 0.2602852 0.2602852 0.2551426 0.2551426 0.2555949 0.2545916 0.2654278 0.2654278 0.2602852 0.2602852 0.2611897 0.2591831 0.2705704 0.2705704 0.2654278 0.2654278 0.2667845 0.2637747 0.275713 0.275713 0.2705704 0.2705704 0.2723793 0.2683662 0.2808556 0.2808556 0.275713 0.275713 0.2779741 0.2729578 0.2859982 0.2859982 0.2808556 0.2808556 0.283569 0.2775493 0.2911407 0.2911407 0.2859982 0.2859982 0.2891638 0.2821409 0.2962833 0.2962833 0.2911407 0.2911407 0.2947586 0.2867324 0.3014259 0.3014259 0.2962833 0.2962833 0.3003534 0.291324 0.3065685 0.3065685 0.3014259 0.3014259 0.3059483 0.2959155 0.3117111 0.3117111 0.3065685 0.3065685 0.3115431 0.3005071 0.3168537 0.3168537 0.3117111 0.3117111 0.3171379 0.3050986 0.3219963 0.3219963 0.3168537 0.3168537 0.3227328 0.3096902 0.3271389 0.3271389 0.3219963 0.3219963 0.3283275 0.3142817 0.3322815 0.3322815 0.3271389 0.3271389 0.3339224 0.3188733 0.3374241 0.3374241 0.3322815 0.3322815 0.3395172 0.3234649 0.3425667 0.3425667 0.3374241 0.3374241 0.345112 0.3280564 0.3477093 0.3477093 0.3425667 0.3425667 0.3507068 0.332648 0.3528519 0.3528519 0.3477093 0.3477093 0.3563017 0.3372395 0.3579945 0.3579945 0.3528519 0.3528519 0.3618965 0.3418311 0.3631371 0.3631371 0.3579945 0.3579945 0.3674913 0.3464226 0.3682796 0.3682796 0.3631371 0.3631371 0.3730861 0.3510142 0.3734222 0.3734222 0.3682796 0.3682796 0.3786809 0.3556057 0.3785648 0.3785648 0.3734222 0.3734222 0.3842757 0.3601973 0.3837074 0.3837074 0.3785648 0.3785648 0.3898706 0.3647888 0.38885 0.38885 0.3837074 0.3837074 0.3954654 0.3693804 0.3939926 0.3939926 0.38885 0.38885 0.4010602 0.3739719 0.3991352 0.3991352 0.3939926 0.3939926 0.4066551 0.3785635 0.4042778 0.4042778 0.3991352 0.3991352 0.4122499 0.3831551 0.4094204 0.4094204 0.4042778 0.4042778 0.4178447 0.3877466 0.4143163 0.4143163 0.4094204 0.4094204 0.4234395 0.3923381 0.4195265 0.4195265 0.414563 0.414563 0.4290343 0.3969297 0.4197056 0.4197056 0.4195265 0.4195265 0.4344343 0.4013613 0.25 0.49 0.25 0.4897466 0.2967723 0.48514 0.2968217 0.4853885 0.2967723 0.48514 0.3417471 0.4714971 0.341844 0.4717311 0.3417471 0.4714971 0.3831961 0.4493421 0.3833369 0.4495527 0.3831961 0.4493421 0.4195265 0.4195265 0.4346292 0.4015212 0.4344343 0.4013613 0.4493421 0.3831961 0.4495527 0.3833369 0.4493421 0.3831961 0.471497 0.3417471 0.4717311 0.341844 0.471497 0.3417471 0.48514 0.2967723 0.4853885 0.2968217 0.48514 0.2967723 0.4897467 0.25 0.49 0.25 0.4897467 0.25 0.48514 0.2032277 0.4853885 0.2031783 0.48514 0.2032277 0.471497 0.1582529 0.4717311 0.1581559 0.471497 0.1582529 0.4493421 0.1168038 0.4495527 0.1166631 0.4493421 0.1168038 0.4195265 0.08047348 0.4197056 0.08029437 0.4195265 0.08047348 0.3831961 0.05065792 0.3833369 0.05044728 0.3831961 0.05065792 0.3417471 0.02850294 0.341844 0.02826887 0.3417471 0.02850294 0.2967723 0.01485997 0.2968217 0.01461154 0.2967723 0.01485997 0.25 0.01025331 0.25 0.00999999 0.25 0.01025331 0.2032277 0.01485997 0.2031783 0.01461154 0.2032277 0.01485997 0.1582529 0.02850294 0.1581559 0.02826887 0.1582529 0.02850294 0.1168038 0.05065792 0.1166631 0.05044728 0.1168038 0.05065792 0.08047348 0.08047348 0.08029437 0.08029437 0.08047348 0.08047348 0.05065792 0.1168038 0.05044728 0.1166631 0.05065792 0.1168038 0.02850294 0.1582529 0.02826887 0.1581559 0.02850294 0.1582529 0.01485997 0.2032277 0.01461154 0.2031783 0.01485997 0.2032277 0.01025331 0.25 0.00999999 0.25 0.01025331 0.25 0.01485997 0.2967723 0.01461154 0.2968217 0.01485997 0.2967723 0.02850294 0.3417471 0.02826887 0.341844 0.02850294 0.3417471 0.05065792 0.3831961 0.05044728 0.3833369 0.05065792 0.3831961 0.08047348 0.4195265 0.08029437 0.4197056 0.08047348 0.4195265 0.1168038 0.4493421 0.1166631 0.4495527 0.1168038 0.4493421 0.1582529 0.471497 0.1581559 0.4717311 0.1582529 0.471497 0.2032277 0.48514 0.2031783 0.4853885 0.2032277 0.48514 0.25 0.4897466 0.4195265 0.4195265 0.4195265 0.4195265 0.4344343 0.4013613 0.25 0.4897466 0.25 0.4897466 0.2967723 0.48514 0.2967723 0.48514 0.2967723 0.48514 0.3417471 0.4714971 0.3417471 0.4714971 0.3417471 0.4714971 0.3831961 0.4493421 0.3831961 0.4493421 0.3831961 0.4493421 0.4195265 0.4195265 0.4344343 0.4013613 0.4344343 0.4013613 0.4493421 0.3831961 0.4493421 0.3831961 0.4493421 0.3831961 0.471497 0.3417471 0.471497 0.3417471 0.471497 0.3417471 0.4851399 0.2967723 0.48514 0.2967723 0.4851399 0.2967723 0.4897467 0.25 0.4897467 0.25 0.4897467 0.25 0.4851399 0.2032277 0.48514 0.2032277 0.4851399 0.2032277 0.471497 0.1582529 0.471497 0.1582529 0.471497 0.1582529 0.4493421 0.1168038 0.4493421 0.1168038 0.4493421 0.1168038 0.4195265 0.08047354 0.4195265 0.08047348 0.4195265 0.08047354 0.3831961 0.05065792 0.3831961 0.05065792 0.3831961 0.05065792 0.3417471 0.02850294 0.3417471 0.02850294 0.3417471 0.02850294 0.2967723 0.01485997 0.2967723 0.01485997 0.2967723 0.01485997 0.25 0.01025331 0.25 0.01025331 0.25 0.01025331 0.2032277 0.01485997 0.2032277 0.01485997 0.2032277 0.01485997 0.1582529 0.02850294 0.1582529 0.02850294 0.1582529 0.02850294 0.1168039 0.05065792 0.1168038 0.05065792 0.1168039 0.05065792 0.08047348 0.08047348 0.08047348 0.08047348 0.08047348 0.08047348 0.05065792 0.1168038 0.05065792 0.1168038 0.05065792 0.1168038 0.02850294 0.1582529 0.02850294 0.1582529 0.02850294 0.1582529 0.01485997 0.2032277 0.01485997 0.2032277 0.01485997 0.2032277 0.01025331 0.25 0.01025331 0.25 0.01025331 0.25 0.01485997 0.2967723 0.01485997 0.2967723 0.01485997 0.2967723 0.02850294 0.3417471 0.02850294 0.3417471 0.02850294 0.3417471 0.05065792 0.3831961 0.05065792 0.3831961 0.05065792 0.3831961 0.08047348 0.4195265 0.08047348 0.4195265 0.08047348 0.4195265 0.1168038 0.449342 0.1168038 0.4493421 0.1168038 0.449342 0.1582529 0.471497 0.1582529 0.471497 0.1582529 0.471497 0.2032277 0.48514 0.2032277 0.48514 0.2032277 0.48514 0.25 0.4897466 0.625 0.5 0.875 0.5 0.875 0.75 0.375 0.75 0.625 0.75 0.625 1 0.375 0 0.625 0 0.625 0.25 0.125 0.5 0.375 0.5 0.375 0.75 0.375 0.5 0.625 0.5 0.625 0.75 0.375 0.25 0.625 0.25 0.625 0.5 0.625 0.5 0.875 0.5 0.875 0.75 0.375 0.75 0.625 0.75 0.625 1 0.375 0 0.625 0 0.625 0.25 0.125 0.5 0.375 0.5 0.375 0.75 0.375 0.5 0.625 0.5 0.625 0.75 0.375 0.25 0.625 0.25 0.625 0.5 0.375 0 0.625 0 0.625 0.25 0.375 0.25 0.625 0.25 0.625 0.5 0.375 0.5 0.625 0.5 0.625 0.75 0.375 0.75 0.625 0.75 0.625 1 0.125 0.5 0.375 0.5 0.375 0.75 0.625 0.5 0.875 0.5 0.875 0.75 0.625 0.25 0.375 0.25 0.375 0.1493055 0.375 0 0.625 0 0.625 0.1006944 0.375 0.25 0.625 0.25 0.625 0.5 0.625 0.75 0.375 0.75 0.375 0.6493056 0.375 0.5 0.625 0.5 0.625 0.6006944 0.375 0.75 0.625 0.75 0.625 1 0.375 0.75 0.125 0.75 0.125 0.6493056 0.125 0.5 0.375 0.5 0.375 0.6006944 0.875 0.6493056 0.875 0.75 0.625 0.75 0.625 0.6006944 0.625 0.5 0.875 0.5 0.4666667 0.4375 0.5333334 0.4375 0.5333334 0.3125 0.5333334 0.9375 0.5333334 0.8125 0.4666667 0.8125 0.625 0 0.375 0.25 0.375 0 0.625 0.25 0.375 0.5 0.375 0.25 0.625 0.75 0.375 1 0.375 0.75 0.375 0.5 0.125 0.75 0.125 0.5 0.875 0.5 0.625 0.75 0.625 0.5 0.625 0.5 0.375 0.75 0.375 0.5 0.625 0 0.625 0.25 0.375 0.25 0.625 0.25 0.625 0.5 0.375 0.5 0.625 0.75 0.625 1 0.375 1 0.375 0.5 0.375 0.75 0.125 0.75 0.875 0.5 0.875 0.75 0.625 0.75 0.625 0.5 0.625 0.75 0.375 0.75</float_array>
          <technique_common>
            <accessor source="#Cube_001-mesh-map-0-array" count="7530" stride="2">
              <param name="S" type="float"/>
              <param name="T" type="float"/>
            </accessor>
          </technique_common>
        </source>
        <vertices id="Cube_001-mesh-vertices">
          <input semantic="POSITION" source="#Cube_001-mesh-positions"/>
        </vertices>
        <triangles material="chasis-material" count="2474">
          <input semantic="VERTEX" source="#Cube_001-mesh-vertices" offset="0"/>
          <input semantic="NORMAL" source="#Cube_001-mesh-normals" offset="1"/>
          <input semantic="TEXCOORD" source="#Cube_001-mesh-map-0" offset="2" set="0"/>
          <p>14 0 0 15 1 1 3 2 2 3 2 3 10 3 4 9 4 5 6 5 6 9 4 7 19 6 8 6 5 9 1 7 10 0 8 11 3 2 12 6 5 13 0 8 14 13 9 15 8 10 16 16 11 17 17 12 18 5 13 19 12 14 20 12 14 21 4 15 22 20 16 23 19 6 24 11 17 25 21 16 26 11 17 27 20 16 28 21 16 29 13 9 30 7 18 31 2 19 32 7 18 33 14 0 34 2 19 35 15 1 36 18 20 37 19 6 38 22 8 39 25 21 40 24 22 41 24 22 42 29 23 43 28 24 44 28 24 45 27 25 46 26 26 47 26 26 48 23 27 49 22 8 50 24 22 51 26 26 52 22 8 53 29 23 54 23 27 55 27 25 56 30 28 57 33 29 58 32 30 59 32 30 60 37 31 61 36 32 62 36 32 63 35 33 64 34 34 65 34 34 66 31 35 67 30 28 68 32 30 69 34 34 70 30 28 71 37 31 72 31 35 73 35 33 74 102 36 75 70 37 76 103 38 77 103 38 78 70 37 79 135 39 80 135 39 81 70 37 82 167 40 83 167 40 84 70 37 85 199 41 86 199 41 87 231 42 88 1159 43 89 231 42 90 70 37 91 263 44 92 263 44 93 70 37 94 295 45 95 295 45 96 70 37 97 327 46 98 327 46 99 70 37 100 359 47 101 359 47 102 70 37 103 391 48 104 391 48 105 70 37 106 423 49 107 423 49 108 70 37 109 455 50 110 455 50 111 70 37 112 487 51 113 487 51 114 70 37 115 519 52 116 519 52 117 70 37 118 551 53 119 551 53 120 70 37 121 583 54 122 583 54 123 70 37 124 615 55 125 615 55 126 70 37 127 647 56 128 647 56 129 70 37 130 679 57 131 679 57 132 70 37 133 711 58 134 711 58 135 70 37 136 743 59 137 743 59 138 70 37 139 775 60 140 775 60 141 70 37 142 807 61 143 807 61 144 70 37 145 839 62 146 839 62 147 70 37 148 871 63 149 871 63 150 70 37 151 903 64 152 903 64 153 70 37 154 935 65 155 935 65 156 70 37 157 967 66 158 967 66 159 70 37 160 999 67 161 999 67 162 70 37 163 1031 68 164 68 69 165 69 70 166 55 71 167 1031 68 168 70 37 169 1063 72 170 1063 72 171 70 37 172 102 36 173 1225 73 174 71 74 175 1194 75 176 1126 76 177 72 77 178 1095 78 179 1093 79 180 73 80 181 72 77 182 1092 81 183 74 82 184 73 80 185 1091 83 186 75 84 187 74 82 188 1090 85 189 76 86 190 75 84 191 1089 87 192 77 88 193 76 86 194 1088 89 195 78 90 196 77 88 197 1087 91 198 79 92 199 78 90 200 1086 93 201 80 94 202 79 92 203 1085 95 204 81 96 205 80 94 206 1084 97 207 82 98 208 81 96 209 1083 99 210 83 100 211 82 98 212 1082 101 213 84 102 214 83 100 215 1081 103 216 85 104 217 84 102 218 1080 105 219 86 106 220 85 104 221 1079 107 222 87 108 223 86 106 224 1078 109 225 88 110 226 87 108 227 1077 111 228 89 112 229 88 110 230 1076 113 231 90 114 232 89 112 233 1075 115 234 91 116 235 90 114 236 1074 117 237 92 118 238 91 116 239 1073 119 240 93 120 241 92 118 242 1072 121 243 94 122 244 93 120 245 1071 123 246 95 124 247 94 122 248 1070 125 249 96 126 250 95 124 251 1069 127 252 97 128 253 96 126 254 1068 129 255 98 130 256 97 128 257 1067 131 258 99 132 259 98 130 260 1066 133 261 100 134 262 99 132 263 1065 135 264 101 136 265 100 134 266 1064 137 267 102 36 268 101 136 269 1224 138 270 1094 139 271 1225 73 272 1125 140 273 1093 79 274 1126 76 275 1061 141 276 1092 81 277 1093 79 278 1060 142 279 1091 83 280 1092 81 281 1059 143 282 1090 85 283 1091 83 284 1058 144 285 1089 87 286 1090 85 287 1057 145 288 1088 89 289 1089 87 290 1056 146 291 1087 91 292 1088 89 293 1055 147 294 1086 93 295 1087 91 296 1054 148 297 1085 95 298 1086 93 299 1053 149 300 1084 97 301 1085 95 302 1052 150 303 1083 99 304 1084 97 305 1051 151 306 1082 101 307 1083 99 308 1050 152 309 1081 103 310 1082 101 311 1049 153 312 1080 105 313 1081 103 314 1048 154 315 1079 107 316 1080 105 317 1047 155 318 1078 109 319 1079 107 320 1046 156 321 1077 111 322 1078 109 323 1045 157 324 1076 113 325 1077 111 326 1044 158 327 1075 115 328 1076 113 329 1043 159 330 1074 117 331 1075 115 332 1042 160 333 1073 119 334 1074 117 335 1041 161 336 1072 121 337 1073 119 338 1040 162 339 1071 123 340 1072 121 341 1039 163 342 1070 125 343 1071 123 344 1038 164 345 1069 127 346 1070 125 347 1037 165 348 1068 129 349 1069 127 350 1036 166 351 1067 131 352 1068 129 353 1035 167 354 1066 133 355 1067 131 356 1034 168 357 1065 135 358 1066 133 359 1033 169 360 1064 137 361 1065 135 362 1032 170 363 1063 72 364 1064 137 365 1223 171 366 1062 172 367 1224 138 368 1124 173 369 1061 141 370 1125 140 371 1029 174 372 1060 142 373 1061 141 374 1028 175 375 1059 143 376 1060 142 377 1027 176 378 1058 144 379 1059 143 380 1026 177 381 1057 145 382 1058 144 383 1025 178 384 1056 146 385 1057 145 386 1024 179 387 1055 147 388 1056 146 389 1023 180 390 1054 148 391 1055 147 392 1022 181 393 1053 149 394 1054 148 395 1021 182 396 1052 150 397 1053 149 398 1020 183 399 1051 151 400 1052 150 401 1019 184 402 1050 152 403 1051 151 404 1018 185 405 1049 153 406 1050 152 407 1017 186 408 1048 154 409 1049 153 410 1016 187 411 1047 155 412 1048 154 413 1015 188 414 1046 156 415 1047 155 416 1014 189 417 1045 157 418 1046 156 419 1013 190 420 1044 158 421 1045 157 422 1012 191 423 1043 159 424 1044 158 425 1011 192 426 1042 160 427 1043 159 428 1010 193 429 1041 161 430 1042 160 431 1009 194 432 1040 162 433 1041 161 434 1008 195 435 1039 163 436 1040 162 437 1007 196 438 1038 164 439 1039 163 440 1006 197 441 1037 165 442 1038 164 443 1005 198 444 1036 166 445 1037 165 446 1004 199 447 1035 167 448 1036 166 449 1003 200 450 1034 168 451 1035 167 452 1002 201 453 1033 169 454 1034 168 455 1001 202 456 1032 170 457 1033 169 458 1000 203 459 1031 68 460 1032 170 461 1222 204 462 1030 205 463 1223 171 464 1123 206 465 1029 174 466 1124 173 467 997 207 468 1028 175 469 1029 174 470 996 208 471 1027 176 472 1028 175 473 995 209 474 1026 177 475 1027 176 476 994 210 477 1025 178 478 1026 177 479 993 211 480 1024 179 481 1025 178 482 992 212 483 1023 180 484 1024 179 485 991 213 486 1022 181 487 1023 180 488 990 214 489 1021 182 490 1022 181 491 989 215 492 1020 183 493 1021 182 494 988 216 495 1019 184 496 1020 183 497 987 217 498 1018 185 499 1019 184 500 986 218 501 1017 186 502 1018 185 503 985 219 504 1016 187 505 1017 186 506 984 220 507 1015 188 508 1016 187 509 983 221 510 1014 189 511 1015 188 512 982 222 513 1013 190 514 1014 189 515 981 223 516 1012 191 517 1013 190 518 980 224 519 1011 192 520 1012 191 521 979 225 522 1010 193 523 1011 192 524 978 226 525 1009 194 526 1010 193 527 977 227 528 1008 195 529 1009 194 530 976 228 531 1007 196 532 1008 195 533 975 229 534 1006 197 535 1007 196 536 974 230 537 1005 198 538 1006 197 539 973 231 540 1004 199 541 1005 198 542 972 232 543 1003 200 544 1004 199 545 971 233 546 1002 201 547 1003 200 548 970 234 549 1001 202 550 1002 201 551 969 235 552 1000 203 553 1001 202 554 968 236 555 999 67 556 1000 203 557 1221 237 558 998 238 559 1222 204 560 1122 239 561 997 207 562 1123 206 563 965 240 564 996 208 565 997 207 566 964 241 567 995 209 568 996 208 569 963 242 570 994 210 571 995 209 572 962 243 573 993 211 574 994 210 575 961 244 576 992 212 577 993 211 578 960 245 579 991 213 580 992 212 581 959 246 582 990 214 583 991 213 584 958 247 585 989 215 586 990 214 587 957 248 588 988 216 589 989 215 590 956 249 591 987 217 592 988 216 593 955 250 594 986 218 595 987 217 596 954 251 597 985 219 598 986 218 599 953 252 600 984 220 601 985 219 602 952 253 603 983 221 604 984 220 605 951 254 606 982 222 607 983 221 608 950 255 609 981 223 610 982 222 611 949 256 612 980 224 613 981 223 614 948 257 615 979 225 616 980 224 617 947 258 618 978 226 619 979 225 620 946 259 621 977 227 622 978 226 623 945 260 624 976 228 625 977 227 626 944 261 627 975 229 628 976 228 629 943 262 630 974 230 631 975 229 632 942 263 633 973 231 634 974 230 635 941 264 636 972 232 637 973 231 638 940 265 639 971 233 640 972 232 641 939 266 642 970 234 643 971 233 644 938 267 645 969 235 646 970 234 647 937 268 648 968 236 649 969 235 650 936 269 651 967 66 652 968 236 653 1220 270 654 966 271 655 1221 237 656 1121 272 657 965 240 658 1122 239 659 933 273 660 964 241 661 965 240 662 932 274 663 963 242 664 964 241 665 931 275 666 962 243 667 963 242 668 930 276 669 961 244 670 962 243 671 929 277 672 960 245 673 961 244 674 928 278 675 959 246 676 960 245 677 927 279 678 958 247 679 959 246 680 926 280 681 957 248 682 958 247 683 925 281 684 956 249 685 957 248 686 924 282 687 955 250 688 956 249 689 923 283 690 954 251 691 955 250 692 922 284 693 953 252 694 954 251 695 921 285 696 952 253 697 953 252 698 920 286 699 951 254 700 952 253 701 919 287 702 950 255 703 951 254 704 918 288 705 949 256 706 950 255 707 917 289 708 948 257 709 949 256 710 916 290 711 947 258 712 948 257 713 915 291 714 946 259 715 947 258 716 914 292 717 945 260 718 946 259 719 913 293 720 944 261 721 945 260 722 912 294 723 943 262 724 944 261 725 911 295 726 942 263 727 943 262 728 910 296 729 941 264 730 942 263 731 909 297 732 940 265 733 941 264 734 908 298 735 939 266 736 940 265 737 907 299 738 938 267 739 939 266 740 906 300 741 937 268 742 938 267 743 905 301 744 936 269 745 937 268 746 904 302 747 935 65 748 936 269 749 1219 303 750 934 304 751 1220 270 752 1120 305 753 933 273 754 1121 272 755 901 306 756 932 274 757 933 273 758 900 307 759 931 275 760 932 274 761 899 308 762 930 276 763 931 275 764 898 309 765 929 277 766 930 276 767 897 310 768 928 278 769 929 277 770 896 311 771 927 279 772 928 278 773 895 312 774 926 280 775 927 279 776 894 313 777 925 281 778 926 280 779 893 314 780 924 282 781 925 281 782 892 315 783 923 283 784 924 282 785 891 316 786 922 284 787 923 283 788 890 317 789 921 285 790 922 284 791 889 318 792 920 286 793 921 285 794 888 319 795 919 287 796 920 286 797 887 320 798 918 288 799 919 287 800 886 321 801 917 289 802 918 288 803 885 322 804 916 290 805 917 289 806 884 323 807 915 291 808 916 290 809 883 324 810 914 292 811 915 291 812 882 325 813 913 293 814 914 292 815 881 326 816 912 294 817 913 293 818 880 327 819 911 295 820 912 294 821 879 328 822 910 296 823 911 295 824 878 329 825 909 297 826 910 296 827 877 330 828 908 298 829 909 297 830 876 331 831 907 299 832 908 298 833 875 332 834 906 300 835 907 299 836 874 333 837 905 301 838 906 300 839 873 334 840 904 302 841 905 301 842 872 335 843 903 64 844 904 302 845 1218 336 846 902 337 847 1219 303 848 1119 338 849 901 306 850 1120 305 851 869 339 852 900 307 853 901 306 854 868 340 855 899 308 856 900 307 857 867 341 858 898 309 859 899 308 860 866 342 861 897 310 862 898 309 863 865 343 864 896 311 865 897 310 866 864 344 867 895 312 868 896 311 869 863 345 870 894 313 871 895 312 872 862 346 873 893 314 874 894 313 875 861 347 876 892 315 877 893 314 878 860 348 879 891 316 880 892 315 881 859 349 882 890 317 883 891 316 884 858 350 885 889 318 886 890 317 887 857 351 888 888 319 889 889 318 890 856 352 891 887 320 892 888 319 893 855 353 894 886 321 895 887 320 896 854 354 897 885 322 898 886 321 899 853 355 900 884 323 901 885 322 902 852 356 903 883 324 904 884 323 905 851 357 906 882 325 907 883 324 908 850 358 909 881 326 910 882 325 911 849 359 912 880 327 913 881 326 914 848 360 915 879 328 916 880 327 917 847 361 918 878 329 919 879 328 920 846 362 921 877 330 922 878 329 923 845 363 924 876 331 925 877 330 926 844 364 927 875 332 928 876 331 929 843 365 930 874 333 931 875 332 932 842 366 933 873 334 934 874 333 935 841 367 936 872 335 937 873 334 938 840 368 939 871 63 940 872 335 941 1217 369 942 870 370 943 1218 336 944 1118 371 945 869 339 946 1119 338 947 837 372 948 868 340 949 869 339 950 836 373 951 867 341 952 868 340 953 835 374 954 866 342 955 867 341 956 834 375 957 865 343 958 866 342 959 833 376 960 864 344 961 865 343 962 832 377 963 863 345 964 864 344 965 831 378 966 862 346 967 863 345 968 830 379 969 861 347 970 862 346 971 829 380 972 860 348 973 861 347 974 828 381 975 859 349 976 860 348 977 827 382 978 858 350 979 859 349 980 826 383 981 857 351 982 858 350 983 825 384 984 856 352 985 857 351 986 824 385 987 855 353 988 856 352 989 823 386 990 854 354 991 855 353 992 822 387 993 853 355 994 854 354 995 821 388 996 852 356 997 853 355 998 820 389 999 851 357 1000 852 356 1001 819 390 1002 850 358 1003 851 357 1004 818 391 1005 849 359 1006 850 358 1007 817 392 1008 848 360 1009 849 359 1010 816 393 1011 847 361 1012 848 360 1013 815 394 1014 846 362 1015 847 361 1016 814 395 1017 845 363 1018 846 362 1019 813 396 1020 844 364 1021 845 363 1022 812 397 1023 843 365 1024 844 364 1025 811 398 1026 842 366 1027 843 365 1028 810 399 1029 841 367 1030 842 366 1031 809 400 1032 840 368 1033 841 367 1034 808 401 1035 839 62 1036 840 368 1037 1216 402 1038 838 403 1039 1217 369 1040 1117 404 1041 837 372 1042 1118 371 1043 805 405 1044 836 373 1045 837 372 1046 804 406 1047 835 374 1048 836 373 1049 803 407 1050 834 375 1051 835 374 1052 802 408 1053 833 376 1054 834 375 1055 801 409 1056 832 377 1057 833 376 1058 800 410 1059 831 378 1060 832 377 1061 799 411 1062 830 379 1063 831 378 1064 798 412 1065 829 380 1066 830 379 1067 797 413 1068 828 381 1069 829 380 1070 796 414 1071 827 382 1072 828 381 1073 795 415 1074 826 383 1075 827 382 1076 794 416 1077 825 384 1078 826 383 1079 793 417 1080 824 385 1081 825 384 1082 792 418 1083 823 386 1084 824 385 1085 791 419 1086 822 387 1087 823 386 1088 790 420 1089 821 388 1090 822 387 1091 789 421 1092 820 389 1093 821 388 1094 788 422 1095 819 390 1096 820 389 1097 787 423 1098 818 391 1099 819 390 1100 786 424 1101 817 392 1102 818 391 1103 785 425 1104 816 393 1105 817 392 1106 784 426 1107 815 394 1108 816 393 1109 783 427 1110 814 395 1111 815 394 1112 782 428 1113 813 396 1114 814 395 1115 781 429 1116 812 397 1117 813 396 1118 780 430 1119 811 398 1120 812 397 1121 779 431 1122 810 399 1123 811 398 1124 778 432 1125 809 400 1126 810 399 1127 777 433 1128 808 401 1129 809 400 1130 776 434 1131 807 61 1132 808 401 1133 1215 435 1134 806 436 1135 1216 402 1136 1116 437 1137 805 405 1138 1117 404 1139 773 438 1140 804 406 1141 805 405 1142 772 439 1143 803 407 1144 804 406 1145 771 440 1146 802 408 1147 803 407 1148 770 441 1149 801 409 1150 802 408 1151 769 442 1152 800 410 1153 801 409 1154 768 443 1155 799 411 1156 800 410 1157 767 444 1158 798 412 1159 799 411 1160 766 445 1161 797 413 1162 798 412 1163 765 446 1164 796 414 1165 797 413 1166 764 447 1167 795 415 1168 796 414 1169 763 448 1170 794 416 1171 795 415 1172 762 449 1173 793 417 1174 794 416 1175 761 450 1176 792 418 1177 793 417 1178 760 451 1179 791 419 1180 792 418 1181 759 452 1182 790 420 1183 791 419 1184 758 453 1185 789 421 1186 790 420 1187 757 454 1188 788 422 1189 789 421 1190 756 455 1191 787 423 1192 788 422 1193 755 456 1194 786 424 1195 787 423 1196 754 457 1197 785 425 1198 786 424 1199 753 458 1200 784 426 1201 785 425 1202 752 459 1203 783 427 1204 784 426 1205 751 460 1206 782 428 1207 783 427 1208 750 461 1209 781 429 1210 782 428 1211 749 462 1212 780 430 1213 781 429 1214 748 463 1215 779 431 1216 780 430 1217 747 464 1218 778 432 1219 779 431 1220 746 465 1221 777 433 1222 778 432 1223 745 466 1224 776 434 1225 777 433 1226 744 467 1227 775 60 1228 776 434 1229 1214 468 1230 774 469 1231 1215 435 1232 1115 470 1233 773 438 1234 1116 437 1235 741 471 1236 772 439 1237 773 438 1238 740 472 1239 771 440 1240 772 439 1241 739 473 1242 770 441 1243 771 440 1244 738 474 1245 769 442 1246 770 441 1247 737 475 1248 768 443 1249 769 442 1250 736 476 1251 767 444 1252 768 443 1253 735 477 1254 766 445 1255 767 444 1256 734 478 1257 765 446 1258 766 445 1259 733 479 1260 764 447 1261 765 446 1262 732 480 1263 763 448 1264 764 447 1265 731 481 1266 762 449 1267 763 448 1268 730 482 1269 761 450 1270 762 449 1271 729 483 1272 760 451 1273 761 450 1274 728 484 1275 759 452 1276 760 451 1277 727 485 1278 758 453 1279 759 452 1280 726 486 1281 757 454 1282 758 453 1283 725 487 1284 756 455 1285 757 454 1286 724 488 1287 755 456 1288 756 455 1289 723 489 1290 754 457 1291 755 456 1292 722 490 1293 753 458 1294 754 457 1295 721 491 1296 752 459 1297 753 458 1298 720 492 1299 751 460 1300 752 459 1301 719 493 1302 750 461 1303 751 460 1304 718 494 1305 749 462 1306 750 461 1307 717 495 1308 748 463 1309 749 462 1310 716 496 1311 747 464 1312 748 463 1313 715 497 1314 746 465 1315 747 464 1316 714 498 1317 745 466 1318 746 465 1319 713 499 1320 744 467 1321 745 466 1322 712 500 1323 743 59 1324 744 467 1325 1213 501 1326 742 502 1327 1214 468 1328 1114 503 1329 741 471 1330 1115 470 1331 709 504 1332 740 472 1333 741 471 1334 708 505 1335 739 473 1336 740 472 1337 707 506 1338 738 474 1339 739 473 1340 706 507 1341 737 475 1342 738 474 1343 705 508 1344 736 476 1345 737 475 1346 704 509 1347 735 477 1348 736 476 1349 703 510 1350 734 478 1351 735 477 1352 702 511 1353 733 479 1354 734 478 1355 701 512 1356 732 480 1357 733 479 1358 700 513 1359 731 481 1360 732 480 1361 699 514 1362 730 482 1363 731 481 1364 698 515 1365 729 483 1366 730 482 1367 697 516 1368 728 484 1369 729 483 1370 696 517 1371 727 485 1372 728 484 1373 695 518 1374 726 486 1375 727 485 1376 694 519 1377 725 487 1378 726 486 1379 693 520 1380 724 488 1381 725 487 1382 692 521 1383 723 489 1384 724 488 1385 691 522 1386 722 490 1387 723 489 1388 690 523 1389 721 491 1390 722 490 1391 689 524 1392 720 492 1393 721 491 1394 688 525 1395 719 493 1396 720 492 1397 687 526 1398 718 494 1399 719 493 1400 686 527 1401 717 495 1402 718 494 1403 685 528 1404 716 496 1405 717 495 1406 684 529 1407 715 497 1408 716 496 1409 683 530 1410 714 498 1411 715 497 1412 682 531 1413 713 499 1414 714 498 1415 681 532 1416 712 500 1417 713 499 1418 680 533 1419 711 58 1420 712 500 1421 1212 534 1422 710 535 1423 1213 501 1424 1113 536 1425 709 504 1426 1114 503 1427 677 537 1428 708 505 1429 709 504 1430 676 538 1431 707 506 1432 708 505 1433 675 539 1434 706 507 1435 707 506 1436 674 540 1437 705 508 1438 706 507 1439 673 541 1440 704 509 1441 705 508 1442 672 542 1443 703 510 1444 704 509 1445 671 543 1446 702 511 1447 703 510 1448 670 544 1449 701 512 1450 702 511 1451 669 545 1452 700 513 1453 701 512 1454 668 546 1455 699 514 1456 700 513 1457 667 547 1458 698 515 1459 699 514 1460 666 548 1461 697 516 1462 698 515 1463 665 549 1464 696 517 1465 697 516 1466 664 547 1467 695 518 1468 696 517 1469 663 550 1470 694 519 1471 695 518 1472 662 551 1473 693 520 1474 694 519 1475 661 552 1476 692 521 1477 693 520 1478 660 553 1479 691 522 1480 692 521 1481 659 554 1482 690 523 1483 691 522 1484 658 555 1485 689 524 1486 690 523 1487 657 556 1488 688 525 1489 689 524 1490 656 557 1491 687 526 1492 688 525 1493 655 558 1494 686 527 1495 687 526 1496 654 559 1497 685 528 1498 686 527 1499 653 560 1500 684 529 1501 685 528 1502 652 561 1503 683 530 1504 684 529 1505 651 562 1506 682 531 1507 683 530 1508 650 563 1509 681 532 1510 682 531 1511 649 564 1512 680 533 1513 681 532 1514 648 565 1515 679 57 1516 680 533 1517 1211 566 1518 678 567 1519 1212 534 1520 1112 568 1521 677 537 1522 1113 536 1523 645 569 1524 676 538 1525 677 537 1526 644 570 1527 675 539 1528 676 538 1529 643 571 1530 674 540 1531 675 539 1532 642 572 1533 673 541 1534 674 540 1535 641 573 1536 672 542 1537 673 541 1538 640 574 1539 671 543 1540 672 542 1541 639 575 1542 670 544 1543 671 543 1544 638 576 1545 669 545 1546 670 544 1547 637 577 1548 668 546 1549 669 545 1550 636 578 1551 667 547 1552 668 546 1553 635 579 1554 666 548 1555 667 547 1556 634 580 1557 665 549 1558 666 548 1559 633 581 1560 664 547 1561 665 549 1562 632 582 1563 663 550 1564 664 547 1565 631 583 1566 662 551 1567 663 550 1568 630 584 1569 661 552 1570 662 551 1571 629 585 1572 660 553 1573 661 552 1574 628 586 1575 659 554 1576 660 553 1577 627 587 1578 658 555 1579 659 554 1580 626 588 1581 657 556 1582 658 555 1583 625 589 1584 656 557 1585 657 556 1586 624 590 1587 655 558 1588 656 557 1589 623 591 1590 654 559 1591 655 558 1592 622 592 1593 653 560 1594 654 559 1595 621 593 1596 652 561 1597 653 560 1598 620 594 1599 651 562 1600 652 561 1601 619 595 1602 650 563 1603 651 562 1604 618 596 1605 649 564 1606 650 563 1607 617 597 1608 648 565 1609 649 564 1610 616 598 1611 647 56 1612 648 565 1613 1210 599 1614 646 600 1615 1211 566 1616 1111 601 1617 645 569 1618 1112 568 1619 613 602 1620 644 570 1621 645 569 1622 612 603 1623 643 571 1624 644 570 1625 611 604 1626 642 572 1627 643 571 1628 610 605 1629 641 573 1630 642 572 1631 609 606 1632 640 574 1633 641 573 1634 608 607 1635 639 575 1636 640 574 1637 607 608 1638 638 576 1639 639 575 1640 606 609 1641 637 577 1642 638 576 1643 605 610 1644 636 578 1645 637 577 1646 604 611 1647 635 579 1648 636 578 1649 603 612 1650 634 580 1651 635 579 1652 602 613 1653 633 581 1654 634 580 1655 601 614 1656 632 582 1657 633 581 1658 600 615 1659 631 583 1660 632 582 1661 599 616 1662 630 584 1663 631 583 1664 598 617 1665 629 585 1666 630 584 1667 597 618 1668 628 586 1669 629 585 1670 596 619 1671 627 587 1672 628 586 1673 595 620 1674 626 588 1675 627 587 1676 594 621 1677 625 589 1678 626 588 1679 593 622 1680 624 590 1681 625 589 1682 592 623 1683 623 591 1684 624 590 1685 591 624 1686 622 592 1687 623 591 1688 590 625 1689 621 593 1690 622 592 1691 589 626 1692 620 594 1693 621 593 1694 588 627 1695 619 595 1696 620 594 1697 587 628 1698 618 596 1699 619 595 1700 586 629 1701 617 597 1702 618 596 1703 585 630 1704 616 598 1705 617 597 1706 584 631 1707 615 55 1708 616 598 1709 1209 632 1710 614 633 1711 1210 599 1712 1110 634 1713 613 602 1714 1111 601 1715 581 635 1716 612 603 1717 613 602 1718 580 636 1719 611 604 1720 612 603 1721 579 637 1722 610 605 1723 611 604 1724 578 638 1725 609 606 1726 610 605 1727 577 639 1728 608 607 1729 609 606 1730 576 640 1731 607 608 1732 608 607 1733 575 641 1734 606 609 1735 607 608 1736 574 642 1737 605 610 1738 606 609 1739 573 643 1740 604 611 1741 605 610 1742 572 644 1743 603 612 1744 604 611 1745 571 645 1746 602 613 1747 603 612 1748 570 646 1749 601 614 1750 602 613 1751 569 647 1752 600 615 1753 601 614 1754 568 648 1755 599 616 1756 600 615 1757 567 649 1758 598 617 1759 599 616 1760 566 650 1761 597 618 1762 598 617 1763 565 651 1764 596 619 1765 597 618 1766 564 652 1767 595 620 1768 596 619 1769 563 653 1770 594 621 1771 595 620 1772 562 654 1773 593 622 1774 594 621 1775 561 655 1776 592 623 1777 593 622 1778 560 656 1779 591 624 1780 592 623 1781 559 657 1782 590 625 1783 591 624 1784 558 658 1785 589 626 1786 590 625 1787 557 659 1788 588 627 1789 589 626 1790 556 660 1791 587 628 1792 588 627 1793 555 661 1794 586 629 1795 587 628 1796 554 662 1797 585 630 1798 586 629 1799 553 663 1800 584 631 1801 585 630 1802 552 664 1803 583 54 1804 584 631 1805 1208 665 1806 582 666 1807 1209 632 1808 1109 667 1809 581 635 1810 1110 634 1811 549 668 1812 580 636 1813 581 635 1814 548 669 1815 579 637 1816 580 636 1817 547 670 1818 578 638 1819 579 637 1820 546 671 1821 577 639 1822 578 638 1823 545 672 1824 576 640 1825 577 639 1826 544 673 1827 575 641 1828 576 640 1829 543 674 1830 574 642 1831 575 641 1832 542 675 1833 573 643 1834 574 642 1835 541 676 1836 572 644 1837 573 643 1838 540 677 1839 571 645 1840 572 644 1841 539 678 1842 570 646 1843 571 645 1844 538 679 1845 569 647 1846 570 646 1847 537 680 1848 568 648 1849 569 647 1850 536 681 1851 567 649 1852 568 648 1853 535 682 1854 566 650 1855 567 649 1856 534 683 1857 565 651 1858 566 650 1859 533 684 1860 564 652 1861 565 651 1862 532 685 1863 563 653 1864 564 652 1865 531 686 1866 562 654 1867 563 653 1868 530 687 1869 561 655 1870 562 654 1871 529 688 1872 560 656 1873 561 655 1874 528 689 1875 559 657 1876 560 656 1877 527 690 1878 558 658 1879 559 657 1880 526 691 1881 557 659 1882 558 658 1883 525 692 1884 556 660 1885 557 659 1886 524 693 1887 555 661 1888 556 660 1889 523 694 1890 554 662 1891 555 661 1892 522 695 1893 553 663 1894 554 662 1895 521 696 1896 552 664 1897 553 663 1898 520 697 1899 551 53 1900 552 664 1901 1207 698 1902 550 699 1903 1208 665 1904 1108 700 1905 549 668 1906 1109 667 1907 517 701 1908 548 669 1909 549 668 1910 516 702 1911 547 670 1912 548 669 1913 515 703 1914 546 671 1915 547 670 1916 514 704 1917 545 672 1918 546 671 1919 513 705 1920 544 673 1921 545 672 1922 512 706 1923 543 674 1924 544 673 1925 511 707 1926 542 675 1927 543 674 1928 510 708 1929 541 676 1930 542 675 1931 509 709 1932 540 677 1933 541 676 1934 508 710 1935 539 678 1936 540 677 1937 507 711 1938 538 679 1939 539 678 1940 506 712 1941 537 680 1942 538 679 1943 505 713 1944 536 681 1945 537 680 1946 504 714 1947 535 682 1948 536 681 1949 503 715 1950 534 683 1951 535 682 1952 502 716 1953 533 684 1954 534 683 1955 501 717 1956 532 685 1957 533 684 1958 500 718 1959 531 686 1960 532 685 1961 499 719 1962 530 687 1963 531 686 1964 498 720 1965 529 688 1966 530 687 1967 497 721 1968 528 689 1969 529 688 1970 496 722 1971 527 690 1972 528 689 1973 495 723 1974 526 691 1975 527 690 1976 494 724 1977 525 692 1978 526 691 1979 493 725 1980 524 693 1981 525 692 1982 492 726 1983 523 694 1984 524 693 1985 491 727 1986 522 695 1987 523 694 1988 490 728 1989 521 696 1990 522 695 1991 489 729 1992 520 697 1993 521 696 1994 488 730 1995 519 52 1996 520 697 1997 1206 731 1998 518 732 1999 1207 698 2000 1107 733 2001 517 701 2002 1108 700 2003 485 734 2004 516 702 2005 517 701 2006 484 735 2007 515 703 2008 516 702 2009 483 736 2010 514 704 2011 515 703 2012 482 737 2013 513 705 2014 514 704 2015 481 738 2016 512 706 2017 513 705 2018 480 739 2019 511 707 2020 512 706 2021 479 740 2022 510 708 2023 511 707 2024 478 741 2025 509 709 2026 510 708 2027 477 742 2028 508 710 2029 509 709 2030 476 743 2031 507 711 2032 508 710 2033 475 744 2034 506 712 2035 507 711 2036 474 745 2037 505 713 2038 506 712 2039 473 746 2040 504 714 2041 505 713 2042 472 747 2043 503 715 2044 504 714 2045 471 748 2046 502 716 2047 503 715 2048 470 749 2049 501 717 2050 502 716 2051 469 750 2052 500 718 2053 501 717 2054 468 751 2055 499 719 2056 500 718 2057 467 752 2058 498 720 2059 499 719 2060 466 753 2061 497 721 2062 498 720 2063 465 754 2064 496 722 2065 497 721 2066 464 755 2067 495 723 2068 496 722 2069 463 756 2070 494 724 2071 495 723 2072 462 757 2073 493 725 2074 494 724 2075 461 758 2076 492 726 2077 493 725 2078 460 759 2079 491 727 2080 492 726 2081 459 760 2082 490 728 2083 491 727 2084 458 761 2085 489 729 2086 490 728 2087 457 762 2088 488 730 2089 489 729 2090 456 763 2091 487 51 2092 488 730 2093 1205 764 2094 486 765 2095 1206 731 2096 1106 766 2097 485 734 2098 1107 733 2099 453 767 2100 484 735 2101 485 734 2102 452 768 2103 483 736 2104 484 735 2105 451 769 2106 482 737 2107 483 736 2108 450 770 2109 481 738 2110 482 737 2111 449 771 2112 480 739 2113 481 738 2114 448 772 2115 479 740 2116 480 739 2117 447 773 2118 478 741 2119 479 740 2120 446 774 2121 477 742 2122 478 741 2123 445 775 2124 476 743 2125 477 742 2126 444 776 2127 475 744 2128 476 743 2129 443 777 2130 474 745 2131 475 744 2132 442 778 2133 473 746 2134 474 745 2135 441 779 2136 472 747 2137 473 746 2138 440 780 2139 471 748 2140 472 747 2141 439 781 2142 470 749 2143 471 748 2144 438 782 2145 469 750 2146 470 749 2147 437 783 2148 468 751 2149 469 750 2150 436 784 2151 467 752 2152 468 751 2153 435 785 2154 466 753 2155 467 752 2156 434 786 2157 465 754 2158 466 753 2159 433 787 2160 464 755 2161 465 754 2162 432 788 2163 463 756 2164 464 755 2165 431 789 2166 462 757 2167 463 756 2168 430 790 2169 461 758 2170 462 757 2171 429 791 2172 460 759 2173 461 758 2174 428 792 2175 459 760 2176 460 759 2177 427 793 2178 458 761 2179 459 760 2180 426 794 2181 457 762 2182 458 761 2183 425 795 2184 456 763 2185 457 762 2186 424 796 2187 455 50 2188 456 763 2189 1204 797 2190 454 798 2191 1205 764 2192 1105 799 2193 453 767 2194 1106 766 2195 421 800 2196 452 768 2197 453 767 2198 420 801 2199 451 769 2200 452 768 2201 419 802 2202 450 770 2203 451 769 2204 418 803 2205 449 771 2206 450 770 2207 417 804 2208 448 772 2209 449 771 2210 416 805 2211 447 773 2212 448 772 2213 415 806 2214 446 774 2215 447 773 2216 414 807 2217 445 775 2218 446 774 2219 413 808 2220 444 776 2221 445 775 2222 412 809 2223 443 777 2224 444 776 2225 411 810 2226 442 778 2227 443 777 2228 410 811 2229 441 779 2230 442 778 2231 409 812 2232 440 780 2233 441 779 2234 408 813 2235 439 781 2236 440 780 2237 407 814 2238 438 782 2239 439 781 2240 406 815 2241 437 783 2242 438 782 2243 405 816 2244 436 784 2245 437 783 2246 404 817 2247 435 785 2248 436 784 2249 403 818 2250 434 786 2251 435 785 2252 402 819 2253 433 787 2254 434 786 2255 401 820 2256 432 788 2257 433 787 2258 400 821 2259 431 789 2260 432 788 2261 399 822 2262 430 790 2263 431 789 2264 398 823 2265 429 791 2266 430 790 2267 397 824 2268 428 792 2269 429 791 2270 396 825 2271 427 793 2272 428 792 2273 395 826 2274 426 794 2275 427 793 2276 394 827 2277 425 795 2278 426 794 2279 393 828 2280 424 796 2281 425 795 2282 392 829 2283 423 49 2284 424 796 2285 1203 830 2286 422 831 2287 1204 797 2288 1104 832 2289 421 800 2290 1105 799 2291 389 833 2292 420 801 2293 421 800 2294 388 834 2295 419 802 2296 420 801 2297 387 835 2298 418 803 2299 419 802 2300 386 836 2301 417 804 2302 418 803 2303 385 837 2304 416 805 2305 417 804 2306 384 838 2307 415 806 2308 416 805 2309 383 839 2310 414 807 2311 415 806 2312 382 840 2313 413 808 2314 414 807 2315 381 841 2316 412 809 2317 413 808 2318 380 842 2319 411 810 2320 412 809 2321 379 843 2322 410 811 2323 411 810 2324 378 844 2325 409 812 2326 410 811 2327 377 845 2328 408 813 2329 409 812 2330 376 846 2331 407 814 2332 408 813 2333 375 847 2334 406 815 2335 407 814 2336 374 848 2337 405 816 2338 406 815 2339 373 849 2340 404 817 2341 405 816 2342 372 850 2343 403 818 2344 404 817 2345 371 851 2346 402 819 2347 403 818 2348 370 852 2349 401 820 2350 402 819 2351 369 853 2352 400 821 2353 401 820 2354 368 854 2355 399 822 2356 400 821 2357 367 855 2358 398 823 2359 399 822 2360 366 856 2361 397 824 2362 398 823 2363 365 857 2364 396 825 2365 397 824 2366 364 858 2367 395 826 2368 396 825 2369 363 859 2370 394 827 2371 395 826 2372 362 860 2373 393 828 2374 394 827 2375 361 861 2376 392 829 2377 393 828 2378 360 862 2379 391 48 2380 392 829 2381 1202 863 2382 390 864 2383 1203 830 2384 1103 865 2385 389 833 2386 1104 832 2387 357 866 2388 388 834 2389 389 833 2390 356 867 2391 387 835 2392 388 834 2393 355 868 2394 386 836 2395 387 835 2396 354 869 2397 385 837 2398 386 836 2399 353 870 2400 384 838 2401 385 837 2402 352 871 2403 383 839 2404 384 838 2405 351 872 2406 382 840 2407 383 839 2408 350 873 2409 381 841 2410 382 840 2411 349 874 2412 380 842 2413 381 841 2414 348 875 2415 379 843 2416 380 842 2417 347 876 2418 378 844 2419 379 843 2420 346 877 2421 377 845 2422 378 844 2423 345 878 2424 376 846 2425 377 845 2426 344 879 2427 375 847 2428 376 846 2429 343 880 2430 374 848 2431 375 847 2432 342 881 2433 373 849 2434 374 848 2435 341 882 2436 372 850 2437 373 849 2438 340 883 2439 371 851 2440 372 850 2441 339 884 2442 370 852 2443 371 851 2444 338 885 2445 369 853 2446 370 852 2447 337 886 2448 368 854 2449 369 853 2450 336 887 2451 367 855 2452 368 854 2453 335 888 2454 366 856 2455 367 855 2456 334 889 2457 365 857 2458 366 856 2459 333 890 2460 364 858 2461 365 857 2462 332 891 2463 363 859 2464 364 858 2465 331 892 2466 362 860 2467 363 859 2468 330 893 2469 361 861 2470 362 860 2471 329 894 2472 360 862 2473 361 861 2474 328 895 2475 359 47 2476 360 862 2477 1201 896 2478 358 897 2479 1202 863 2480 1102 898 2481 357 866 2482 1103 865 2483 325 899 2484 356 867 2485 357 866 2486 324 900 2487 355 868 2488 356 867 2489 323 901 2490 354 869 2491 355 868 2492 322 902 2493 353 870 2494 354 869 2495 321 903 2496 352 871 2497 353 870 2498 320 904 2499 351 872 2500 352 871 2501 319 905 2502 350 873 2503 351 872 2504 318 906 2505 349 874 2506 350 873 2507 317 907 2508 348 875 2509 349 874 2510 316 908 2511 347 876 2512 348 875 2513 315 909 2514 346 877 2515 347 876 2516 314 910 2517 345 878 2518 346 877 2519 313 911 2520 344 879 2521 345 878 2522 312 912 2523 343 880 2524 344 879 2525 311 913 2526 342 881 2527 343 880 2528 310 914 2529 341 882 2530 342 881 2531 309 915 2532 340 883 2533 341 882 2534 308 916 2535 339 884 2536 340 883 2537 307 917 2538 338 885 2539 339 884 2540 306 918 2541 337 886 2542 338 885 2543 305 919 2544 336 887 2545 337 886 2546 304 920 2547 335 888 2548 336 887 2549 303 921 2550 334 889 2551 335 888 2552 302 922 2553 333 890 2554 334 889 2555 301 923 2556 332 891 2557 333 890 2558 300 924 2559 331 892 2560 332 891 2561 299 925 2562 330 893 2563 331 892 2564 298 926 2565 329 894 2566 330 893 2567 297 927 2568 328 895 2569 329 894 2570 296 928 2571 327 46 2572 328 895 2573 1200 929 2574 326 930 2575 1201 896 2576 1101 931 2577 325 899 2578 1102 898 2579 293 932 2580 324 900 2581 325 899 2582 292 933 2583 323 901 2584 324 900 2585 291 934 2586 322 902 2587 323 901 2588 290 935 2589 321 903 2590 322 902 2591 289 936 2592 320 904 2593 321 903 2594 288 937 2595 319 905 2596 320 904 2597 287 938 2598 318 906 2599 319 905 2600 286 939 2601 317 907 2602 318 906 2603 285 940 2604 316 908 2605 317 907 2606 284 941 2607 315 909 2608 316 908 2609 283 942 2610 314 910 2611 315 909 2612 282 943 2613 313 911 2614 314 910 2615 281 944 2616 312 912 2617 313 911 2618 280 945 2619 311 913 2620 312 912 2621 279 946 2622 310 914 2623 311 913 2624 278 947 2625 309 915 2626 310 914 2627 277 948 2628 308 916 2629 309 915 2630 276 949 2631 307 917 2632 308 916 2633 275 950 2634 306 918 2635 307 917 2636 274 951 2637 305 919 2638 306 918 2639 273 952 2640 304 920 2641 305 919 2642 272 953 2643 303 921 2644 304 920 2645 271 954 2646 302 922 2647 303 921 2648 270 955 2649 301 923 2650 302 922 2651 269 956 2652 300 924 2653 301 923 2654 268 957 2655 299 925 2656 300 924 2657 267 958 2658 298 926 2659 299 925 2660 266 959 2661 297 927 2662 298 926 2663 265 960 2664 296 928 2665 297 927 2666 264 961 2667 295 45 2668 296 928 2669 1199 962 2670 294 963 2671 1200 929 2672 1100 964 2673 293 932 2674 1101 931 2675 261 965 2676 292 933 2677 293 932 2678 260 966 2679 291 934 2680 292 933 2681 259 967 2682 290 935 2683 291 934 2684 258 968 2685 289 936 2686 290 935 2687 257 969 2688 288 937 2689 289 936 2690 256 970 2691 287 938 2692 288 937 2693 255 971 2694 286 939 2695 287 938 2696 254 972 2697 285 940 2698 286 939 2699 253 973 2700 284 941 2701 285 940 2702 252 974 2703 283 942 2704 284 941 2705 251 975 2706 282 943 2707 283 942 2708 250 976 2709 281 944 2710 282 943 2711 249 977 2712 280 945 2713 281 944 2714 248 978 2715 279 946 2716 280 945 2717 247 979 2718 278 947 2719 279 946 2720 246 980 2721 277 948 2722 278 947 2723 245 981 2724 276 949 2725 277 948 2726 244 982 2727 275 950 2728 276 949 2729 243 983 2730 274 951 2731 275 950 2732 242 984 2733 273 952 2734 274 951 2735 241 985 2736 272 953 2737 273 952 2738 240 986 2739 271 954 2740 272 953 2741 239 987 2742 270 955 2743 271 954 2744 238 988 2745 269 956 2746 270 955 2747 237 989 2748 268 957 2749 269 956 2750 236 990 2751 267 958 2752 268 957 2753 235 991 2754 266 959 2755 267 958 2756 234 992 2757 265 960 2758 266 959 2759 233 993 2760 264 961 2761 265 960 2762 232 994 2763 263 44 2764 264 961 2765 1226 995 2766 262 996 2767 1199 962 2768 1160 997 2769 261 965 2770 1100 964 2771 1129 998 2772 260 966 2773 261 965 2774 1130 999 2775 259 967 2776 260 966 2777 1131 1000 2778 258 968 2779 259 967 2780 1132 1001 2781 257 969 2782 258 968 2783 1133 1002 2784 256 970 2785 257 969 2786 1134 1003 2787 255 971 2788 256 970 2789 1135 1004 2790 254 972 2791 255 971 2792 1136 1005 2793 253 973 2794 254 972 2795 1137 1006 2796 252 974 2797 253 973 2798 1138 1007 2799 251 975 2800 252 974 2801 1139 1008 2802 250 976 2803 251 975 2804 1140 1009 2805 249 977 2806 250 976 2807 1141 1010 2808 248 978 2809 249 977 2810 1142 1011 2811 247 979 2812 248 978 2813 1143 1012 2814 246 980 2815 247 979 2816 1144 1013 2817 245 981 2818 246 980 2819 1145 1014 2820 244 982 2821 245 981 2822 1146 1015 2823 243 983 2824 244 982 2825 1147 1016 2826 242 984 2827 243 983 2828 1148 1017 2829 241 985 2830 242 984 2831 1149 1018 2832 240 986 2833 241 985 2834 1150 1019 2835 239 987 2836 240 986 2837 1151 1020 2838 238 988 2839 239 987 2840 1152 1021 2841 237 989 2842 238 988 2843 1153 1022 2844 236 990 2845 237 989 2846 1154 1023 2847 235 991 2848 236 990 2849 1155 1024 2850 234 992 2851 235 991 2852 1156 1025 2853 233 993 2854 234 992 2855 1157 1026 2856 232 994 2857 233 993 2858 1158 1027 2859 231 42 2860 232 994 2861 1197 1028 2862 230 1029 2863 1198 1030 2864 1098 1031 2865 229 1032 2866 1099 1033 2867 197 1034 2868 228 1035 2869 229 1032 2870 196 1036 2871 227 1037 2872 228 1035 2873 195 1038 2874 226 1039 2875 227 1037 2876 194 1040 2877 225 1041 2878 226 1039 2879 193 1042 2880 224 1043 2881 225 1041 2882 192 1044 2883 223 1045 2884 224 1043 2885 191 1046 2886 222 1047 2887 223 1045 2888 190 1048 2889 221 1049 2890 222 1047 2891 189 1050 2892 220 1051 2893 221 1049 2894 188 1052 2895 219 1053 2896 220 1051 2897 187 1054 2898 218 1055 2899 219 1053 2900 186 1056 2901 217 1057 2902 218 1055 2903 185 1058 2904 216 1059 2905 217 1057 2906 184 1060 2907 215 1061 2908 216 1059 2909 183 1062 2910 214 1063 2911 215 1061 2912 182 1064 2913 213 1065 2914 214 1063 2915 181 1066 2916 212 1067 2917 213 1065 2918 180 1068 2919 211 1069 2920 212 1067 2921 179 1070 2922 210 1071 2923 211 1069 2924 178 1072 2925 209 1073 2926 210 1071 2927 177 1074 2928 208 1075 2929 209 1073 2930 176 1076 2931 207 1077 2932 208 1075 2933 175 1078 2934 206 1079 2935 207 1077 2936 174 1080 2937 205 1081 2938 206 1079 2939 173 1082 2940 204 1083 2941 205 1081 2942 172 1084 2943 203 1085 2944 204 1083 2945 171 1086 2946 202 1087 2947 203 1085 2948 170 1088 2949 201 1089 2950 202 1087 2951 169 1090 2952 200 1091 2953 201 1089 2954 168 1092 2955 199 41 2956 200 1091 2957 1196 1093 2958 198 1094 2959 1197 1028 2960 1097 1095 2961 197 1034 2962 1098 1031 2963 165 1096 2964 196 1036 2965 197 1034 2966 164 1097 2967 195 1038 2968 196 1036 2969 163 1098 2970 194 1040 2971 195 1038 2972 162 1099 2973 193 1042 2974 194 1040 2975 161 1100 2976 192 1044 2977 193 1042 2978 160 1101 2979 191 1046 2980 192 1044 2981 159 1102 2982 190 1048 2983 191 1046 2984 158 1103 2985 189 1050 2986 190 1048 2987 157 1104 2988 188 1052 2989 189 1050 2990 156 1105 2991 187 1054 2992 188 1052 2993 155 1106 2994 186 1056 2995 187 1054 2996 154 1107 2997 185 1058 2998 186 1056 2999 153 1108 3000 184 1060 3001 185 1058 3002 152 1109 3003 183 1062 3004 184 1060 3005 151 1110 3006 182 1064 3007 183 1062 3008 150 1111 3009 181 1066 3010 182 1064 3011 149 1112 3012 180 1068 3013 181 1066 3014 148 1113 3015 179 1070 3016 180 1068 3017 147 1114 3018 178 1072 3019 179 1070 3020 146 1115 3021 177 1074 3022 178 1072 3023 145 1116 3024 176 1076 3025 177 1074 3026 144 1117 3027 175 1078 3028 176 1076 3029 143 1118 3030 174 1080 3031 175 1078 3032 142 1119 3033 173 1082 3034 174 1080 3035 141 1120 3036 172 1084 3037 173 1082 3038 140 1121 3039 171 1086 3040 172 1084 3041 139 1122 3042 170 1088 3043 171 1086 3044 138 1123 3045 169 1090 3046 170 1088 3047 137 1124 3048 168 1092 3049 169 1090 3050 136 1125 3051 167 40 3052 168 1092 3053 1195 1126 3054 166 1127 3055 1196 1093 3056 1096 1128 3057 165 1096 3058 1097 1095 3059 133 1129 3060 164 1097 3061 165 1096 3062 132 1130 3063 163 1098 3064 164 1097 3065 131 1131 3066 162 1099 3067 163 1098 3068 130 1132 3069 161 1100 3070 162 1099 3071 129 1133 3072 160 1101 3073 161 1100 3074 128 1134 3075 159 1102 3076 160 1101 3077 127 1135 3078 158 1103 3079 159 1102 3080 126 1136 3081 157 1104 3082 158 1103 3083 125 1137 3084 156 1105 3085 157 1104 3086 124 1138 3087 155 1106 3088 156 1105 3089 123 1139 3090 154 1107 3091 155 1106 3092 122 1140 3093 153 1108 3094 154 1107 3095 121 1141 3096 152 1109 3097 153 1108 3098 120 1142 3099 151 1110 3100 152 1109 3101 119 1143 3102 150 1111 3103 151 1110 3104 118 1144 3105 149 1112 3106 150 1111 3107 117 1145 3108 148 1113 3109 149 1112 3110 116 1146 3111 147 1114 3112 148 1113 3113 115 1147 3114 146 1115 3115 147 1114 3116 114 1148 3117 145 1116 3118 146 1115 3119 113 1149 3120 144 1117 3121 145 1116 3122 112 1150 3123 143 1118 3124 144 1117 3125 111 1151 3126 142 1119 3127 143 1118 3128 110 1152 3129 141 1120 3130 142 1119 3131 109 1153 3132 140 1121 3133 141 1120 3134 108 1154 3135 139 1122 3136 140 1121 3137 107 1155 3138 138 1123 3139 139 1122 3140 106 1156 3141 137 1124 3142 138 1123 3143 105 1157 3144 136 1125 3145 137 1124 3146 104 1158 3147 135 39 3148 136 1125 3149 1194 75 3150 134 1159 3151 1195 1126 3152 1095 78 3153 133 1129 3154 1096 1128 3155 72 77 3156 132 1130 3157 133 1129 3158 73 80 3159 131 1131 3160 132 1130 3161 74 82 3162 130 1132 3163 131 1131 3164 75 84 3165 129 1133 3166 130 1132 3167 76 86 3168 128 1134 3169 129 1133 3170 77 88 3171 127 1135 3172 128 1134 3173 78 90 3174 126 1136 3175 127 1135 3176 79 92 3177 125 1137 3178 126 1136 3179 80 94 3180 124 1138 3181 125 1137 3182 81 96 3183 123 1139 3184 124 1138 3185 82 98 3186 122 1140 3187 123 1139 3188 83 100 3189 121 1141 3190 122 1140 3191 84 102 3192 120 1142 3193 121 1141 3194 85 104 3195 119 1143 3196 120 1142 3197 86 106 3198 118 1144 3199 119 1143 3200 87 108 3201 117 1145 3202 118 1144 3203 88 110 3204 116 1146 3205 117 1145 3206 89 112 3207 115 1147 3208 116 1146 3209 90 114 3210 114 1148 3211 115 1147 3212 91 116 3213 113 1149 3214 114 1148 3215 92 118 3216 112 1150 3217 113 1149 3218 93 120 3219 111 1151 3220 112 1150 3221 94 122 3222 110 1152 3223 111 1151 3224 95 124 3225 109 1153 3226 110 1152 3227 96 126 3228 108 1154 3229 109 1153 3230 97 128 3231 107 1155 3232 108 1154 3233 98 130 3234 106 1156 3235 107 1155 3236 99 132 3237 105 1157 3238 106 1156 3239 100 134 3240 104 1158 3241 105 1157 3242 101 136 3243 103 38 3244 104 1158 3245 71 74 3246 1096 1128 3247 134 1159 3248 134 1159 3249 1097 1095 3250 166 1127 3251 166 1127 3252 1098 1031 3253 198 1094 3254 198 1094 3255 1099 1033 3256 230 1029 3257 1128 1160 3258 1100 964 3259 262 996 3260 262 996 3261 1101 931 3262 294 963 3263 294 963 3264 1102 898 3265 326 930 3266 326 930 3267 1103 865 3268 358 897 3269 358 897 3270 1104 832 3271 390 864 3272 390 864 3273 1105 799 3274 422 831 3275 422 831 3276 1106 766 3277 454 798 3278 454 798 3279 1107 733 3280 486 765 3281 486 765 3282 1108 700 3283 518 732 3284 518 732 3285 1109 667 3286 550 699 3287 550 699 3288 1110 634 3289 582 666 3290 582 666 3291 1111 601 3292 614 633 3293 614 633 3294 1112 568 3295 646 600 3296 646 600 3297 1113 536 3298 678 567 3299 678 567 3300 1114 503 3301 710 535 3302 710 535 3303 1115 470 3304 742 502 3305 742 502 3306 1116 437 3307 774 469 3308 774 469 3309 1117 404 3310 806 436 3311 806 436 3312 1118 371 3313 838 403 3314 838 403 3315 1119 338 3316 870 370 3317 870 370 3318 1120 305 3319 902 337 3320 902 337 3321 1121 272 3322 934 304 3323 934 304 3324 1122 239 3325 966 271 3326 966 271 3327 1123 206 3328 998 238 3329 998 238 3330 1124 173 3331 1030 205 3332 1030 205 3333 1125 140 3334 1062 172 3335 1062 172 3336 1126 76 3337 1094 139 3338 1094 139 3339 1095 78 3340 71 74 3341 230 1029 3342 1160 997 3343 1128 1160 3344 200 1091 3345 1159 43 3346 1158 1027 3347 201 1089 3348 1158 1027 3349 1157 1026 3350 202 1087 3351 1157 1026 3352 1156 1025 3353 203 1085 3354 1156 1025 3355 1155 1024 3356 204 1083 3357 1155 1024 3358 1154 1023 3359 205 1081 3360 1154 1023 3361 1153 1022 3362 206 1079 3363 1153 1022 3364 1152 1021 3365 207 1077 3366 1152 1021 3367 1151 1020 3368 208 1075 3369 1151 1020 3370 1150 1019 3371 209 1073 3372 1150 1019 3373 1149 1018 3374 210 1071 3375 1149 1018 3376 1148 1017 3377 211 1069 3378 1148 1017 3379 1147 1016 3380 212 1067 3381 1147 1016 3382 1146 1015 3383 213 1065 3384 1146 1015 3385 1145 1014 3386 214 1063 3387 1145 1014 3388 1144 1013 3389 215 1061 3390 1144 1013 3391 1143 1012 3392 216 1059 3393 1143 1012 3394 1142 1011 3395 217 1057 3396 1142 1011 3397 1141 1010 3398 218 1055 3399 1141 1010 3400 1140 1009 3401 219 1053 3402 1140 1009 3403 1139 1008 3404 220 1051 3405 1139 1008 3406 1138 1007 3407 221 1049 3408 1138 1007 3409 1137 1006 3410 222 1047 3411 1137 1006 3412 1136 1005 3413 223 1045 3414 1136 1005 3415 1135 1004 3416 224 1043 3417 1135 1004 3418 1134 1003 3419 225 1041 3420 1134 1003 3421 1133 1002 3422 226 1039 3423 1133 1002 3424 1132 1001 3425 227 1037 3426 1132 1001 3427 1131 1000 3428 228 1035 3429 1131 1000 3430 1130 999 3431 229 1032 3432 1130 999 3433 1129 998 3434 1099 1033 3435 1129 998 3436 1160 997 3437 1198 1030 3438 1128 1160 3439 1226 995 3440 42 1161 3441 1193 1162 3442 1127 1163 3443 38 1164 3444 1161 1165 3445 39 1166 3446 39 1166 3447 1162 1167 3448 40 1168 3449 40 1168 3450 1163 1169 3451 41 1170 3452 41 1170 3453 1164 1171 3454 42 1161 3455 1127 1163 3456 1165 1172 3457 43 1173 3458 43 1173 3459 1166 1174 3460 44 1175 3461 44 1175 3462 1167 1176 3463 45 1177 3464 45 1177 3465 1168 1178 3466 46 1179 3467 46 1179 3468 1169 1180 3469 47 1181 3470 47 1181 3471 1170 1182 3472 48 1183 3473 48 1183 3474 1171 1184 3475 49 1185 3476 49 1185 3477 1172 1186 3478 50 1187 3479 50 1187 3480 1173 1188 3481 51 1189 3482 51 1189 3483 1174 1190 3484 52 1191 3485 52 1191 3486 1175 1192 3487 53 1193 3488 53 1193 3489 1176 1194 3490 54 1195 3491 54 1195 3492 1177 1196 3493 55 71 3494 55 71 3495 1178 1197 3496 56 1198 3497 56 1198 3498 1179 1199 3499 57 1200 3500 57 1200 3501 1180 1201 3502 58 1202 3503 58 1202 3504 1181 1203 3505 59 1204 3506 59 1204 3507 1182 1205 3508 60 1206 3509 60 1206 3510 1183 1207 3511 61 1208 3512 61 1208 3513 1184 1209 3514 62 1210 3515 62 1210 3516 1185 1211 3517 63 1212 3518 63 1212 3519 1186 1213 3520 64 1214 3521 64 1214 3522 1187 1215 3523 65 1216 3524 65 1216 3525 1188 1217 3526 66 1218 3527 66 1218 3528 1189 1219 3529 67 1220 3530 67 1220 3531 1190 1221 3532 68 69 3533 68 69 3534 1191 1222 3535 69 70 3536 69 70 3537 1192 1223 3538 38 1164 3539 1164 1171 3540 1226 995 3541 1193 1162 3542 1192 1223 3543 1195 1126 3544 1161 1165 3545 1161 1165 3546 1196 1093 3547 1162 1167 3548 1162 1167 3549 1197 1028 3550 1163 1169 3551 1163 1169 3552 1198 1030 3553 1164 1171 3554 1193 1162 3555 1199 962 3556 1165 1172 3557 1165 1172 3558 1200 929 3559 1166 1174 3560 1166 1174 3561 1201 896 3562 1167 1176 3563 1167 1176 3564 1202 863 3565 1168 1178 3566 1168 1178 3567 1203 830 3568 1169 1180 3569 1169 1180 3570 1204 797 3571 1170 1182 3572 1170 1182 3573 1205 764 3574 1171 1184 3575 1171 1184 3576 1206 731 3577 1172 1186 3578 1172 1186 3579 1207 698 3580 1173 1188 3581 1173 1188 3582 1208 665 3583 1174 1190 3584 1174 1190 3585 1209 632 3586 1175 1192 3587 1175 1192 3588 1210 599 3589 1176 1194 3590 1176 1194 3591 1211 566 3592 1177 1196 3593 1177 1196 3594 1212 534 3595 1178 1197 3596 1178 1197 3597 1213 501 3598 1179 1199 3599 1179 1199 3600 1214 468 3601 1180 1201 3602 1180 1201 3603 1215 435 3604 1181 1203 3605 1181 1203 3606 1216 402 3607 1182 1205 3608 1182 1205 3609 1217 369 3610 1183 1207 3611 1183 1207 3612 1218 336 3613 1184 1209 3614 1184 1209 3615 1219 303 3616 1185 1211 3617 1185 1211 3618 1220 270 3619 1186 1213 3620 1186 1213 3621 1221 237 3622 1187 1215 3623 1187 1215 3624 1222 204 3625 1188 1217 3626 1188 1217 3627 1223 171 3628 1189 1219 3629 1189 1219 3630 1224 138 3631 1190 1221 3632 1190 1221 3633 1225 73 3634 1191 1222 3635 1191 1222 3636 1194 75 3637 1192 1223 3638 1254 1244 3693 1262 1245 3694 1259 1246 3695 1251 1245 3696 1260 1247 3697 1261 1248 3698 1253 1249 3699 1258 1250 3700 1257 1251 3701 1256 1252 3702 1266 4 3703 1263 11 3704 1257 1251 3705 1264 1253 3706 1265 1254 3707 1255 1255 3708 1252 1256 3709 1251 1245 3710 1255 1255 3711 1261 1248 3712 1266 4 3713 1253 1249 3714 1265 1254 3715 1262 1245 3716 1260 1247 3717 1256 1252 3718 1263 11 3719 1264 1253 3720 1254 1244 3721 1259 1246 3722 1265 1254 3723 1259 1246 3724 1262 1245 3725 1260 1247 3726 1266 4 3727 1261 1248 3728 0 8 3729 1 7 3730 2 19 3731 1 7 3732 13 9 3733 2 19 3734 2 19 3735 14 0 3736 0 8 3737 12 14 3738 5 13 3739 4 15 3740 5 13 3741 3 2 3742 4 15 3743 15 1 3744 4 15 3745 3 2 3746 0 8 3747 14 0 3748 3 2 3749 3 2 3750 5 13 3751 10 3 3752 16 11 3753 8 10 3754 7 18 3755 8 10 3756 6 5 3757 7 18 3758 9 4 3759 10 3 3760 11 17 3761 10 3 3762 17 12 3763 11 17 3764 11 17 3765 19 6 3766 9 4 3767 18 20 3768 7 18 3769 6 5 3770 19 6 3771 18 20 3772 6 5 3773 6 5 3774 8 10 3775 1 7 3776 3 2 3777 9 4 3778 6 5 3779 13 9 3780 1 7 3781 8 10 3782 17 12 3783 10 3 3784 5 13 3785 20 16 3786 11 17 3787 17 12 3788 17 12 3789 12 14 3790 20 16 3791 20 16 3792 4 15 3793 21 16 3794 4 15 3795 15 1 3796 21 16 3797 15 1 3798 19 6 3799 21 16 3800 13 9 3801 16 11 3802 7 18 3803 7 18 3804 18 20 3805 14 0 3806 15 1 3807 14 0 3808 18 20 3809 22 8 3810 23 27 3811 25 21 3812 24 22 3813 25 21 3814 29 23 3815 28 24 3816 29 23 3817 27 25 3818 26 26 3819 27 25 3820 23 27 3821 24 22 3822 28 24 3823 26 26 3824 29 23 3825 25 21 3826 23 27 3827 30 28 3828 31 35 3829 33 29 3830 32 30 3831 33 29 3832 37 31 3833 36 32 3834 37 31 3835 35 33 3836 34 34 3837 35 33 3838 31 35 3839 32 30 3840 36 32 3841 34 34 3842 37 31 3843 33 29 3844 31 35 3845 199 41 3846 70 37 3847 231 42 3848 69 70 3849 38 1164 3850 54 1195 3851 38 1164 3852 39 1166 3853 54 1195 3854 39 1166 3855 40 1168 3856 52 1191 3857 40 1168 3858 41 1170 3859 52 1191 3860 41 1170 3861 42 1161 3862 50 1187 3863 42 1161 3864 1127 1163 3865 50 1187 3866 1127 1163 3867 43 1173 3868 49 1185 3869 43 1173 3870 44 1175 3871 48 1183 3872 44 1175 3873 45 1177 3874 47 1181 3875 45 1177 3876 46 1179 3877 47 1181 3878 47 1181 3879 48 1183 3880 44 1175 3881 48 1183 3882 49 1185 3883 43 1173 3884 49 1185 3885 50 1187 3886 1127 1163 3887 50 1187 3888 51 1189 3889 41 1170 3890 51 1189 3891 52 1191 3892 41 1170 3893 52 1191 3894 53 1193 3895 39 1166 3896 53 1193 3897 54 1195 3898 39 1166 3899 54 1195 3900 55 71 3901 69 70 3902 55 71 3903 56 1198 3904 68 69 3905 56 1198 3906 57 1200 3907 67 1220 3908 57 1200 3909 58 1202 3910 66 1218 3911 58 1202 3912 59 1204 3913 65 1216 3914 59 1204 3915 60 1206 3916 64 1214 3917 60 1206 3918 61 1208 3919 64 1214 3920 61 1208 3921 62 1210 3922 63 1212 3923 64 1214 3924 61 1208 3925 63 1212 3926 64 1214 3927 65 1216 3928 59 1204 3929 65 1216 3930 66 1218 3931 58 1202 3932 66 1218 3933 67 1220 3934 57 1200 3935 67 1220 3936 68 69 3937 56 1198 3938 1225 73 3939 1094 139 3940 71 74 3941 1126 76 3942 1093 79 3943 72 77 3944 1093 79 3945 1092 81 3946 73 80 3947 1092 81 3948 1091 83 3949 74 82 3950 1091 83 3951 1090 85 3952 75 84 3953 1090 85 3954 1089 87 3955 76 86 3956 1089 87 3957 1088 89 3958 77 88 3959 1088 89 3960 1087 91 3961 78 90 3962 1087 91 3963 1086 93 3964 79 92 3965 1086 93 3966 1085 95 3967 80 94 3968 1085 95 3969 1084 97 3970 81 96 3971 1084 97 3972 1083 99 3973 82 98 3974 1083 99 3975 1082 101 3976 83 100 3977 1082 101 3978 1081 103 3979 84 102 3980 1081 103 3981 1080 105 3982 85 104 3983 1080 105 3984 1079 107 3985 86 106 3986 1079 107 3987 1078 109 3988 87 108 3989 1078 109 3990 1077 111 3991 88 110 3992 1077 111 3993 1076 113 3994 89 112 3995 1076 113 3996 1075 115 3997 90 114 3998 1075 115 3999 1074 117 4000 91 116 4001 1074 117 4002 1073 119 4003 92 118 4004 1073 119 4005 1072 121 4006 93 120 4007 1072 121 4008 1071 123 4009 94 122 4010 1071 123 4011 1070 125 4012 95 124 4013 1070 125 4014 1069 127 4015 96 126 4016 1069 127 4017 1068 129 4018 97 128 4019 1068 129 4020 1067 131 4021 98 130 4022 1067 131 4023 1066 133 4024 99 132 4025 1066 133 4026 1065 135 4027 100 134 4028 1065 135 4029 1064 137 4030 101 136 4031 1064 137 4032 1063 72 4033 102 36 4034 1224 138 4035 1062 172 4036 1094 139 4037 1125 140 4038 1061 141 4039 1093 79 4040 1061 141 4041 1060 142 4042 1092 81 4043 1060 142 4044 1059 143 4045 1091 83 4046 1059 143 4047 1058 144 4048 1090 85 4049 1058 144 4050 1057 145 4051 1089 87 4052 1057 145 4053 1056 146 4054 1088 89 4055 1056 146 4056 1055 147 4057 1087 91 4058 1055 147 4059 1054 148 4060 1086 93 4061 1054 148 4062 1053 149 4063 1085 95 4064 1053 149 4065 1052 150 4066 1084 97 4067 1052 150 4068 1051 151 4069 1083 99 4070 1051 151 4071 1050 152 4072 1082 101 4073 1050 152 4074 1049 153 4075 1081 103 4076 1049 153 4077 1048 154 4078 1080 105 4079 1048 154 4080 1047 155 4081 1079 107 4082 1047 155 4083 1046 156 4084 1078 109 4085 1046 156 4086 1045 157 4087 1077 111 4088 1045 157 4089 1044 158 4090 1076 113 4091 1044 158 4092 1043 159 4093 1075 115 4094 1043 159 4095 1042 160 4096 1074 117 4097 1042 160 4098 1041 161 4099 1073 119 4100 1041 161 4101 1040 162 4102 1072 121 4103 1040 162 4104 1039 163 4105 1071 123 4106 1039 163 4107 1038 164 4108 1070 125 4109 1038 164 4110 1037 165 4111 1069 127 4112 1037 165 4113 1036 166 4114 1068 129 4115 1036 166 4116 1035 167 4117 1067 131 4118 1035 167 4119 1034 168 4120 1066 133 4121 1034 168 4122 1033 169 4123 1065 135 4124 1033 169 4125 1032 170 4126 1064 137 4127 1032 170 4128 1031 68 4129 1063 72 4130 1223 171 4131 1030 205 4132 1062 172 4133 1124 173 4134 1029 174 4135 1061 141 4136 1029 174 4137 1028 175 4138 1060 142 4139 1028 175 4140 1027 176 4141 1059 143 4142 1027 176 4143 1026 177 4144 1058 144 4145 1026 177 4146 1025 178 4147 1057 145 4148 1025 178 4149 1024 179 4150 1056 146 4151 1024 179 4152 1023 180 4153 1055 147 4154 1023 180 4155 1022 181 4156 1054 148 4157 1022 181 4158 1021 182 4159 1053 149 4160 1021 182 4161 1020 183 4162 1052 150 4163 1020 183 4164 1019 184 4165 1051 151 4166 1019 184 4167 1018 185 4168 1050 152 4169 1018 185 4170 1017 186 4171 1049 153 4172 1017 186 4173 1016 187 4174 1048 154 4175 1016 187 4176 1015 188 4177 1047 155 4178 1015 188 4179 1014 189 4180 1046 156 4181 1014 189 4182 1013 190 4183 1045 157 4184 1013 190 4185 1012 191 4186 1044 158 4187 1012 191 4188 1011 192 4189 1043 159 4190 1011 192 4191 1010 193 4192 1042 160 4193 1010 193 4194 1009 194 4195 1041 161 4196 1009 194 4197 1008 195 4198 1040 162 4199 1008 195 4200 1007 196 4201 1039 163 4202 1007 196 4203 1006 197 4204 1038 164 4205 1006 197 4206 1005 198 4207 1037 165 4208 1005 198 4209 1004 199 4210 1036 166 4211 1004 199 4212 1003 200 4213 1035 167 4214 1003 200 4215 1002 201 4216 1034 168 4217 1002 201 4218 1001 202 4219 1033 169 4220 1001 202 4221 1000 203 4222 1032 170 4223 1000 203 4224 999 67 4225 1031 68 4226 1222 204 4227 998 238 4228 1030 205 4229 1123 206 4230 997 207 4231 1029 174 4232 997 207 4233 996 208 4234 1028 175 4235 996 208 4236 995 209 4237 1027 176 4238 995 209 4239 994 210 4240 1026 177 4241 994 210 4242 993 211 4243 1025 178 4244 993 211 4245 992 212 4246 1024 179 4247 992 212 4248 991 213 4249 1023 180 4250 991 213 4251 990 214 4252 1022 181 4253 990 214 4254 989 215 4255 1021 182 4256 989 215 4257 988 216 4258 1020 183 4259 988 216 4260 987 217 4261 1019 184 4262 987 217 4263 986 218 4264 1018 185 4265 986 218 4266 985 219 4267 1017 186 4268 985 219 4269 984 220 4270 1016 187 4271 984 220 4272 983 221 4273 1015 188 4274 983 221 4275 982 222 4276 1014 189 4277 982 222 4278 981 223 4279 1013 190 4280 981 223 4281 980 224 4282 1012 191 4283 980 224 4284 979 225 4285 1011 192 4286 979 225 4287 978 226 4288 1010 193 4289 978 226 4290 977 227 4291 1009 194 4292 977 227 4293 976 228 4294 1008 195 4295 976 228 4296 975 229 4297 1007 196 4298 975 229 4299 974 230 4300 1006 197 4301 974 230 4302 973 231 4303 1005 198 4304 973 231 4305 972 232 4306 1004 199 4307 972 232 4308 971 233 4309 1003 200 4310 971 233 4311 970 234 4312 1002 201 4313 970 234 4314 969 235 4315 1001 202 4316 969 235 4317 968 236 4318 1000 203 4319 968 236 4320 967 66 4321 999 67 4322 1221 237 4323 966 271 4324 998 238 4325 1122 239 4326 965 240 4327 997 207 4328 965 240 4329 964 241 4330 996 208 4331 964 241 4332 963 242 4333 995 209 4334 963 242 4335 962 243 4336 994 210 4337 962 243 4338 961 244 4339 993 211 4340 961 244 4341 960 245 4342 992 212 4343 960 245 4344 959 246 4345 991 213 4346 959 246 4347 958 247 4348 990 214 4349 958 247 4350 957 248 4351 989 215 4352 957 248 4353 956 249 4354 988 216 4355 956 249 4356 955 250 4357 987 217 4358 955 250 4359 954 251 4360 986 218 4361 954 251 4362 953 252 4363 985 219 4364 953 252 4365 952 253 4366 984 220 4367 952 253 4368 951 254 4369 983 221 4370 951 254 4371 950 255 4372 982 222 4373 950 255 4374 949 256 4375 981 223 4376 949 256 4377 948 257 4378 980 224 4379 948 257 4380 947 258 4381 979 225 4382 947 258 4383 946 259 4384 978 226 4385 946 259 4386 945 260 4387 977 227 4388 945 260 4389 944 261 4390 976 228 4391 944 261 4392 943 262 4393 975 229 4394 943 262 4395 942 263 4396 974 230 4397 942 263 4398 941 264 4399 973 231 4400 941 264 4401 940 265 4402 972 232 4403 940 265 4404 939 266 4405 971 233 4406 939 266 4407 938 267 4408 970 234 4409 938 267 4410 937 268 4411 969 235 4412 937 268 4413 936 269 4414 968 236 4415 936 269 4416 935 65 4417 967 66 4418 1220 270 4419 934 304 4420 966 271 4421 1121 272 4422 933 273 4423 965 240 4424 933 273 4425 932 274 4426 964 241 4427 932 274 4428 931 275 4429 963 242 4430 931 275 4431 930 276 4432 962 243 4433 930 276 4434 929 277 4435 961 244 4436 929 277 4437 928 278 4438 960 245 4439 928 278 4440 927 279 4441 959 246 4442 927 279 4443 926 280 4444 958 247 4445 926 280 4446 925 281 4447 957 248 4448 925 281 4449 924 282 4450 956 249 4451 924 282 4452 923 283 4453 955 250 4454 923 283 4455 922 284 4456 954 251 4457 922 284 4458 921 285 4459 953 252 4460 921 285 4461 920 286 4462 952 253 4463 920 286 4464 919 287 4465 951 254 4466 919 287 4467 918 288 4468 950 255 4469 918 288 4470 917 289 4471 949 256 4472 917 289 4473 916 290 4474 948 257 4475 916 290 4476 915 291 4477 947 258 4478 915 291 4479 914 292 4480 946 259 4481 914 292 4482 913 293 4483 945 260 4484 913 293 4485 912 294 4486 944 261 4487 912 294 4488 911 295 4489 943 262 4490 911 295 4491 910 296 4492 942 263 4493 910 296 4494 909 297 4495 941 264 4496 909 297 4497 908 298 4498 940 265 4499 908 298 4500 907 299 4501 939 266 4502 907 299 4503 906 300 4504 938 267 4505 906 300 4506 905 301 4507 937 268 4508 905 301 4509 904 302 4510 936 269 4511 904 302 4512 903 64 4513 935 65 4514 1219 303 4515 902 337 4516 934 304 4517 1120 305 4518 901 306 4519 933 273 4520 901 306 4521 900 307 4522 932 274 4523 900 307 4524 899 308 4525 931 275 4526 899 308 4527 898 309 4528 930 276 4529 898 309 4530 897 310 4531 929 277 4532 897 310 4533 896 311 4534 928 278 4535 896 311 4536 895 312 4537 927 279 4538 895 312 4539 894 313 4540 926 280 4541 894 313 4542 893 314 4543 925 281 4544 893 314 4545 892 315 4546 924 282 4547 892 315 4548 891 316 4549 923 283 4550 891 316 4551 890 317 4552 922 284 4553 890 317 4554 889 318 4555 921 285 4556 889 318 4557 888 319 4558 920 286 4559 888 319 4560 887 320 4561 919 287 4562 887 320 4563 886 321 4564 918 288 4565 886 321 4566 885 322 4567 917 289 4568 885 322 4569 884 323 4570 916 290 4571 884 323 4572 883 324 4573 915 291 4574 883 324 4575 882 325 4576 914 292 4577 882 325 4578 881 326 4579 913 293 4580 881 326 4581 880 327 4582 912 294 4583 880 327 4584 879 328 4585 911 295 4586 879 328 4587 878 329 4588 910 296 4589 878 329 4590 877 330 4591 909 297 4592 877 330 4593 876 331 4594 908 298 4595 876 331 4596 875 332 4597 907 299 4598 875 332 4599 874 333 4600 906 300 4601 874 333 4602 873 334 4603 905 301 4604 873 334 4605 872 335 4606 904 302 4607 872 335 4608 871 63 4609 903 64 4610 1218 336 4611 870 370 4612 902 337 4613 1119 338 4614 869 339 4615 901 306 4616 869 339 4617 868 340 4618 900 307 4619 868 340 4620 867 341 4621 899 308 4622 867 341 4623 866 342 4624 898 309 4625 866 342 4626 865 343 4627 897 310 4628 865 343 4629 864 344 4630 896 311 4631 864 344 4632 863 345 4633 895 312 4634 863 345 4635 862 346 4636 894 313 4637 862 346 4638 861 347 4639 893 314 4640 861 347 4641 860 348 4642 892 315 4643 860 348 4644 859 349 4645 891 316 4646 859 349 4647 858 350 4648 890 317 4649 858 350 4650 857 351 4651 889 318 4652 857 351 4653 856 352 4654 888 319 4655 856 352 4656 855 353 4657 887 320 4658 855 353 4659 854 354 4660 886 321 4661 854 354 4662 853 355 4663 885 322 4664 853 355 4665 852 356 4666 884 323 4667 852 356 4668 851 357 4669 883 324 4670 851 357 4671 850 358 4672 882 325 4673 850 358 4674 849 359 4675 881 326 4676 849 359 4677 848 360 4678 880 327 4679 848 360 4680 847 361 4681 879 328 4682 847 361 4683 846 362 4684 878 329 4685 846 362 4686 845 363 4687 877 330 4688 845 363 4689 844 364 4690 876 331 4691 844 364 4692 843 365 4693 875 332 4694 843 365 4695 842 366 4696 874 333 4697 842 366 4698 841 367 4699 873 334 4700 841 367 4701 840 368 4702 872 335 4703 840 368 4704 839 62 4705 871 63 4706 1217 369 4707 838 403 4708 870 370 4709 1118 371 4710 837 372 4711 869 339 4712 837 372 4713 836 373 4714 868 340 4715 836 373 4716 835 374 4717 867 341 4718 835 374 4719 834 375 4720 866 342 4721 834 375 4722 833 376 4723 865 343 4724 833 376 4725 832 377 4726 864 344 4727 832 377 4728 831 378 4729 863 345 4730 831 378 4731 830 379 4732 862 346 4733 830 379 4734 829 380 4735 861 347 4736 829 380 4737 828 381 4738 860 348 4739 828 381 4740 827 382 4741 859 349 4742 827 382 4743 826 383 4744 858 350 4745 826 383 4746 825 384 4747 857 351 4748 825 384 4749 824 385 4750 856 352 4751 824 385 4752 823 386 4753 855 353 4754 823 386 4755 822 387 4756 854 354 4757 822 387 4758 821 388 4759 853 355 4760 821 388 4761 820 389 4762 852 356 4763 820 389 4764 819 390 4765 851 357 4766 819 390 4767 818 391 4768 850 358 4769 818 391 4770 817 392 4771 849 359 4772 817 392 4773 816 393 4774 848 360 4775 816 393 4776 815 394 4777 847 361 4778 815 394 4779 814 395 4780 846 362 4781 814 395 4782 813 396 4783 845 363 4784 813 396 4785 812 397 4786 844 364 4787 812 397 4788 811 398 4789 843 365 4790 811 398 4791 810 399 4792 842 366 4793 810 399 4794 809 400 4795 841 367 4796 809 400 4797 808 401 4798 840 368 4799 808 401 4800 807 61 4801 839 62 4802 1216 402 4803 806 436 4804 838 403 4805 1117 404 4806 805 405 4807 837 372 4808 805 405 4809 804 406 4810 836 373 4811 804 406 4812 803 407 4813 835 374 4814 803 407 4815 802 408 4816 834 375 4817 802 408 4818 801 409 4819 833 376 4820 801 409 4821 800 410 4822 832 377 4823 800 410 4824 799 411 4825 831 378 4826 799 411 4827 798 412 4828 830 379 4829 798 412 4830 797 413 4831 829 380 4832 797 413 4833 796 414 4834 828 381 4835 796 414 4836 795 415 4837 827 382 4838 795 415 4839 794 416 4840 826 383 4841 794 416 4842 793 417 4843 825 384 4844 793 417 4845 792 418 4846 824 385 4847 792 418 4848 791 419 4849 823 386 4850 791 419 4851 790 420 4852 822 387 4853 790 420 4854 789 421 4855 821 388 4856 789 421 4857 788 422 4858 820 389 4859 788 422 4860 787 423 4861 819 390 4862 787 423 4863 786 424 4864 818 391 4865 786 424 4866 785 425 4867 817 392 4868 785 425 4869 784 426 4870 816 393 4871 784 426 4872 783 427 4873 815 394 4874 783 427 4875 782 428 4876 814 395 4877 782 428 4878 781 429 4879 813 396 4880 781 429 4881 780 430 4882 812 397 4883 780 430 4884 779 431 4885 811 398 4886 779 431 4887 778 432 4888 810 399 4889 778 432 4890 777 433 4891 809 400 4892 777 433 4893 776 434 4894 808 401 4895 776 434 4896 775 60 4897 807 61 4898 1215 435 4899 774 469 4900 806 436 4901 1116 437 4902 773 438 4903 805 405 4904 773 438 4905 772 439 4906 804 406 4907 772 439 4908 771 440 4909 803 407 4910 771 440 4911 770 441 4912 802 408 4913 770 441 4914 769 442 4915 801 409 4916 769 442 4917 768 443 4918 800 410 4919 768 443 4920 767 444 4921 799 411 4922 767 444 4923 766 445 4924 798 412 4925 766 445 4926 765 446 4927 797 413 4928 765 446 4929 764 447 4930 796 414 4931 764 447 4932 763 448 4933 795 415 4934 763 448 4935 762 449 4936 794 416 4937 762 449 4938 761 450 4939 793 417 4940 761 450 4941 760 451 4942 792 418 4943 760 451 4944 759 452 4945 791 419 4946 759 452 4947 758 453 4948 790 420 4949 758 453 4950 757 454 4951 789 421 4952 757 454 4953 756 455 4954 788 422 4955 756 455 4956 755 456 4957 787 423 4958 755 456 4959 754 457 4960 786 424 4961 754 457 4962 753 458 4963 785 425 4964 753 458 4965 752 459 4966 784 426 4967 752 459 4968 751 460 4969 783 427 4970 751 460 4971 750 461 4972 782 428 4973 750 461 4974 749 462 4975 781 429 4976 749 462 4977 748 463 4978 780 430 4979 748 463 4980 747 464 4981 779 431 4982 747 464 4983 746 465 4984 778 432 4985 746 465 4986 745 466 4987 777 433 4988 745 466 4989 744 467 4990 776 434 4991 744 467 4992 743 59 4993 775 60 4994 1214 468 4995 742 502 4996 774 469 4997 1115 470 4998 741 471 4999 773 438 5000 741 471 5001 740 472 5002 772 439 5003 740 472 5004 739 473 5005 771 440 5006 739 473 5007 738 474 5008 770 441 5009 738 474 5010 737 475 5011 769 442 5012 737 475 5013 736 476 5014 768 443 5015 736 476 5016 735 477 5017 767 444 5018 735 477 5019 734 478 5020 766 445 5021 734 478 5022 733 479 5023 765 446 5024 733 479 5025 732 480 5026 764 447 5027 732 480 5028 731 481 5029 763 448 5030 731 481 5031 730 482 5032 762 449 5033 730 482 5034 729 483 5035 761 450 5036 729 483 5037 728 484 5038 760 451 5039 728 484 5040 727 485 5041 759 452 5042 727 485 5043 726 486 5044 758 453 5045 726 486 5046 725 487 5047 757 454 5048 725 487 5049 724 488 5050 756 455 5051 724 488 5052 723 489 5053 755 456 5054 723 489 5055 722 490 5056 754 457 5057 722 490 5058 721 491 5059 753 458 5060 721 491 5061 720 492 5062 752 459 5063 720 492 5064 719 493 5065 751 460 5066 719 493 5067 718 494 5068 750 461 5069 718 494 5070 717 495 5071 749 462 5072 717 495 5073 716 496 5074 748 463 5075 716 496 5076 715 497 5077 747 464 5078 715 497 5079 714 498 5080 746 465 5081 714 498 5082 713 499 5083 745 466 5084 713 499 5085 712 500 5086 744 467 5087 712 500 5088 711 58 5089 743 59 5090 1213 501 5091 710 535 5092 742 502 5093 1114 503 5094 709 504 5095 741 471 5096 709 504 5097 708 505 5098 740 472 5099 708 505 5100 707 506 5101 739 473 5102 707 506 5103 706 507 5104 738 474 5105 706 507 5106 705 508 5107 737 475 5108 705 508 5109 704 509 5110 736 476 5111 704 509 5112 703 510 5113 735 477 5114 703 510 5115 702 511 5116 734 478 5117 702 511 5118 701 512 5119 733 479 5120 701 512 5121 700 513 5122 732 480 5123 700 513 5124 699 514 5125 731 481 5126 699 514 5127 698 515 5128 730 482 5129 698 515 5130 697 516 5131 729 483 5132 697 516 5133 696 517 5134 728 484 5135 696 517 5136 695 518 5137 727 485 5138 695 518 5139 694 519 5140 726 486 5141 694 519 5142 693 520 5143 725 487 5144 693 520 5145 692 521 5146 724 488 5147 692 521 5148 691 522 5149 723 489 5150 691 522 5151 690 523 5152 722 490 5153 690 523 5154 689 524 5155 721 491 5156 689 524 5157 688 525 5158 720 492 5159 688 525 5160 687 526 5161 719 493 5162 687 526 5163 686 527 5164 718 494 5165 686 527 5166 685 528 5167 717 495 5168 685 528 5169 684 529 5170 716 496 5171 684 529 5172 683 530 5173 715 497 5174 683 530 5175 682 531 5176 714 498 5177 682 531 5178 681 532 5179 713 499 5180 681 532 5181 680 533 5182 712 500 5183 680 533 5184 679 57 5185 711 58 5186 1212 534 5187 678 567 5188 710 535 5189 1113 536 5190 677 537 5191 709 504 5192 677 537 5193 676 538 5194 708 505 5195 676 538 5196 675 539 5197 707 506 5198 675 539 5199 674 540 5200 706 507 5201 674 540 5202 673 541 5203 705 508 5204 673 541 5205 672 542 5206 704 509 5207 672 542 5208 671 543 5209 703 510 5210 671 543 5211 670 544 5212 702 511 5213 670 544 5214 669 545 5215 701 512 5216 669 545 5217 668 546 5218 700 513 5219 668 546 5220 667 547 5221 699 514 5222 667 547 5223 666 548 5224 698 515 5225 666 548 5226 665 549 5227 697 516 5228 665 549 5229 664 547 5230 696 517 5231 664 547 5232 663 550 5233 695 518 5234 663 550 5235 662 551 5236 694 519 5237 662 551 5238 661 552 5239 693 520 5240 661 552 5241 660 553 5242 692 521 5243 660 553 5244 659 554 5245 691 522 5246 659 554 5247 658 555 5248 690 523 5249 658 555 5250 657 556 5251 689 524 5252 657 556 5253 656 557 5254 688 525 5255 656 557 5256 655 558 5257 687 526 5258 655 558 5259 654 559 5260 686 527 5261 654 559 5262 653 560 5263 685 528 5264 653 560 5265 652 561 5266 684 529 5267 652 561 5268 651 562 5269 683 530 5270 651 562 5271 650 563 5272 682 531 5273 650 563 5274 649 564 5275 681 532 5276 649 564 5277 648 565 5278 680 533 5279 648 565 5280 647 56 5281 679 57 5282 1211 566 5283 646 600 5284 678 567 5285 1112 568 5286 645 569 5287 677 537 5288 645 569 5289 644 570 5290 676 538 5291 644 570 5292 643 571 5293 675 539 5294 643 571 5295 642 572 5296 674 540 5297 642 572 5298 641 573 5299 673 541 5300 641 573 5301 640 574 5302 672 542 5303 640 574 5304 639 575 5305 671 543 5306 639 575 5307 638 576 5308 670 544 5309 638 576 5310 637 577 5311 669 545 5312 637 577 5313 636 578 5314 668 546 5315 636 578 5316 635 579 5317 667 547 5318 635 579 5319 634 580 5320 666 548 5321 634 580 5322 633 581 5323 665 549 5324 633 581 5325 632 582 5326 664 547 5327 632 582 5328 631 583 5329 663 550 5330 631 583 5331 630 584 5332 662 551 5333 630 584 5334 629 585 5335 661 552 5336 629 585 5337 628 586 5338 660 553 5339 628 586 5340 627 587 5341 659 554 5342 627 587 5343 626 588 5344 658 555 5345 626 588 5346 625 589 5347 657 556 5348 625 589 5349 624 590 5350 656 557 5351 624 590 5352 623 591 5353 655 558 5354 623 591 5355 622 592 5356 654 559 5357 622 592 5358 621 593 5359 653 560 5360 621 593 5361 620 594 5362 652 561 5363 620 594 5364 619 595 5365 651 562 5366 619 595 5367 618 596 5368 650 563 5369 618 596 5370 617 597 5371 649 564 5372 617 597 5373 616 598 5374 648 565 5375 616 598 5376 615 55 5377 647 56 5378 1210 599 5379 614 633 5380 646 600 5381 1111 601 5382 613 602 5383 645 569 5384 613 602 5385 612 603 5386 644 570 5387 612 603 5388 611 604 5389 643 571 5390 611 604 5391 610 605 5392 642 572 5393 610 605 5394 609 606 5395 641 573 5396 609 606 5397 608 607 5398 640 574 5399 608 607 5400 607 608 5401 639 575 5402 607 608 5403 606 609 5404 638 576 5405 606 609 5406 605 610 5407 637 577 5408 605 610 5409 604 611 5410 636 578 5411 604 611 5412 603 612 5413 635 579 5414 603 612 5415 602 613 5416 634 580 5417 602 613 5418 601 614 5419 633 581 5420 601 614 5421 600 615 5422 632 582 5423 600 615 5424 599 616 5425 631 583 5426 599 616 5427 598 617 5428 630 584 5429 598 617 5430 597 618 5431 629 585 5432 597 618 5433 596 619 5434 628 586 5435 596 619 5436 595 620 5437 627 587 5438 595 620 5439 594 621 5440 626 588 5441 594 621 5442 593 622 5443 625 589 5444 593 622 5445 592 623 5446 624 590 5447 592 623 5448 591 624 5449 623 591 5450 591 624 5451 590 625 5452 622 592 5453 590 625 5454 589 626 5455 621 593 5456 589 626 5457 588 627 5458 620 594 5459 588 627 5460 587 628 5461 619 595 5462 587 628 5463 586 629 5464 618 596 5465 586 629 5466 585 630 5467 617 597 5468 585 630 5469 584 631 5470 616 598 5471 584 631 5472 583 54 5473 615 55 5474 1209 632 5475 582 666 5476 614 633 5477 1110 634 5478 581 635 5479 613 602 5480 581 635 5481 580 636 5482 612 603 5483 580 636 5484 579 637 5485 611 604 5486 579 637 5487 578 638 5488 610 605 5489 578 638 5490 577 639 5491 609 606 5492 577 639 5493 576 640 5494 608 607 5495 576 640 5496 575 641 5497 607 608 5498 575 641 5499 574 642 5500 606 609 5501 574 642 5502 573 643 5503 605 610 5504 573 643 5505 572 644 5506 604 611 5507 572 644 5508 571 645 5509 603 612 5510 571 645 5511 570 646 5512 602 613 5513 570 646 5514 569 647 5515 601 614 5516 569 647 5517 568 648 5518 600 615 5519 568 648 5520 567 649 5521 599 616 5522 567 649 5523 566 650 5524 598 617 5525 566 650 5526 565 651 5527 597 618 5528 565 651 5529 564 652 5530 596 619 5531 564 652 5532 563 653 5533 595 620 5534 563 653 5535 562 654 5536 594 621 5537 562 654 5538 561 655 5539 593 622 5540 561 655 5541 560 656 5542 592 623 5543 560 656 5544 559 657 5545 591 624 5546 559 657 5547 558 658 5548 590 625 5549 558 658 5550 557 659 5551 589 626 5552 557 659 5553 556 660 5554 588 627 5555 556 660 5556 555 661 5557 587 628 5558 555 661 5559 554 662 5560 586 629 5561 554 662 5562 553 663 5563 585 630 5564 553 663 5565 552 664 5566 584 631 5567 552 664 5568 551 53 5569 583 54 5570 1208 665 5571 550 699 5572 582 666 5573 1109 667 5574 549 668 5575 581 635 5576 549 668 5577 548 669 5578 580 636 5579 548 669 5580 547 670 5581 579 637 5582 547 670 5583 546 671 5584 578 638 5585 546 671 5586 545 672 5587 577 639 5588 545 672 5589 544 673 5590 576 640 5591 544 673 5592 543 674 5593 575 641 5594 543 674 5595 542 675 5596 574 642 5597 542 675 5598 541 676 5599 573 643 5600 541 676 5601 540 677 5602 572 644 5603 540 677 5604 539 678 5605 571 645 5606 539 678 5607 538 679 5608 570 646 5609 538 679 5610 537 680 5611 569 647 5612 537 680 5613 536 681 5614 568 648 5615 536 681 5616 535 682 5617 567 649 5618 535 682 5619 534 683 5620 566 650 5621 534 683 5622 533 684 5623 565 651 5624 533 684 5625 532 685 5626 564 652 5627 532 685 5628 531 686 5629 563 653 5630 531 686 5631 530 687 5632 562 654 5633 530 687 5634 529 688 5635 561 655 5636 529 688 5637 528 689 5638 560 656 5639 528 689 5640 527 690 5641 559 657 5642 527 690 5643 526 691 5644 558 658 5645 526 691 5646 525 692 5647 557 659 5648 525 692 5649 524 693 5650 556 660 5651 524 693 5652 523 694 5653 555 661 5654 523 694 5655 522 695 5656 554 662 5657 522 695 5658 521 696 5659 553 663 5660 521 696 5661 520 697 5662 552 664 5663 520 697 5664 519 52 5665 551 53 5666 1207 698 5667 518 732 5668 550 699 5669 1108 700 5670 517 701 5671 549 668 5672 517 701 5673 516 702 5674 548 669 5675 516 702 5676 515 703 5677 547 670 5678 515 703 5679 514 704 5680 546 671 5681 514 704 5682 513 705 5683 545 672 5684 513 705 5685 512 706 5686 544 673 5687 512 706 5688 511 707 5689 543 674 5690 511 707 5691 510 708 5692 542 675 5693 510 708 5694 509 709 5695 541 676 5696 509 709 5697 508 710 5698 540 677 5699 508 710 5700 507 711 5701 539 678 5702 507 711 5703 506 712 5704 538 679 5705 506 712 5706 505 713 5707 537 680 5708 505 713 5709 504 714 5710 536 681 5711 504 714 5712 503 715 5713 535 682 5714 503 715 5715 502 716 5716 534 683 5717 502 716 5718 501 717 5719 533 684 5720 501 717 5721 500 718 5722 532 685 5723 500 718 5724 499 719 5725 531 686 5726 499 719 5727 498 720 5728 530 687 5729 498 720 5730 497 721 5731 529 688 5732 497 721 5733 496 722 5734 528 689 5735 496 722 5736 495 723 5737 527 690 5738 495 723 5739 494 724 5740 526 691 5741 494 724 5742 493 725 5743 525 692 5744 493 725 5745 492 726 5746 524 693 5747 492 726 5748 491 727 5749 523 694 5750 491 727 5751 490 728 5752 522 695 5753 490 728 5754 489 729 5755 521 696 5756 489 729 5757 488 730 5758 520 697 5759 488 730 5760 487 51 5761 519 52 5762 1206 731 5763 486 765 5764 518 732 5765 1107 733 5766 485 734 5767 517 701 5768 485 734 5769 484 735 5770 516 702 5771 484 735 5772 483 736 5773 515 703 5774 483 736 5775 482 737 5776 514 704 5777 482 737 5778 481 738 5779 513 705 5780 481 738 5781 480 739 5782 512 706 5783 480 739 5784 479 740 5785 511 707 5786 479 740 5787 478 741 5788 510 708 5789 478 741 5790 477 742 5791 509 709 5792 477 742 5793 476 743 5794 508 710 5795 476 743 5796 475 744 5797 507 711 5798 475 744 5799 474 745 5800 506 712 5801 474 745 5802 473 746 5803 505 713 5804 473 746 5805 472 747 5806 504 714 5807 472 747 5808 471 748 5809 503 715 5810 471 748 5811 470 749 5812 502 716 5813 470 749 5814 469 750 5815 501 717 5816 469 750 5817 468 751 5818 500 718 5819 468 751 5820 467 752 5821 499 719 5822 467 752 5823 466 753 5824 498 720 5825 466 753 5826 465 754 5827 497 721 5828 465 754 5829 464 755 5830 496 722 5831 464 755 5832 463 756 5833 495 723 5834 463 756 5835 462 757 5836 494 724 5837 462 757 5838 461 758 5839 493 725 5840 461 758 5841 460 759 5842 492 726 5843 460 759 5844 459 760 5845 491 727 5846 459 760 5847 458 761 5848 490 728 5849 458 761 5850 457 762 5851 489 729 5852 457 762 5853 456 763 5854 488 730 5855 456 763 5856 455 50 5857 487 51 5858 1205 764 5859 454 798 5860 486 765 5861 1106 766 5862 453 767 5863 485 734 5864 453 767 5865 452 768 5866 484 735 5867 452 768 5868 451 769 5869 483 736 5870 451 769 5871 450 770 5872 482 737 5873 450 770 5874 449 771 5875 481 738 5876 449 771 5877 448 772 5878 480 739 5879 448 772 5880 447 773 5881 479 740 5882 447 773 5883 446 774 5884 478 741 5885 446 774 5886 445 775 5887 477 742 5888 445 775 5889 444 776 5890 476 743 5891 444 776 5892 443 777 5893 475 744 5894 443 777 5895 442 778 5896 474 745 5897 442 778 5898 441 779 5899 473 746 5900 441 779 5901 440 780 5902 472 747 5903 440 780 5904 439 781 5905 471 748 5906 439 781 5907 438 782 5908 470 749 5909 438 782 5910 437 783 5911 469 750 5912 437 783 5913 436 784 5914 468 751 5915 436 784 5916 435 785 5917 467 752 5918 435 785 5919 434 786 5920 466 753 5921 434 786 5922 433 787 5923 465 754 5924 433 787 5925 432 788 5926 464 755 5927 432 788 5928 431 789 5929 463 756 5930 431 789 5931 430 790 5932 462 757 5933 430 790 5934 429 791 5935 461 758 5936 429 791 5937 428 792 5938 460 759 5939 428 792 5940 427 793 5941 459 760 5942 427 793 5943 426 794 5944 458 761 5945 426 794 5946 425 795 5947 457 762 5948 425 795 5949 424 796 5950 456 763 5951 424 796 5952 423 49 5953 455 50 5954 1204 797 5955 422 831 5956 454 798 5957 1105 799 5958 421 800 5959 453 767 5960 421 800 5961 420 801 5962 452 768 5963 420 801 5964 419 802 5965 451 769 5966 419 802 5967 418 803 5968 450 770 5969 418 803 5970 417 804 5971 449 771 5972 417 804 5973 416 805 5974 448 772 5975 416 805 5976 415 806 5977 447 773 5978 415 806 5979 414 807 5980 446 774 5981 414 807 5982 413 808 5983 445 775 5984 413 808 5985 412 809 5986 444 776 5987 412 809 5988 411 810 5989 443 777 5990 411 810 5991 410 811 5992 442 778 5993 410 811 5994 409 812 5995 441 779 5996 409 812 5997 408 813 5998 440 780 5999 408 813 6000 407 814 6001 439 781 6002 407 814 6003 406 815 6004 438 782 6005 406 815 6006 405 816 6007 437 783 6008 405 816 6009 404 817 6010 436 784 6011 404 817 6012 403 818 6013 435 785 6014 403 818 6015 402 819 6016 434 786 6017 402 819 6018 401 820 6019 433 787 6020 401 820 6021 400 821 6022 432 788 6023 400 821 6024 399 822 6025 431 789 6026 399 822 6027 398 823 6028 430 790 6029 398 823 6030 397 824 6031 429 791 6032 397 824 6033 396 825 6034 428 792 6035 396 825 6036 395 826 6037 427 793 6038 395 826 6039 394 827 6040 426 794 6041 394 827 6042 393 828 6043 425 795 6044 393 828 6045 392 829 6046 424 796 6047 392 829 6048 391 48 6049 423 49 6050 1203 830 6051 390 864 6052 422 831 6053 1104 832 6054 389 833 6055 421 800 6056 389 833 6057 388 834 6058 420 801 6059 388 834 6060 387 835 6061 419 802 6062 387 835 6063 386 836 6064 418 803 6065 386 836 6066 385 837 6067 417 804 6068 385 837 6069 384 838 6070 416 805 6071 384 838 6072 383 839 6073 415 806 6074 383 839 6075 382 840 6076 414 807 6077 382 840 6078 381 841 6079 413 808 6080 381 841 6081 380 842 6082 412 809 6083 380 842 6084 379 843 6085 411 810 6086 379 843 6087 378 844 6088 410 811 6089 378 844 6090 377 845 6091 409 812 6092 377 845 6093 376 846 6094 408 813 6095 376 846 6096 375 847 6097 407 814 6098 375 847 6099 374 848 6100 406 815 6101 374 848 6102 373 849 6103 405 816 6104 373 849 6105 372 850 6106 404 817 6107 372 850 6108 371 851 6109 403 818 6110 371 851 6111 370 852 6112 402 819 6113 370 852 6114 369 853 6115 401 820 6116 369 853 6117 368 854 6118 400 821 6119 368 854 6120 367 855 6121 399 822 6122 367 855 6123 366 856 6124 398 823 6125 366 856 6126 365 857 6127 397 824 6128 365 857 6129 364 858 6130 396 825 6131 364 858 6132 363 859 6133 395 826 6134 363 859 6135 362 860 6136 394 827 6137 362 860 6138 361 861 6139 393 828 6140 361 861 6141 360 862 6142 392 829 6143 360 862 6144 359 47 6145 391 48 6146 1202 863 6147 358 897 6148 390 864 6149 1103 865 6150 357 866 6151 389 833 6152 357 866 6153 356 867 6154 388 834 6155 356 867 6156 355 868 6157 387 835 6158 355 868 6159 354 869 6160 386 836 6161 354 869 6162 353 870 6163 385 837 6164 353 870 6165 352 871 6166 384 838 6167 352 871 6168 351 872 6169 383 839 6170 351 872 6171 350 873 6172 382 840 6173 350 873 6174 349 874 6175 381 841 6176 349 874 6177 348 875 6178 380 842 6179 348 875 6180 347 876 6181 379 843 6182 347 876 6183 346 877 6184 378 844 6185 346 877 6186 345 878 6187 377 845 6188 345 878 6189 344 879 6190 376 846 6191 344 879 6192 343 880 6193 375 847 6194 343 880 6195 342 881 6196 374 848 6197 342 881 6198 341 882 6199 373 849 6200 341 882 6201 340 883 6202 372 850 6203 340 883 6204 339 884 6205 371 851 6206 339 884 6207 338 885 6208 370 852 6209 338 885 6210 337 886 6211 369 853 6212 337 886 6213 336 887 6214 368 854 6215 336 887 6216 335 888 6217 367 855 6218 335 888 6219 334 889 6220 366 856 6221 334 889 6222 333 890 6223 365 857 6224 333 890 6225 332 891 6226 364 858 6227 332 891 6228 331 892 6229 363 859 6230 331 892 6231 330 893 6232 362 860 6233 330 893 6234 329 894 6235 361 861 6236 329 894 6237 328 895 6238 360 862 6239 328 895 6240 327 46 6241 359 47 6242 1201 896 6243 326 930 6244 358 897 6245 1102 898 6246 325 899 6247 357 866 6248 325 899 6249 324 900 6250 356 867 6251 324 900 6252 323 901 6253 355 868 6254 323 901 6255 322 902 6256 354 869 6257 322 902 6258 321 903 6259 353 870 6260 321 903 6261 320 904 6262 352 871 6263 320 904 6264 319 905 6265 351 872 6266 319 905 6267 318 906 6268 350 873 6269 318 906 6270 317 907 6271 349 874 6272 317 907 6273 316 908 6274 348 875 6275 316 908 6276 315 909 6277 347 876 6278 315 909 6279 314 910 6280 346 877 6281 314 910 6282 313 911 6283 345 878 6284 313 911 6285 312 912 6286 344 879 6287 312 912 6288 311 913 6289 343 880 6290 311 913 6291 310 914 6292 342 881 6293 310 914 6294 309 915 6295 341 882 6296 309 915 6297 308 916 6298 340 883 6299 308 916 6300 307 917 6301 339 884 6302 307 917 6303 306 918 6304 338 885 6305 306 918 6306 305 919 6307 337 886 6308 305 919 6309 304 920 6310 336 887 6311 304 920 6312 303 921 6313 335 888 6314 303 921 6315 302 922 6316 334 889 6317 302 922 6318 301 923 6319 333 890 6320 301 923 6321 300 924 6322 332 891 6323 300 924 6324 299 925 6325 331 892 6326 299 925 6327 298 926 6328 330 893 6329 298 926 6330 297 927 6331 329 894 6332 297 927 6333 296 928 6334 328 895 6335 296 928 6336 295 45 6337 327 46 6338 1200 929 6339 294 963 6340 326 930 6341 1101 931 6342 293 932 6343 325 899 6344 293 932 6345 292 933 6346 324 900 6347 292 933 6348 291 934 6349 323 901 6350 291 934 6351 290 935 6352 322 902 6353 290 935 6354 289 936 6355 321 903 6356 289 936 6357 288 937 6358 320 904 6359 288 937 6360 287 938 6361 319 905 6362 287 938 6363 286 939 6364 318 906 6365 286 939 6366 285 940 6367 317 907 6368 285 940 6369 284 941 6370 316 908 6371 284 941 6372 283 942 6373 315 909 6374 283 942 6375 282 943 6376 314 910 6377 282 943 6378 281 944 6379 313 911 6380 281 944 6381 280 945 6382 312 912 6383 280 945 6384 279 946 6385 311 913 6386 279 946 6387 278 947 6388 310 914 6389 278 947 6390 277 948 6391 309 915 6392 277 948 6393 276 949 6394 308 916 6395 276 949 6396 275 950 6397 307 917 6398 275 950 6399 274 951 6400 306 918 6401 274 951 6402 273 952 6403 305 919 6404 273 952 6405 272 953 6406 304 920 6407 272 953 6408 271 954 6409 303 921 6410 271 954 6411 270 955 6412 302 922 6413 270 955 6414 269 956 6415 301 923 6416 269 956 6417 268 957 6418 300 924 6419 268 957 6420 267 958 6421 299 925 6422 267 958 6423 266 959 6424 298 926 6425 266 959 6426 265 960 6427 297 927 6428 265 960 6429 264 961 6430 296 928 6431 264 961 6432 263 44 6433 295 45 6434 1199 962 6435 262 996 6436 294 963 6437 1100 964 6438 261 965 6439 293 932 6440 261 965 6441 260 966 6442 292 933 6443 260 966 6444 259 967 6445 291 934 6446 259 967 6447 258 968 6448 290 935 6449 258 968 6450 257 969 6451 289 936 6452 257 969 6453 256 970 6454 288 937 6455 256 970 6456 255 971 6457 287 938 6458 255 971 6459 254 972 6460 286 939 6461 254 972 6462 253 973 6463 285 940 6464 253 973 6465 252 974 6466 284 941 6467 252 974 6468 251 975 6469 283 942 6470 251 975 6471 250 976 6472 282 943 6473 250 976 6474 249 977 6475 281 944 6476 249 977 6477 248 978 6478 280 945 6479 248 978 6480 247 979 6481 279 946 6482 247 979 6483 246 980 6484 278 947 6485 246 980 6486 245 981 6487 277 948 6488 245 981 6489 244 982 6490 276 949 6491 244 982 6492 243 983 6493 275 950 6494 243 983 6495 242 984 6496 274 951 6497 242 984 6498 241 985 6499 273 952 6500 241 985 6501 240 986 6502 272 953 6503 240 986 6504 239 987 6505 271 954 6506 239 987 6507 238 988 6508 270 955 6509 238 988 6510 237 989 6511 269 956 6512 237 989 6513 236 990 6514 268 957 6515 236 990 6516 235 991 6517 267 958 6518 235 991 6519 234 992 6520 266 959 6521 234 992 6522 233 993 6523 265 960 6524 233 993 6525 232 994 6526 264 961 6527 232 994 6528 231 42 6529 263 44 6530 1226 995 6531 1128 1160 6532 262 996 6533 1160 997 6534 1129 998 6535 261 965 6536 1129 998 6537 1130 999 6538 260 966 6539 1130 999 6540 1131 1000 6541 259 967 6542 1131 1000 6543 1132 1001 6544 258 968 6545 1132 1001 6546 1133 1002 6547 257 969 6548 1133 1002 6549 1134 1003 6550 256 970 6551 1134 1003 6552 1135 1004 6553 255 971 6554 1135 1004 6555 1136 1005 6556 254 972 6557 1136 1005 6558 1137 1006 6559 253 973 6560 1137 1006 6561 1138 1007 6562 252 974 6563 1138 1007 6564 1139 1008 6565 251 975 6566 1139 1008 6567 1140 1009 6568 250 976 6569 1140 1009 6570 1141 1010 6571 249 977 6572 1141 1010 6573 1142 1011 6574 248 978 6575 1142 1011 6576 1143 1012 6577 247 979 6578 1143 1012 6579 1144 1013 6580 246 980 6581 1144 1013 6582 1145 1014 6583 245 981 6584 1145 1014 6585 1146 1015 6586 244 982 6587 1146 1015 6588 1147 1016 6589 243 983 6590 1147 1016 6591 1148 1017 6592 242 984 6593 1148 1017 6594 1149 1018 6595 241 985 6596 1149 1018 6597 1150 1019 6598 240 986 6599 1150 1019 6600 1151 1020 6601 239 987 6602 1151 1020 6603 1152 1021 6604 238 988 6605 1152 1021 6606 1153 1022 6607 237 989 6608 1153 1022 6609 1154 1023 6610 236 990 6611 1154 1023 6612 1155 1024 6613 235 991 6614 1155 1024 6615 1156 1025 6616 234 992 6617 1156 1025 6618 1157 1026 6619 233 993 6620 1157 1026 6621 1158 1027 6622 232 994 6623 1158 1027 6624 1159 43 6625 231 42 6626 1197 1028 6627 198 1094 6628 230 1029 6629 1098 1031 6630 197 1034 6631 229 1032 6632 197 1034 6633 196 1036 6634 228 1035 6635 196 1036 6636 195 1038 6637 227 1037 6638 195 1038 6639 194 1040 6640 226 1039 6641 194 1040 6642 193 1042 6643 225 1041 6644 193 1042 6645 192 1044 6646 224 1043 6647 192 1044 6648 191 1046 6649 223 1045 6650 191 1046 6651 190 1048 6652 222 1047 6653 190 1048 6654 189 1050 6655 221 1049 6656 189 1050 6657 188 1052 6658 220 1051 6659 188 1052 6660 187 1054 6661 219 1053 6662 187 1054 6663 186 1056 6664 218 1055 6665 186 1056 6666 185 1058 6667 217 1057 6668 185 1058 6669 184 1060 6670 216 1059 6671 184 1060 6672 183 1062 6673 215 1061 6674 183 1062 6675 182 1064 6676 214 1063 6677 182 1064 6678 181 1066 6679 213 1065 6680 181 1066 6681 180 1068 6682 212 1067 6683 180 1068 6684 179 1070 6685 211 1069 6686 179 1070 6687 178 1072 6688 210 1071 6689 178 1072 6690 177 1074 6691 209 1073 6692 177 1074 6693 176 1076 6694 208 1075 6695 176 1076 6696 175 1078 6697 207 1077 6698 175 1078 6699 174 1080 6700 206 1079 6701 174 1080 6702 173 1082 6703 205 1081 6704 173 1082 6705 172 1084 6706 204 1083 6707 172 1084 6708 171 1086 6709 203 1085 6710 171 1086 6711 170 1088 6712 202 1087 6713 170 1088 6714 169 1090 6715 201 1089 6716 169 1090 6717 168 1092 6718 200 1091 6719 168 1092 6720 167 40 6721 199 41 6722 1196 1093 6723 166 1127 6724 198 1094 6725 1097 1095 6726 165 1096 6727 197 1034 6728 165 1096 6729 164 1097 6730 196 1036 6731 164 1097 6732 163 1098 6733 195 1038 6734 163 1098 6735 162 1099 6736 194 1040 6737 162 1099 6738 161 1100 6739 193 1042 6740 161 1100 6741 160 1101 6742 192 1044 6743 160 1101 6744 159 1102 6745 191 1046 6746 159 1102 6747 158 1103 6748 190 1048 6749 158 1103 6750 157 1104 6751 189 1050 6752 157 1104 6753 156 1105 6754 188 1052 6755 156 1105 6756 155 1106 6757 187 1054 6758 155 1106 6759 154 1107 6760 186 1056 6761 154 1107 6762 153 1108 6763 185 1058 6764 153 1108 6765 152 1109 6766 184 1060 6767 152 1109 6768 151 1110 6769 183 1062 6770 151 1110 6771 150 1111 6772 182 1064 6773 150 1111 6774 149 1112 6775 181 1066 6776 149 1112 6777 148 1113 6778 180 1068 6779 148 1113 6780 147 1114 6781 179 1070 6782 147 1114 6783 146 1115 6784 178 1072 6785 146 1115 6786 145 1116 6787 177 1074 6788 145 1116 6789 144 1117 6790 176 1076 6791 144 1117 6792 143 1118 6793 175 1078 6794 143 1118 6795 142 1119 6796 174 1080 6797 142 1119 6798 141 1120 6799 173 1082 6800 141 1120 6801 140 1121 6802 172 1084 6803 140 1121 6804 139 1122 6805 171 1086 6806 139 1122 6807 138 1123 6808 170 1088 6809 138 1123 6810 137 1124 6811 169 1090 6812 137 1124 6813 136 1125 6814 168 1092 6815 136 1125 6816 135 39 6817 167 40 6818 1195 1126 6819 134 1159 6820 166 1127 6821 1096 1128 6822 133 1129 6823 165 1096 6824 133 1129 6825 132 1130 6826 164 1097 6827 132 1130 6828 131 1131 6829 163 1098 6830 131 1131 6831 130 1132 6832 162 1099 6833 130 1132 6834 129 1133 6835 161 1100 6836 129 1133 6837 128 1134 6838 160 1101 6839 128 1134 6840 127 1135 6841 159 1102 6842 127 1135 6843 126 1136 6844 158 1103 6845 126 1136 6846 125 1137 6847 157 1104 6848 125 1137 6849 124 1138 6850 156 1105 6851 124 1138 6852 123 1139 6853 155 1106 6854 123 1139 6855 122 1140 6856 154 1107 6857 122 1140 6858 121 1141 6859 153 1108 6860 121 1141 6861 120 1142 6862 152 1109 6863 120 1142 6864 119 1143 6865 151 1110 6866 119 1143 6867 118 1144 6868 150 1111 6869 118 1144 6870 117 1145 6871 149 1112 6872 117 1145 6873 116 1146 6874 148 1113 6875 116 1146 6876 115 1147 6877 147 1114 6878 115 1147 6879 114 1148 6880 146 1115 6881 114 1148 6882 113 1149 6883 145 1116 6884 113 1149 6885 112 1150 6886 144 1117 6887 112 1150 6888 111 1151 6889 143 1118 6890 111 1151 6891 110 1152 6892 142 1119 6893 110 1152 6894 109 1153 6895 141 1120 6896 109 1153 6897 108 1154 6898 140 1121 6899 108 1154 6900 107 1155 6901 139 1122 6902 107 1155 6903 106 1156 6904 138 1123 6905 106 1156 6906 105 1157 6907 137 1124 6908 105 1157 6909 104 1158 6910 136 1125 6911 104 1158 6912 103 38 6913 135 39 6914 1194 75 6915 71 74 6916 134 1159 6917 1095 78 6918 72 77 6919 133 1129 6920 72 77 6921 73 80 6922 132 1130 6923 73 80 6924 74 82 6925 131 1131 6926 74 82 6927 75 84 6928 130 1132 6929 75 84 6930 76 86 6931 129 1133 6932 76 86 6933 77 88 6934 128 1134 6935 77 88 6936 78 90 6937 127 1135 6938 78 90 6939 79 92 6940 126 1136 6941 79 92 6942 80 94 6943 125 1137 6944 80 94 6945 81 96 6946 124 1138 6947 81 96 6948 82 98 6949 123 1139 6950 82 98 6951 83 100 6952 122 1140 6953 83 100 6954 84 102 6955 121 1141 6956 84 102 6957 85 104 6958 120 1142 6959 85 104 6960 86 106 6961 119 1143 6962 86 106 6963 87 108 6964 118 1144 6965 87 108 6966 88 110 6967 117 1145 6968 88 110 6969 89 112 6970 116 1146 6971 89 112 6972 90 114 6973 115 1147 6974 90 114 6975 91 116 6976 114 1148 6977 91 116 6978 92 118 6979 113 1149 6980 92 118 6981 93 120 6982 112 1150 6983 93 120 6984 94 122 6985 111 1151 6986 94 122 6987 95 124 6988 110 1152 6989 95 124 6990 96 126 6991 109 1153 6992 96 126 6993 97 128 6994 108 1154 6995 97 128 6996 98 130 6997 107 1155 6998 98 130 6999 99 132 7000 106 1156 7001 99 132 7002 100 134 7003 105 1157 7004 100 134 7005 101 136 7006 104 1158 7007 101 136 7008 102 36 7009 103 38 7010 71 74 7011 1095 78 7012 1096 1128 7013 134 1159 7014 1096 1128 7015 1097 1095 7016 166 1127 7017 1097 1095 7018 1098 1031 7019 198 1094 7020 1098 1031 7021 1099 1033 7022 1128 1160 7023 1160 997 7024 1100 964 7025 262 996 7026 1100 964 7027 1101 931 7028 294 963 7029 1101 931 7030 1102 898 7031 326 930 7032 1102 898 7033 1103 865 7034 358 897 7035 1103 865 7036 1104 832 7037 390 864 7038 1104 832 7039 1105 799 7040 422 831 7041 1105 799 7042 1106 766 7043 454 798 7044 1106 766 7045 1107 733 7046 486 765 7047 1107 733 7048 1108 700 7049 518 732 7050 1108 700 7051 1109 667 7052 550 699 7053 1109 667 7054 1110 634 7055 582 666 7056 1110 634 7057 1111 601 7058 614 633 7059 1111 601 7060 1112 568 7061 646 600 7062 1112 568 7063 1113 536 7064 678 567 7065 1113 536 7066 1114 503 7067 710 535 7068 1114 503 7069 1115 470 7070 742 502 7071 1115 470 7072 1116 437 7073 774 469 7074 1116 437 7075 1117 404 7076 806 436 7077 1117 404 7078 1118 371 7079 838 403 7080 1118 371 7081 1119 338 7082 870 370 7083 1119 338 7084 1120 305 7085 902 337 7086 1120 305 7087 1121 272 7088 934 304 7089 1121 272 7090 1122 239 7091 966 271 7092 1122 239 7093 1123 206 7094 998 238 7095 1123 206 7096 1124 173 7097 1030 205 7098 1124 173 7099 1125 140 7100 1062 172 7101 1125 140 7102 1126 76 7103 1094 139 7104 1126 76 7105 1095 78 7106 230 1029 7107 1099 1033 7108 1160 997 7109 200 1091 7110 199 41 7111 1159 43 7112 201 1089 7113 200 1091 7114 1158 1027 7115 202 1087 7116 201 1089 7117 1157 1026 7118 203 1085 7119 202 1087 7120 1156 1025 7121 204 1083 7122 203 1085 7123 1155 1024 7124 205 1081 7125 204 1083 7126 1154 1023 7127 206 1079 7128 205 1081 7129 1153 1022 7130 207 1077 7131 206 1079 7132 1152 1021 7133 208 1075 7134 207 1077 7135 1151 1020 7136 209 1073 7137 208 1075 7138 1150 1019 7139 210 1071 7140 209 1073 7141 1149 1018 7142 211 1069 7143 210 1071 7144 1148 1017 7145 212 1067 7146 211 1069 7147 1147 1016 7148 213 1065 7149 212 1067 7150 1146 1015 7151 214 1063 7152 213 1065 7153 1145 1014 7154 215 1061 7155 214 1063 7156 1144 1013 7157 216 1059 7158 215 1061 7159 1143 1012 7160 217 1057 7161 216 1059 7162 1142 1011 7163 218 1055 7164 217 1057 7165 1141 1010 7166 219 1053 7167 218 1055 7168 1140 1009 7169 220 1051 7170 219 1053 7171 1139 1008 7172 221 1049 7173 220 1051 7174 1138 1007 7175 222 1047 7176 221 1049 7177 1137 1006 7178 223 1045 7179 222 1047 7180 1136 1005 7181 224 1043 7182 223 1045 7183 1135 1004 7184 225 1041 7185 224 1043 7186 1134 1003 7187 226 1039 7188 225 1041 7189 1133 1002 7190 227 1037 7191 226 1039 7192 1132 1001 7193 228 1035 7194 227 1037 7195 1131 1000 7196 229 1032 7197 228 1035 7198 1130 999 7199 1099 1033 7200 229 1032 7201 1129 998 7202 1198 1030 7203 230 1029 7204 1128 1160 7205 42 1161 7206 1164 1171 7207 1193 1162 7208 38 1164 7209 1192 1223 7210 1161 1165 7211 39 1166 7212 1161 1165 7213 1162 1167 7214 40 1168 7215 1162 1167 7216 1163 1169 7217 41 1170 7218 1163 1169 7219 1164 1171 7220 1127 1163 7221 1193 1162 7222 1165 1172 7223 43 1173 7224 1165 1172 7225 1166 1174 7226 44 1175 7227 1166 1174 7228 1167 1176 7229 45 1177 7230 1167 1176 7231 1168 1178 7232 46 1179 7233 1168 1178 7234 1169 1180 7235 47 1181 7236 1169 1180 7237 1170 1182 7238 48 1183 7239 1170 1182 7240 1171 1184 7241 49 1185 7242 1171 1184 7243 1172 1186 7244 50 1187 7245 1172 1186 7246 1173 1188 7247 51 1189 7248 1173 1188 7249 1174 1190 7250 52 1191 7251 1174 1190 7252 1175 1192 7253 53 1193 7254 1175 1192 7255 1176 1194 7256 54 1195 7257 1176 1194 7258 1177 1196 7259 55 71 7260 1177 1196 7261 1178 1197 7262 56 1198 7263 1178 1197 7264 1179 1199 7265 57 1200 7266 1179 1199 7267 1180 1201 7268 58 1202 7269 1180 1201 7270 1181 1203 7271 59 1204 7272 1181 1203 7273 1182 1205 7274 60 1206 7275 1182 1205 7276 1183 1207 7277 61 1208 7278 1183 1207 7279 1184 1209 7280 62 1210 7281 1184 1209 7282 1185 1211 7283 63 1212 7284 1185 1211 7285 1186 1213 7286 64 1214 7287 1186 1213 7288 1187 1215 7289 65 1216 7290 1187 1215 7291 1188 1217 7292 66 1218 7293 1188 1217 7294 1189 1219 7295 67 1220 7296 1189 1219 7297 1190 1221 7298 68 69 7299 1190 1221 7300 1191 1222 7301 69 70 7302 1191 1222 7303 1192 1223 7304 1164 1171 7305 1198 1030 7306 1226 995 7307 1192 1223 7308 1194 75 7309 1195 1126 7310 1161 1165 7311 1195 1126 7312 1196 1093 7313 1162 1167 7314 1196 1093 7315 1197 1028 7316 1163 1169 7317 1197 1028 7318 1198 1030 7319 1193 1162 7320 1226 995 7321 1199 962 7322 1165 1172 7323 1199 962 7324 1200 929 7325 1166 1174 7326 1200 929 7327 1201 896 7328 1167 1176 7329 1201 896 7330 1202 863 7331 1168 1178 7332 1202 863 7333 1203 830 7334 1169 1180 7335 1203 830 7336 1204 797 7337 1170 1182 7338 1204 797 7339 1205 764 7340 1171 1184 7341 1205 764 7342 1206 731 7343 1172 1186 7344 1206 731 7345 1207 698 7346 1173 1188 7347 1207 698 7348 1208 665 7349 1174 1190 7350 1208 665 7351 1209 632 7352 1175 1192 7353 1209 632 7354 1210 599 7355 1176 1194 7356 1210 599 7357 1211 566 7358 1177 1196 7359 1211 566 7360 1212 534 7361 1178 1197 7362 1212 534 7363 1213 501 7364 1179 1199 7365 1213 501 7366 1214 468 7367 1180 1201 7368 1214 468 7369 1215 435 7370 1181 1203 7371 1215 435 7372 1216 402 7373 1182 1205 7374 1216 402 7375 1217 369 7376 1183 1207 7377 1217 369 7378 1218 336 7379 1184 1209 7380 1218 336 7381 1219 303 7382 1185 1211 7383 1219 303 7384 1220 270 7385 1186 1213 7386 1220 270 7387 1221 237 7388 1187 1215 7389 1221 237 7390 1222 204 7391 1188 1217 7392 1222 204 7393 1223 171 7394 1189 1219 7395 1223 171 7396 1224 138 7397 1190 1221 7398 1224 138 7399 1225 73 7400 1191 1222 7401 1225 73 7402 1194 75 7403 1254 1244 7458 1253 1249 7459 1262 1245 7460 1251 1245 7461 1252 1256 7462 1260 1247 7463 1253 1249 7464 1254 1244 7465 1258 1250 7466 1256 1252 7467 1255 1255 7468 1266 4 7469 1257 1251 7470 1258 1250 7471 1264 1253 7472 1255 1255 7473 1256 1252 7474 1252 1256 7475 1255 1255 7476 1251 1245 7477 1261 1248 7478 1253 1249 7479 1257 1251 7480 1265 1254 7481 1260 1247 7482 1252 1256 7483 1256 1252 7484 1264 1253 7485 1258 1250 7486 1254 1244 7487 1265 1254 7488 1264 1253 7489 1259 1246 7490 1260 1247 7491 1263 11 7492 1266 4 7493 1268 1257 7494 1269 1257 7495 1267 1257 7496 1270 1258 7497 1273 1258 7498 1269 1258 7499 1272 16 7500 1267 16 7501 1271 16 7502 1273 1259 7503 1267 1259 7504 1269 1259 7505 1270 1260 7506 1272 1260 7507 1274 1260 7508 1278 1261 7509 1275 1261 7510 1277 1261 7511 1268 1257 7512 1270 1257 7513 1269 1257 7514 1270 1258 7515 1274 1258 7516 1273 1258 7517 1272 16 7518 1268 16 7519 1267 16 7520 1273 1259 7521 1271 1259 7522 1267 1259 7523 1270 1260 7524 1268 1260 7525 1272 1260 7526 1278 1261 7527 1276 1261 7528 1275 1261 7529</p>
        </triangles>
        <triangles count="36">
          <input semantic="VERTEX" source="#Cube_001-mesh-vertices" offset="0"/>
          <input semantic="NORMAL" source="#Cube_001-mesh-normals" offset="1"/>
          <input semantic="TEXCOORD" source="#Cube_001-mesh-map-0" offset="2" set="0"/>
          <p>1227 1224 3639 1233 1225 3640 1229 1226 3641 1230 1227 3642 1233 1225 3643 1234 1228 3644 1234 1228 3645 1231 1229 3646 1232 1230 3647 1232 1230 3648 1230 1227 3649 1234 1228 3650 1228 1231 3651 1229 1226 3652 1230 1227 3653 1232 1230 3654 1227 1224 3655 1228 1231 3656 1235 1224 3657 1241 1225 3658 1237 1232 3659 1238 1233 3660 1241 1225 3661 1242 1228 3662 1242 1228 3663 1239 1234 3664 1240 1235 3665 1240 1235 3666 1238 1233 3667 1242 1228 3668 1236 1231 3669 1237 1232 3670 1238 1233 3671 1240 1235 3672 1235 1224 3673 1236 1231 3674 1243 1236 3675 1246 1237 3676 1245 1238 3677 1245 1238 3678 1250 1239 3679 1249 1240 3680 1249 1240 3681 1248 1241 3682 1247 1242 3683 1247 1242 3684 1244 1243 3685 1243 1236 3686 1245 1238 3687 1247 1242 3688 1243 1236 3689 1250 1239 3690 1244 1243 3691 1248 1241 3692 1227 1224 7404 1231 1229 7405 1233 1225 7406 1230 1227 7407 1229 1226 7408 1233 1225 7409 1234 1228 7410 1233 1225 7411 1231 1229 7412 1232 1230 7413 1228 1231 7414 1230 1227 7415 1228 1231 7416 1227 1224 7417 1229 1226 7418 1232 1230 7419 1231 1229 7420 1227 1224 7421 1235 1224 7422 1239 1234 7423 1241 1225 7424 1238 1233 7425 1237 1232 7426 1241 1225 7427 1242 1228 7428 1241 1225 7429 1239 1234 7430 1240 1235 7431 1236 1231 7432 1238 1233 7433 1236 1231 7434 1235 1224 7435 1237 1232 7436 1240 1235 7437 1239 1234 7438 1235 1224 7439 1243 1236 7440 1244 1243 7441 1246 1237 7442 1245 1238 7443 1246 1237 7444 1250 1239 7445 1249 1240 7446 1250 1239 7447 1248 1241 7448 1247 1242 7449 1248 1241 7450 1244 1243 7451 1245 1238 7452 1249 1240 7453 1247 1242 7454 1250 1239 7455 1246 1237 7456 1244 1243 7457</p>
        </triangles>
      </mesh>
    </geometry>
  </library_geometries>
  <library_visual_scenes>
    <visual_scene id="Scene" name="Scene">
      <node id="tmp_export_Cube_001" name="tmp_export_Cube.001" type="NODE">
        <matrix sid="transform">1 0 0 0 0 1 0 0 0 0 1 0 0 0 0 1</matrix>
        <instance_geometry url="#Cube_001-mesh" name="tmp_export_Cube.001">
          <bind_material>
            <technique_common>
              <instance_material symbol="chasis-material" target="#chasis-material">
                <bind_vertex_input semantic="UVMap" input_semantic="TEXCOORD" input_set="0"/>
              </instance_material>
            </technique_common>
          </bind_material>
        </instance_geometry>
      </node>
    </visual_scene>
  </library_visual_scenes>
  <scene>
    <instance_visual_scene url="#Scene"/>
  </scene>
</COLLADA>